URN,SchoolName,Status,Phase,AdmPolicy
100049,Haverstock School,Open,Secondary,Non-selective
100050,Parliament Hill School,Open,Secondary,Non-selective
100051,Regent High School,Open,Secondary,Non-selective
100052,Hampstead School,Open,Secondary,Non-selective
100053,Acland Burghley School,Open,Secondary,Non-selective
100054,The Camden School for Girls,Open,Secondary,Non-selective
100055,Maria Fidelis Catholic School FCJ,Open,Secondary,Non-selective
100056,William Ellis School,Open,Secondary,Non-selective
100059,La Sainte Union Catholic Secondary School,Open,Secondary,Non-selective
100182,Eltham Hill School,Open,Secondary,Non-selective
100183,Plumstead Manor School,Open,Secondary,Non-selective
100190,Thomas Tallis School,Open,Secondary,Non-selective
100193,St Ursula's Convent School,Open,Secondary,Non-selective
100279,Stoke Newington School and Sixth Form,Open,Secondary,Non-selective
100282,All Saints Catholic High School,Open,Secondary,Non-selective
100284,The Urswick School - A Church of England Secondary School,Open,Secondary,Non-selective
100455,Highbury Fields School,Open,Secondary,Non-selective
100457,Elizabeth Garrett Anderson School,Open,Secondary,Non-selective
100458,Central Foundation Boys' School,Open,Secondary,Non-selective
100503,All Saints Catholic College,Open,Secondary,Non-selective
100624,The Norwood School,Open,Secondary,Non-selective
100625,Lilian Baylis Technology School,Open,Secondary,Non-selective
100627,Saint Gabriel's College,Open,Secondary,Non-selective
100637,La Retraite Roman Catholic Girls' School,Open,Secondary,Non-selective
100638,Bishop Thomas Grant Catholic Secondary School,Open,Secondary,Non-selective
100740,Deptford Green School,Open,Secondary,Non-selective
100741,Sydenham School,Open,Secondary,Non-selective
100745,Forest Hill School,Open,Secondary,Non-selective
100748,Addey and Stanhope School,Open,Secondary,Non-selective
100849,St Saviour's and St Olave's Church of England School,Open,Secondary,Non-selective
100857,The St Thomas the Apostle College,Open,Secondary,Non-selective
100965,Bow School,Open,Secondary,Non-selective
100966,Langdon Park Community School,Open,Secondary,Non-selective
100967,Morpeth School,Open,Secondary,Non-selective
100972,Oaklands School,Open,Secondary,Non-selective
100973,Swanlea School,Open,Secondary,Non-selective
100974,George Green's School,Open,Secondary,Non-selective
100975,Central Foundation Girls' School,Open,Secondary,Non-selective
100977,Stepney All Saints Church of England Secondary School,Open,Secondary,Non-selective
101154,St Augustine's Federated Schools: CE High School,Open,Secondary,Non-selective
101241,"Barking Abbey School, A Specialist Sports and Humanities College",Open,Secondary,Non-selective
101247,All Saints Catholic School and Technology College,Open,Secondary,Non-selective
101345,Friern Barnet School,Open,Secondary,Non-selective
101361,St Michael's Catholic Grammar School,Open,Secondary,Selective
101362,Finchley Catholic High School,Open,Secondary,Non-selective
101364,St James' Catholic High School,Open,Secondary,Non-selective
101564,Newman Catholic College,Open,Secondary,Non-selective
101676,St Olave's and St Saviour's Grammar School,Open,Secondary,Selective
101811,Archbishop Tenison's CofE High School,Open,Secondary,Non-selective
101814,St Mary's Catholic High School,Open,Secondary,Non-selective
101821,Thomas More Catholic School,Open,Secondary,Non-selective
101928,Villiers High School,Open,Secondary,Non-selective
101934,The Cardinal Wiseman Catholic School,Open,Secondary,Non-selective
101939,Brentside High School,Open,Secondary,Non-selective
101940,Greenford High School,Open,Secondary,Non-selective
101941,The Ellen Wilkinson School for Girls,Open,Secondary,Non-selective
101943,Islip Manor High School,Open,Secondary,Non-selective
102045,Winchmore School,Open,Secondary,Non-selective
102048,Enfield County School for Girls,Open,Secondary,Non-selective
102049,Chace Community School,Open,Secondary,Non-selective
102052,Bishop Stopford's School,Open,Secondary,Non-selective
102053,St Anne's Catholic High School for Girls,Open,Secondary,Non-selective
102055,The Latymer School,Open,Secondary,Selective
102056,Laurel Park School,Open,Secondary,Non-selective
102058,St Ignatius College,Open,Secondary,Non-selective
102153,Hornsey School for Girls,Open,Secondary,Non-selective
102154,Highgate Wood Secondary School,Open,Secondary,Non-selective
102156,Fortismere School,Open,Secondary,Non-selective
102157,Gladesmore Community School,Open,Secondary,Non-selective
102239,Whitmore High School,Open,Secondary,Non-selective
102449,Oak Wood School,Open,Secondary,Non-selective
102451,Harlington School,Open,Secondary,Non-selective
102539,The Heathland School,Open,Secondary,Non-selective
102545,Gunnersbury Catholic School,Open,Secondary,Non-selective
102673,Ricards Lodge High School,Open,Secondary,Non-selective
102674,Raynes Park High School,Open,Secondary,Non-selective
102679,Rutlish School,Open,Secondary,Non-selective
102681,Wimbledon College,Open,Secondary,Non-selective
102776,Little Ilford School,Open,Secondary,Non-selective
102786,St Angela's Ursuline School,Open,Secondary,Non-selective
102787,St Bonaventure's RC School,Open,Secondary,Non-selective
102849,Caterham High School,Open,Secondary,Non-selective
102850,Ilford County High School,Open,Secondary,Selective
102851,Wanstead High School,Open,Secondary,Non-selective
102852,Woodford County High School,Open,Secondary,Selective
102854,Woodbridge High School,Open,Secondary,Non-selective
102857,Valentines High School,Open,Secondary,Non-selective
102858,Mayfield School,Open,Secondary,Non-selective
102860,Trinity Catholic High School,Open,Secondary,Non-selective
102861,King Solomon High School,Open,Secondary,Non-selective
102929,Christ's Church of England Comprehensive Secondary School,Open,Secondary,Non-selective
103009,The John Fisher School,Open,Secondary,Non-selective
103013,St Philomena's Catholic High School for Girls,Open,Secondary,Non-selective
103094,Frederick Bremer School,Open,Secondary,Non-selective
103097,Heathcote School & Science College,Open,Secondary,Non-selective
103100,Willowfield School,Open,Secondary,Non-selective
103101,Leytonstone School,Open,Secondary,Non-selective
103103,Walthamstow School for Girls,Open,Secondary,Non-selective
103105,Kelmscott School,Open,Secondary,Non-selective
103106,Holy Family Catholic School,Open,Secondary,Non-selective
103483,Hodge Hill Girls' School,Open,Secondary,Non-selective
103486,Kings Heath Secondary School,Open,Secondary,Non-selective
103493,Bordesley Green Girls' School & Sixth Form,Open,Secondary,Non-selective
103497,Queensbridge School,Open,Secondary,Non-selective
103498,Selly Park Girls' School,Open,Secondary,Non-selective
103501,Wheelers Lane Technology College,Open,Secondary,Non-selective
103503,Hodge Hill College,Open,Secondary,Non-selective
103509,Holte School,Open,Secondary,Non-selective
103519,Moseley School and Sixth Form,Open,Secondary,Non-selective
103531,St Paul's School for Girls,Open,Secondary,Non-selective
103534,St John Wall Catholic School,Open,Secondary,Non-selective
103539,Cardinal Wiseman Catholic School,Open,Secondary,Non-selective
103560,Bishop Challoner Catholic College,Open,Secondary,Non-selective
103563,Colmers School and Sixth Form College,Open,Secondary,Non-selective
103854,Summerhill School,Open,Secondary,Non-selective
103855,The Dormston School,Open,Secondary,Non-selective
103870,Old Swinford Hospital,Open,Secondary,Non-selective
104018,Holly Lodge High School College of Science,Open,Secondary,Non-selective
104019,St Michael's Church of England High School,Open,Secondary,Non-selective
104255,St Francis of Assisi Catholic College,Open,Secondary,Non-selective
104259,"St Thomas More Catholic School, Willenhall",Open,Secondary,Non-selective
104387,St Matthias School,Open,Secondary,Non-selective
104395,Colton Hills Community School,Open,Secondary,Non-selective
104688,Holly Lodge Girls' College,Open,Secondary,Non-selective
104698,Calderstones School,Open,Secondary,Non-selective
104703,King David High School,Open,Secondary,Non-selective
104712,St Julie's Catholic High School,Open,Secondary,Non-selective
104713,Broughton Hall Catholic High School,Open,Secondary,Non-selective
104714,Cardinal Heenan Catholic High School,Open,Secondary,Non-selective
104715,St John Bosco Arts College,Open,Secondary,Non-selective
104717,Archbishop Beck Catholic College,Open,Secondary,Non-selective
104721,St Hilda's Church of England High School,Open,Secondary,Non-selective
104829,Cowley International College,Open,Secondary,Non-selective
104835,St Cuthbert's Catholic High School,Open,Secondary,Non-selective
104960,Maricourt Catholic High School,Open,Secondary,Non-selective
104962,Holy Family Catholic High School,Open,Secondary,Non-selective
104964,Christ The King Catholic High School and Sixth Form Centre,Open,Secondary,Non-selective
105097,Ridgeway High School,Open,Secondary,Non-selective
105101,Pensby High School,Open,Secondary,Non-selective
105103,The Mosslands School,Open,Secondary,Non-selective
105135,St Paul's Academy,Open,Secondary,Non-selective
105252,Westhoughton High School,Open,Secondary,Non-selective
105253,Turton School,Open,Secondary,Non-selective
105262,St Joseph's RC High School,Open,Secondary,Non-selective
105264,Thornleigh Salesian College,Open,Secondary,Non-selective
105354,The Elton High School,Open,Secondary,Non-selective
105355,The Derby High School,Open,Secondary,Non-selective
105574,Loreto High School Chorlton,Open,Secondary,Non-selective
105576,Our Lady's RC High School,Open,Secondary,Non-selective
105581,The Barlow RC High School and Specialist Science College,Open,Secondary,Non-selective
105844,Cardinal Langley Roman Catholic High School,Open,Secondary,Non-selective
105986,St Patrick's RC High School,Open,Secondary,Non-selective
105989,St Ambrose Barlow RC High School,Open,Secondary,Non-selective
106135,Stockport School,Open,Secondary,Non-selective
106139,Bramhall High School,Open,Secondary,Non-selective
106142,St James' Catholic High School,Open,Secondary,Non-selective
106143,Harrytown Catholic High School,Open,Secondary,Non-selective
106270,St Damian's RC Science College,Open,Secondary,Non-selective
106271,St Thomas More RC College,Open,Secondary,Non-selective
106365,Lostock High School,Open,Secondary,Non-selective
106368,Stretford Grammar School,Open,Secondary,Selective
106370,Stretford High School,Open,Secondary,Non-selective
106376,Blessed Thomas Holford Catholic College,Open,Secondary,Non-selective
106521,Cansfield High School,Open,Secondary,Non-selective
106523,Bedford High School,Open,Secondary,Non-selective
106525,Golborne High School,Open,Secondary,Non-selective
106529,Shevington High School,Open,Secondary,Non-selective
106534,The Deanery Church of England High School and Sixth Form College,Open,Secondary,Non-selective
106535,St John Fisher Catholic High School,Open,Secondary,Non-selective
106537,St Peter's Catholic High School,Open,Secondary,Non-selective
106538,St Mary's Catholic High School,Open,Secondary,Non-selective
106540,"St Edmund Arrowsmith Catholic High School, Ashton-in-Makerfield",Open,Secondary,Non-selective
106653,Penistone Grammar School,Open,Secondary,Non-selective
107140,King Edward VII School,Open,Secondary,Non-selective
107395,Titus Salt School,Open,Secondary,Non-selective
107439,Bingley Grammar School,Open,Secondary,Non-selective
107756,Netherhall Learning Campus High School,Open,Secondary,Non-selective
107769,Holmfirth High School,Open,Secondary,Non-selective
107775,Westborough High School,Open,Secondary,Non-selective
107778,Spen Valley High School,Open,Secondary,Non-selective
107782,All Saints Catholic College,Open,Secondary,Non-selective
108055,Lawnswood School,Open,Secondary,Non-selective
108057,Allerton High School,Open,Secondary,Non-selective
108058,Allerton Grange School,Open,Secondary,Non-selective
108075,Ralph Thoresby School,Open,Secondary,Non-selective
108079,Pudsey Grammar School,Open,Secondary,Non-selective
108085,Guiseley School,Open,Secondary,Non-selective
108088,Wetherby High School,Open,Secondary,Non-selective
108095,Cardinal Heenan Catholic High School,Open,Secondary,Non-selective
108097,Mount St Mary's Catholic High School,Open,Secondary,Non-selective
108271,Kettlethorpe High School,Open,Secondary,Non-selective
108410,Kingsmeadow Community School,Open,Secondary,Non-selective
108627,Marden High School,Open,Secondary,Non-selective
108628,Norham High School,Open,Secondary,Non-selective
108638,Whitley Bay High School,Open,Secondary,Non-selective
108639,George Stephenson High School,Open,Secondary,Non-selective
108640,Burnside College,Open,Secondary,Non-selective
108642,Monkseaton High School,Open,Secondary,Non-selective
108645,Longbenton High School,Open,Secondary,Non-selective
108727,Mortimer Community College,Open,Secondary,Non-selective
108730,Boldon School,Open,Secondary,Non-selective
108731,Hebburn Comprehensive School,Open,Secondary,Non-selective
109319,Brimsham Green School,Open,Secondary,Non-selective
109327,St Mary Redcliffe and Temple School,Open,Secondary,Non-selective
109329,Saint Gregory's Catholic College,Open,Secondary,Non-selective
109331,St Bernadette Catholic Secondary School,Open,Secondary,Non-selective
109669,Sandy Secondary School,Open,Secondary,Non-selective
109686,Lealands High School,Open,Secondary,Non-selective
109690,Biddenham International School and Sports College,Open,Secondary,Non-selective
109694,Edward Peake CofE VC School,Open,Secondary,Not applicable
109707,Queen Elizabeth School,Open,Secondary,Non-selective
110048,The Willink School,Open,Secondary,Non-selective
110063,Little Heath School,Open,Secondary,Non-selective
110069,Garth Hill College,Open,Secondary,Non-selective
110078,Wexham School,Open,Secondary,Non-selective
110084,St Bernard's Catholic Grammar School,Open,Secondary,Selective
110102,The Downs School,Open,Secondary,Non-selective
110107,Blessed Hugh Faringdon Catholic School,Open,Secondary,Non-selective
110484,Buckingham School,Open,Secondary,Non-selective
110488,The Grange School,Open,Secondary,Non-selective
110500,Cressex Community School,Open,Secondary,Non-selective
110517,St Paul's Catholic School,Open,Secondary,Non-selective
110532,The Radcliffe School,Open,Secondary,Non-selective
110533,The Cottesloe School,Open,Secondary,Non-selective
111396,"Blacon High School, A Specialist Sports College",Open,Secondary,Non-selective
111417,Ruskin Community High School,Open,Secondary,Non-selective
111422,Upton-by-Chester High School,Open,Secondary,Non-selective
111424,Bishop Heber High School,Open,Secondary,Non-selective
111429,The Whitby High School,Open,Secondary,Non-selective
111430,Culcheth High School,Open,Secondary,Non-selective
111440,Helsby High School,Open,Secondary,Non-selective
111443,Wilmslow High School,Open,Secondary,Non-selective
111450,St Nicholas Catholic High School,Open,Secondary,Non-selective
111454,St Gregory's Catholic High School,Open,Secondary,Non-selective
111456,Cardinal Newman Catholic High School,Open,Secondary,Non-selective
111457,Saints Peter and Paul Catholic High School,Open,Secondary,Non-selective
111731,Northfield School and Sports College,Open,Secondary,Non-selective
111748,High Tunstall College of Science,Open,Secondary,Non-selective
112041,Torpoint Community College,Open,Secondary,Non-selective
112045,Budehaven Community School,Open,Secondary,Non-selective
112054,Redruth School,Open,Secondary,Non-selective
112055,Richard Lander School,Open,Secondary,Non-selective
112067,Humphry Davy School,Open,Secondary,Non-selective
112375,Beacon Hill Community School,Open,Secondary,Non-selective
112377,Solway Community School,Open,Secondary,Non-selective
112378,Samuel King's School,Open,Secondary,Non-selective
112379,The Lakes School,Open,Secondary,Non-selective
112382,Netherhall School,Open,Secondary,Non-selective
112383,Dowdales School,Open,Secondary,Non-selective
112384,John Ruskin School,Open,Secondary,Non-selective
112385,Ulverston Victoria High School,Open,Secondary,Non-selective
112388,Millom School,Open,Secondary,Non-selective
112393,Ullswater Community College,Open,Secondary,Non-selective
112397,The Nelson Thomlinson School,Open,Secondary,Non-selective
112398,St Benedict's Catholic High School,Open,Secondary,Non-selective
112399,St John Henry Newman Catholic School,Open,Secondary,Non-selective
112932,Chapel-en-le-Frith High School,Open,Secondary,Non-selective
112936,New Mills School,Open,Secondary,Non-selective
112949,Tibshelf Community School,Open,Secondary,Non-selective
112956,Littleover Community School,Open,Secondary,Non-selective
112958,Whittington Green School,Open,Secondary,Non-selective
112969,Dronfield Henry Fanshawe School,Open,Secondary,Non-selective
112989,Belper School and Sixth Form Centre,Open,Secondary,Non-selective
112991,Murray Park Community School,Open,Secondary,Non-selective
112996,Lady Manners School,Open,Secondary,Non-selective
113512,South Molton Community College,Open,Secondary,Non-selective
113526,The Spires College,Open,Secondary,Non-selective
113533,Sir John Hunt Community Sports College,Open,Secondary,Non-selective
113551,St Cuthbert Mayne School,Open,Secondary,Non-selective
113553,St Peter's Church of England Aided School,Open,Secondary,Non-selective
113854,Ferndown Upper School,Open,Secondary,Non-selective
113863,Lytchett Minster School,Open,Secondary,Non-selective
113882,Gillingham School,Open,Secondary,Non-selective
113884,Beaminster School,Open,Secondary,Non-selective
113888,The Blandford School,Open,Secondary,Non-selective
113893,"St Edward's Roman Catholic/Church of England School, Poole",Open,Secondary,Non-selective
113901,The Woodroffe School,Open,Secondary,Non-selective
114308,Belmont Community School,Open,Secondary,Non-selective
114312,Durham Johnston Comprehensive School,Open,Secondary,Non-selective
114579,Varndean School,Open,Secondary,Non-selective
114580,Dorothy Stringer School,Open,Secondary,Non-selective
114581,Longhill High School,Open,Secondary,Non-selective
114584,Claverham Community College,Open,Secondary,Non-selective
114587,Heathfield Community College,Open,Secondary,Non-selective
114590,Uckfield College,Open,Secondary,Non-selective
114592,Willingdon Community School,Open,Secondary,Non-selective
114594,Chailey School,Open,Secondary,Non-selective
114598,Priory School,Open,Secondary,Non-selective
114606,Blatchington Mill School,Open,Secondary,Non-selective
114607,Hove Park School and Sixth Form Centre,Open,Secondary,Non-selective
114608,Patcham High School,Open,Secondary,Non-selective
114611,Cardinal Newman Catholic School,Open,Secondary,Non-selective
115237,De La Salle School,Open,Secondary,Non-selective
115238,"St John Payne Catholic School, Chelmsford",Open,Secondary,Non-selective
115239,Grays Convent High School,Open,Secondary,Non-selective
115322,Beauchamps High School,Open,Secondary,Non-selective
115382,St Benedict's Catholic College,Open,Secondary,Non-selective
115723,Archway School,Open,Secondary,Non-selective
115758,Rednock School,Open,Secondary,Non-selective
115772,Pittville School,Open,Secondary,Non-selective
115775,Maidenhill School,Open,Secondary,Non-selective
116405,John Hanson Community School,Open,Secondary,Non-selective
116411,The Toynbee School,Open,Secondary,Non-selective
116412,Court Moor School,Open,Secondary,Non-selective
116413,The Hamble School,Open,Secondary,Non-selective
116418,Portchester Community School,Open,Secondary,Non-selective
116419,Brookfield Community School,Open,Secondary,Non-selective
116422,The Hurst School,Open,Secondary,Non-selective
116423,The Hayling College,Open,Secondary,Non-selective
116424,Swanmore College,Open,Secondary,Non-selective
116428,Crookhorn College,Open,Secondary,Non-selective
116430,The Clere School,Open,Secondary,Non-selective
116431,Harrow Way Community School,Open,Secondary,Non-selective
116432,Cranbourne,Open,Secondary,Non-selective
116433,Yateley School,Open,Secondary,Non-selective
116436,Calthorpe Park School,Open,Secondary,Non-selective
116437,Horndean Technology College,Open,Secondary,Non-selective
116438,Henry Beaufort School,Open,Secondary,Non-selective
116440,The Vyne Community School,Open,Secondary,Non-selective
116445,Crestwood Community School,Open,Secondary,Non-selective
116446,Cove School,Open,Secondary,Non-selective
116448,The Wavell School,Open,Secondary,Non-selective
116453,Redbridge Community School,Open,Secondary,Non-selective
116458,Bitterne Park School,Open,Secondary,Non-selective
116465,Woodlands Community College,Open,Secondary,Non-selective
116466,The Henry Cort Community College,Open,Secondary,Non-selective
116468,Kings' School,Open,Secondary,Non-selective
116469,Cantell School,Open,Secondary,Non-selective
116473,Park Community School,Open,Secondary,Non-selective
116475,Warblington School,Open,Secondary,Non-selective
116478,Bishop Challoner Catholic Secondary School,Open,Secondary,Non-selective
116502,Testbourne Community School,Open,Secondary,Non-selective
116504,Applemore College,Open,Secondary,Non-selective
116505,St Edmund's Catholic School,Open,Secondary,Non-selective
116506,Purbrook Park School,Open,Secondary,Non-selective
116507,Saint George Catholic Voluntary Aided College Southampton,Open,Secondary,Non-selective
116936,Aylestone School,Open,Secondary,Non-selective
116941,Earl Mortimer College,Open,Secondary,Non-selective
116952,Weobley High School,Open,Secondary,Non-selective
116991,The Bishop of Hereford's Bluecoat School,Open,Secondary,Non-selective
116992,St Mary's RC High School,Open,Secondary,Non-selective
116999,Blessed Edward Oldcorne Catholic College,Open,Secondary,Non-selective
117499,The Priory School,Open,Secondary,Non-selective
117504,Fearnhill School,Open,Secondary,Non-selective
117518,Barnwell School,Open,Secondary,Non-selective
117530,The Nobel School,Open,Secondary,Non-selective
117534,Marriotts School,Open,Secondary,Non-selective
117552,The Astley Cooper School,Open,Secondary,Non-selective
117555,Townsend Church of England School,Open,Secondary,Non-selective
117577,The Bishop's Stortford High School,Open,Secondary,Non-selective
117578,Ashlyns School,Open,Secondary,Non-selective
118072,Beverley High School,Open,Secondary,Non-selective
118073,Longcroft School and Sixth Form College,Open,Secondary,Non-selective
118075,Withernsea High School,Open,Secondary,Non-selective
118076,The Market Weighton School,Open,Secondary,Non-selective
118082,Hornsea School and Language College,Open,Secondary,Non-selective
118085,Headlands School,Open,Secondary,Non-selective
118097,Frederick Gough School,Open,Secondary,Non-selective
118109,Baysgarth School,Open,Secondary,Non-selective
118111,Bridlington School,Open,Secondary,Non-selective
118112,Sir John Nelthorpe School,Open,Secondary,Non-selective
118785,Dartford Science & Technology College,Open,Secondary,Non-selective
118788,Northfleet School for Girls,Open,Secondary,Non-selective
118789,Tunbridge Wells Girls' Grammar School,Open,Secondary,Selective
118790,Tunbridge Wells Grammar School for Boys,Open,Secondary,Selective
118806,Dover Grammar School for Girls,Open,Secondary,Selective
118835,Maidstone Grammar School,Open,Secondary,Selective
118836,Maidstone Grammar School for Girls,Open,Secondary,Selective
118840,Simon Langton Girls' Grammar School,Open,Secondary,Selective
118843,The Judd School,Open,Secondary,Selective
118879,Thamesview School,Open,Secondary,Non-selective
118884,Simon Langton Grammar School for Boys,Open,Secondary,Selective
118897,The Malling School,Open,Secondary,Non-selective
118898,The Archbishop's School,Open,Secondary,Non-selective
118908,St John Fisher Catholic Comprehensive School,Open,Secondary,Non-selective
118928,Northfleet Technology College,Open,Secondary,Non-selective
118931,Dover Grammar School for Boys,Open,Secondary,Selective
118933,St John's Catholic Comprehensive,Open,Secondary,Non-selective
119707,Ashton Community Science College,Open,Secondary,Non-selective
119714,Millfield Science & Performing Arts College,Open,Secondary,Non-selective
119722,Alder Grange School,Open,Secondary,Non-selective
119753,Whitworth Community High School,Open,Secondary,Non-selective
119759,Broughton High School,Open,Secondary,Non-selective
119765,Penwortham Girls' High School,Open,Secondary,Non-selective
119767,Haslingden High School and Sixth Form,Open,Secondary,Non-selective
119771,Fleetwood High School,Open,Secondary,Non-selective
119773,Moor Park High School and Sixth Form,Open,Secondary,Non-selective
119774,Lathom High School : A Technology College,Open,Secondary,Non-selective
119775,Balshaw's Church of England High School,Open,Secondary,Non-selective
119779,Our Lady's Catholic High School,Open,Secondary,Non-selective
119780,Corpus Christi Catholic High School,Open,Secondary,Non-selective
119782,Our Lady Queen of Peace Catholic High School,Open,Secondary,Non-selective
119784,Brownedge St Mary's Catholic High School,Open,Secondary,Non-selective
119785,Ss John Fisher and Thomas More Roman Catholic High School,Open,Secondary,Non-selective
119788,"St Bede's Catholic High School, Lytham",Open,Secondary,Non-selective
119789,Saint Aidan's Church of England High School,Open,Secondary,Non-selective
119792,St Bede's Catholic High School,Open,Secondary,Non-selective
119793,"St Bede's Roman Catholic High School, Blackburn",Open,Secondary,Non-selective
119794,Hutton Church of England Grammar School,Open,Secondary,Non-selective
119798,Our Lady's Catholic College,Open,Secondary,Non-selective
119799,"Cardinal Allen Catholic High School, Fleetwood",Open,Secondary,Non-selective
119800,St Cecilia's RC High School,Open,Secondary,Non-selective
119802,All Hallows Catholic High School,Open,Secondary,Non-selective
119803,Holy Cross Catholic High School,Open,Secondary,Non-selective
119804,"Mount Carmel Roman Catholic High School, Hyndburn",Open,Secondary,Non-selective
119813,Baines School,Open,Secondary,Non-selective
119814,Archbishop Temple Church of England High School,Open,Secondary,Non-selective
119816,St Mary's Catholic High School,Open,Secondary,Non-selective
120277,Crown Hills Community College,Open,Secondary,Non-selective
120281,Beaumont Leys School,Open,Secondary,Non-selective
120292,Moat Community College,Open,Secondary,Non-selective
120298,Fullhurst Community College,Open,Secondary,Non-selective
120642,Spalding High School,Open,Secondary,Selective
120655,"The Queen Elizabeth's High School, Gainsborough",Open,Secondary,Selective
121164,Aylsham High School,Open,Secondary,Non-selective
121663,Risedale School,Open,Secondary,Non-selective
121666,Thirsk School & Sixth Form College,Open,Secondary,Non-selective
121667,Whitby School,Open,Secondary,Non-selective
121670,Bedale High School,Open,Secondary,Non-selective
121673,Huntington School,Open,Secondary,Non-selective
121679,Wensleydale School,Open,Secondary,Non-selective
121687,King James's School,Open,Secondary,Non-selective
121689,Settle College,Open,Secondary,Non-selective
121690,Upper Wharfedale School,Open,Secondary,Non-selective
121694,Ripon Grammar School,Open,Secondary,Selective
121699,Boroughbridge High School,Open,Secondary,Non-selective
121702,Selby High School Specialist School for the Arts and Science,Open,Secondary,Non-selective
121711,Joseph Rowntree School,Open,Secondary,Non-selective
121716,Ermysted's Grammar School,Open,Secondary,Selective
122066,The Latimer Arts College,Open,Secondary,Non-selective
122328,Haydon Bridge High School,Open,Secondary,Non-selective
122363,James Calvert Spence College,Open,Secondary,Not applicable
122374,Seaton Valley High School,Open,Secondary,Non-selective
122854,Chilwell School,Open,Secondary,Non-selective
123236,Carterton Community College,Open,Secondary,Non-selective
123564,"The Community College, Bishop's Castle",Open,Secondary,Non-selective
123878,Robert Blake School,Open,Secondary,Non-selective
123893,Wadham School,Open,Secondary,Non-selective
124392,Paget High School,Open,Secondary,Non-selective
124395,Norton Canes High School,Open,Secondary,Non-selective
124400,Codsall Community High School,Open,Secondary,Non-selective
124408,King Edward VI School,Open,Secondary,Non-selective
124449,Abbot Beyne School,Open,Secondary,Non-selective
124467,Stafford Manor High School,Open,Secondary,Non-selective
124802,Thurston Community College,Open,Secondary,Non-selective
124840,Northgate High School,Open,Secondary,Non-selective
124856,King Edward VI CEVC School,Open,Secondary,Non-selective
125271,Ash Manor School,Open,Secondary,Non-selective
125273,Oakwood School,Open,Secondary,Non-selective
125278,St Bede's School,Open,Secondary,Non-selective
125314,The Winston Churchill School A Specialist Sports College,Open,Secondary,Non-selective
125764,The Avon Valley School and Performing Arts College,Open,Secondary,Non-selective
126064,Tanbridge House School,Open,Secondary,Non-selective
126066,Millais School,Open,Secondary,Non-selective
126068,"Weald School, The",Open,Secondary,Non-selective
126069,Bourne Community College,Open,Secondary,Non-selective
126080,Felpham Community College,Open,Secondary,Non-selective
126081,The Angmering School,Open,Secondary,Non-selective
126085,Oathall Community College,Open,Secondary,Non-selective
126087,Downlands Community School,Open,Secondary,Non-selective
126088,Imberhorne School,Open,Secondary,Non-selective
126089,Sackville School,Open,Secondary,Non-selective
126093,"Davison Church of England High School for Girls, Worthing",Open,Secondary,Non-selective
126094,St Andrew's CofE High School,Open,Secondary,Non-selective
126095,"St Wilfrid's Catholic Comprehensive School, Crawley",Open,Secondary,Non-selective
126096,St Oscar Romero Catholic School,Open,Secondary,Non-selective
126098,"Holy Trinity CofE Secondary School, Crawley",Open,Secondary,Non-selective
126458,The Stonehenge School,Open,Secondary,Non-selective
126473,St Joseph's Catholic School,Open,Secondary,Non-selective
126510,Matravers School,Open,Secondary,Non-selective
129342,Grace Academy Solihull,Open,Secondary,Non-selective
129645,Madani Girls' School,Open,Secondary,Non-selective
130908,Macmillan Academy,Open,Secondary,Non-selective
130909,Dixons City Academy,Open,Secondary,Non-selective
130912,Paddington Academy,Open,Secondary,Non-selective
131062,The Excelsior Academy,Open,Secondary,Non-selective
131065,North Liverpool Academy,Open,Secondary,Non-selective
131262,Westminster Academy,Open,Secondary,Non-selective
131310,Elthorne Park High School,Open,Secondary,Non-selective
131512,All Hallows RC High School,Open,Secondary,Non-selective
131609,The Bridge Academy,Open,Secondary,Non-selective
131690,Arts and Media School Islington,Open,Secondary,Non-selective
131726,Holy Family Roman Catholic and Church of England College,Open,Secondary,Non-selective
131747,Harris Academy Bermondsey,Open,Secondary,Non-selective
131749,Barnsley Academy,Open,Secondary,Non-selective
131752,Ark Burlington Danes Academy,Open,Secondary,Non-selective
131757,Park View School,Open,Secondary,Non-selective
131880,St Peter's RC High School,Open,Secondary,Non-selective
131895,Sheffield Park Academy,Open,Secondary,Non-selective
131896,Sheffield Springs Academy,Open,Secondary,Non-selective
131897,Harris Academy Merton,Open,Secondary,Non-selective
132058,Kingsford Community School,Open,Secondary,Non-selective
132256,Highlands School,Open,Secondary,Non-selective
132711,Harris Girls' Academy East Dulwich,Open,Secondary,Non-selective
132727,Walthamstow Academy,Open,Secondary,Non-selective
133114,The Gateway Academy,Open,Secondary,Non-selective
133386,Greig City Academy,Open,Secondary,Non-selective
133405,Oaks Park High School,Open,Secondary,Non-selective
133561,Jo Richardson Community School,Open,Secondary,Non-selective
133580,Churchmead Church of England (VA) School,Open,Secondary,Non-selective
133599,Yesodey Hatorah Senior Girls School,Open,Secondary,Non-selective
133697,Walsall Academy,Open,Secondary,Non-selective
133724,JFS,Open,Secondary,Non-selective
133725,Jarrow School,Open,Secondary,Non-selective
133768,Lift Unity City,Open,Secondary,Non-selective
134003,St Mark's Church of England Academy,Open,Secondary,Non-selective
134042,Oriel High School,Open,Secondary,Non-selective
134195,Manchester Mesivta School,Open,Secondary,Non-selective
134222,City of London Academy (Southwark),Open,Secondary,Non-selective
134223,The King's Academy,Open,Secondary,Non-selective
134224,Manchester Academy,Open,Secondary,Non-selective
134225,Harris Academy Peckham,Open,Secondary,Non-selective
134226,Harris Lowe Academy Willesden,Open,Secondary,Non-selective
134253,Djanogly City Academy,Open,Secondary,Non-selective
134283,Alder Community High School,Open,Secondary,Non-selective
134311,Oasis Academy Enfield,Open,Secondary,Non-selective
134646,Ladybridge High School,Open,Secondary,Non-selective
134693,Mossbourne Community Academy,Open,Secondary,Non-selective
134814,Northampton Academy,Open,Secondary,Non-selective
134815,The Elms Academy,Open,Secondary,Non-selective
134989,Pendle Vale College,Open,Secondary,Non-selective
134993,Sandwell Academy,Open,Secondary,Non-selective
134994,Shuttleworth College,Open,Secondary,Non-selective
134996,Sir John Thursby Community College,Open,Secondary,Non-selective
135003,Unity College,Open,Secondary,Non-selective
135004,Harefield School,Open,Secondary,Non-selective
135007,Trinity Academy,Open,Secondary,Non-selective
135035,The Bewdley School,Open,Secondary,Non-selective
135061,Wolverley CofE Secondary School,Open,Secondary,Non-selective
135070,Haberdashers' Knights Academy,Open,Secondary,Non-selective
135071,Salford City Academy,Open,Secondary,Non-selective
135073,Haberdashers' Hatcham College,Open,Secondary,Non-selective
135120,Landau Forte College,Open,Secondary,Non-selective
135149,Madeley Academy,Open,Secondary,Non-selective
135170,Shireland Collegiate Academy,Open,Secondary,Non-selective
135174,The Belvedere Academy,Open,Secondary,Non-selective
135176,Oasis Academy Immingham,Open,Secondary,Non-selective
135209,Oasis Academy Wintringham,Open,Secondary,Non-selective
135234,George Salter Academy,Open,Secondary,Non-selective
135249,Harris Academy South Norwood,Open,Secondary,Non-selective
135262,Stockport Academy,Open,Secondary,Non-selective
135290,The Marsh Academy,Open,Secondary,Non-selective
135294,Havelock Academy,Open,Secondary,Non-selective
135295,John Cabot Academy,Open,Secondary,Non-selective
135297,Sir Geoffrey Leigh Academy,Open,Secondary,Non-selective
135300,Bristol Brunel Academy,Open,Secondary,Non-selective
135305,Orion Spires,Open,Secondary,Non-selective
135306,Corby Business Academy,Open,Secondary,Non-selective
135311,Harris City Academy Crystal Palace,Open,Secondary,Non-selective
135313,St Anne's Church of England Academy,Open,Secondary,Non-selective
135314,St Aidan's Church of England Academy,Open,Secondary,Non-selective
135315,Ark Walworth Academy,Open,Secondary,Non-selective
135316,Ashcroft Technology Academy,Open,Secondary,Non-selective
135317,Brooke Weston Academy,Open,Secondary,Non-selective
135335,Grace Academy Coventry,Open,Secondary,Non-selective
135337,The Chalk Hills Academy,Open,Secondary,Non-selective
135338,The Stockwood Park Academy,Open,Secondary,Non-selective
135365,North Oxfordshire Academy,Open,Secondary,Non-selective
135371,Cornwallis Academy,Open,Secondary,Non-selective
135372,New Line Learning Academy,Open,Secondary,Non-selective
135389,Ark Evelyn Grace Academy,Open,Secondary,Non-selective
135449,Q3 Academy Great Barr,Open,Secondary,Non-selective
135479,All Saints Catholic High School,Open,Secondary,Non-selective
135508,Great Academy Ashton,Open,Secondary,Non-selective
135531,Chelsea Academy,Open,Secondary,Non-selective
135552,Christ The King College,Open,Secondary,Non-selective
135564,The Priory City of Lincoln Academy,Open,Secondary,Non-selective
135565,The Priory Academy LSST,Open,Secondary,Non-selective
135575,Bristol Cathedral Choir School,Open,Secondary,Non-selective
135580,Darwen Aldridge Community Academy,Open,Secondary,Non-selective
135582,Haberdashers' Abraham Darby,Open,Secondary,Non-selective
135583,Samworth Church Academy,Open,Secondary,Non-selective
135587,City of London Academy Islington,Open,Secondary,Non-selective
135598,Liberty Academy,Open,Secondary,Non-selective
135599,Gospel Oak School,Open,Secondary,Non-selective
135620,Richard Rose Morton Academy,Open,Secondary,Non-selective
135621,Richard Rose Central Academy,Open,Secondary,Non-selective
135628,Oasis Academy Lord's Hill,Open,Secondary,Non-selective
135629,Oasis Academy Mayfield,Open,Secondary,Non-selective
135630,Leigh Academy Longfield,Open,Secondary,Non-selective
135631,The Langley Academy,Open,Secondary,Non-selective
135632,West Lakes Academy,Open,Secondary,Non-selective
135649,Accrington Academy,Open,Secondary,Non-selective
135650,The Open Academy,Open,Secondary,Non-selective
135651,Lift New Rickstones,Open,Secondary,Non-selective
135652,Lift Greensward,Open,Secondary,Non-selective
135653,Lift Maltings,Open,Secondary,Non-selective
135654,Oasis Academy Coulsdon,Open,Secondary,Non-selective
135661,Oasis Academy MediaCityUK,Open,Secondary,Non-selective
135662,The Hereford Church of England Academy,Open,Secondary,Non-selective
135663,Oasis Academy John Williams,Open,Secondary,Non-selective
135665,The Milton Keynes Academy,Open,Secondary,Non-selective
135671,Oasis Academy Brightstowe,Open,Secondary,Non-selective
135674,The St Lawrence Academy,Open,Secondary,Non-selective
135676,Pimlico Academy,Open,Secondary,Non-selective
135677,Harris Academy Falconwood,Open,Secondary,Non-selective
135744,The Sir Robert Woodard Academy,Open,Secondary,Non-selective
135745,The Littlehampton Academy,Open,Secondary,Non-selective
135747,JCoSS,Open,Secondary,Non-selective
135760,Midhurst Rother College,Open,Secondary,Non-selective
135761,Nottingham University Samworth Academy,Open,Secondary,Non-selective
135762,Saint John Bosco College,Open,Secondary,Non-selective
135769,Ormiston Shelfield Community Academy,Open,Secondary,Non-selective
135770,Essa Academy,Open,Secondary,Non-selective
135804,The Wellington Academy,Open,Secondary,Non-selective
135816,Harris Boys' Academy East Dulwich,Open,Secondary,Non-selective
135818,Castle View Enterprise Academy,Open,Secondary,Non-selective
135835,"The City Academy, Hackney",Open,Secondary,Non-selective
135864,Droylsden Academy,Open,Secondary,Non-selective
135874,Manchester Enterprise Academy,Open,Secondary,Non-selective
135876,Future Academies Watford,Open,Secondary,Non-selective
135878,Red House Academy,Open,Secondary,Non-selective
135886,NCEA Duke's Secondary School,Open,Secondary,Non-selective
135888,Skinners' Kent Academy,Open,Secondary,Non-selective
135895,The Basildon Lower Academy,Open,Secondary,Non-selective
135897,The Basildon Upper Academy,Open,Secondary,Non-selective
135904,City Academy Norwich,Open,Secondary,Non-selective
135907,E-ACT Heartlands Academy,Open,Secondary,Non-selective
135911,E-ACT Shenley Academy,Open,Secondary,Non-selective
135913,Tudor Grange Academy Worcester,Open,Secondary,Non-selective
135934,E-Act Parkwood Academy,Open,Secondary,Non-selective
135935,Leeds West Academy,Open,Secondary,Non-selective
135936,Fulwood Academy,Open,Secondary,Non-selective
135940,Furness Academy,Open,Secondary,Non-selective
135942,De Warenne Academy,Open,Secondary,Non-selective
135945,Sirius Academy West,Open,Secondary,Non-selective
135946,All Saints Academy Dunstable,Open,Secondary,Non-selective
135951,Haberdashers' Crayford Academy,Open,Secondary,Non-selective
135955,Harris Academy Purley,Open,Secondary,Non-selective
135956,Grace Academy Darlaston,Open,Secondary,Non-selective
135957,Lift Clacton,Open,Secondary,Non-selective
135959,Bristol Metropolitan Academy,Open,Secondary,Non-selective
135960,Ormiston Park Academy,Open,Secondary,Non-selective
135961,Outwood Grange Academy,Open,Secondary,Non-selective
135962,Shoreham Academy,Open,Secondary,Non-selective
135963,Outwood Academy Adwick,Open,Secondary,Non-selective
135964,Leigh Academy Strood,Open,Secondary,Non-selective
135965,Ark Charter Academy,Open,Secondary,Non-selective
135967,Kettering Science Academy,Open,Secondary,Non-selective
135968,Oasis Academy Shirley Park,Open,Secondary,Non-selective
135970,Ark St Alban's Academy,Open,Secondary,Non-selective
135971,Park Hall Academy,Open,Secondary,Non-selective
135973,E-ACT Crest Academy,Open,Secondary,Non-selective
135979,Ormiston Sandwell Community Academy,Open,Secondary,Non-selective
135980,Ormiston Bushfield Academy,Open,Secondary,Non-selective
136016,"All Saints' Academy, Cheltenham",Open,Secondary,Non-selective
136027,Oasis Academy Oldham,Open,Secondary,Non-selective
136028,Dagenham Park CofE School,Open,Secondary,Non-selective
136032,E-ACT North Birmingham Academy,Open,Secondary,Non-selective
136042,Maltby Academy,Open,Secondary,Non-selective
136044,St George's Academy,Open,Secondary,Non-selective
136085,Bedford Academy,Open,Secondary,Non-selective
136090,Drapers' Academy,Open,Secondary,Non-selective
136091,The Phoenix Collegiate,Open,Secondary,Non-selective
136094,Trinity Academy Halifax,Open,Secondary,Non-selective
136102,Co-op Academy Stoke-On-Trent,Open,Secondary,Non-selective
136105,Manchester Communication Academy,Open,Secondary,Non-selective
136106,The Eastbourne Academy,Open,Secondary,Non-selective
136107,Brompton Academy,Open,Secondary,Non-selective
136108,The Victory Academy,Open,Secondary,Non-selective
136115,E-ACT the Oldham Academy North,Open,Secondary,Non-selective
136119,The Academy of St Nicholas,Open,Secondary,Non-selective
136120,The Bishop of Winchester Academy,Open,Secondary,Non-selective
136125,The Bourne Academy,Open,Secondary,Non-selective
136126,Sidney Stringer Academy,Open,Secondary,Non-selective
136127,Shirebrook Academy,Open,Secondary,Non-selective
136128,Knole Academy,Open,Secondary,Non-selective
136135,Kearsley Academy,Open,Secondary,Non-selective
136136,"Landau Forte Academy, Amington",Open,Secondary,Non-selective
136137,Skinners' Academy,Open,Secondary,Non-selective
136141,The Sutton Academy,Open,Secondary,Non-selective
136142,All Saints Church of England Academy,Open,Secondary,Non-selective
136145,Ormiston Sir Stanley Matthews Academy,Open,Secondary,Non-selective
136146,North Shore Academy,Open,Secondary,Non-selective
136147,Lift Aylward,Open,Secondary,Non-selective
136152,King Edward VI Sheldon Heath Academy,Open,Secondary,Non-selective
136156,Havant Academy,Open,Secondary,Non-selective
136164,Brighton Aldridge Community Academy,Open,Secondary,Non-selective
136172,Hammersmith Academy,Open,Secondary,Non-selective
136174,Co-op Academy Manchester,Open,Secondary,Non-selective
136177,Duke of York's Royal Military School,Open,Secondary,Non-selective
136183,Sarum Academy,Open,Secondary,Non-selective
136184,The Winsford Academy,Open,Secondary,Non-selective
136185,Ormiston Bolingbroke Academy,Open,Secondary,Non-selective
136186,Ormiston Victory Academy,Open,Secondary,Non-selective
136187,Ormiston Venture Academy,Open,Secondary,Non-selective
136192,Cleethorpes Academy,Open,Secondary,Non-selective
136194,The Priory Ruskin Academy,Open,Secondary,Non-selective
136195,Colchester Academy,Open,Secondary,Non-selective
136198,Carlton Keighley,Open,Secondary,Non-selective
136201,Malcolm Arnold Academy,Open,Secondary,Non-selective
136202,King's Lynn Academy,Open,Secondary,Non-selective
136203,The Quest Academy,Open,Secondary,Non-selective
136204,The Thetford Academy,Open,Secondary,Non-selective
136205,Leigh Academy Wilmington,Open,Secondary,Non-selective
136206,St Aldhelm's Academy,Open,Secondary,Non-selective
136208,Lift Richmond Park,Open,Secondary,Non-selective
136213,Harborne Academy,Open,Secondary,Non-selective
136217,Skegness Academy,Open,Secondary,Non-selective
136261,Oxford Spires Academy,Open,Secondary,Non-selective
136266,Arthur Mellows Village College,Open,Secondary,Non-selective
136267,Chadwell Heath Academy,Open,Secondary,Non-selective
136268,Waltham Toll Bar Academy,Open,Secondary,Non-selective
136271,Hartismere School,Open,Secondary,Non-selective
136272,Westcliff High School for Boys Academy,Open,Secondary,Selective
136273,Audenshaw School,Open,Secondary,Non-selective
136276,Watford Grammar School for Boys,Open,Secondary,Non-selective
136277,Healing Academy,Open,Secondary,Non-selective
136278,The Fallibroome Academy,Open,Secondary,Non-selective
136279,Brine Leas School,Open,Secondary,Non-selective
136281,Kemnal Technology College,Open,Secondary,Non-selective
136283,Heckmondwike Grammar School,Open,Secondary,Selective
136286,Westlands School,Open,Secondary,Non-selective
136287,Uffculme School,Open,Secondary,Non-selective
136289,Watford Grammar School for Girls,Open,Secondary,Non-selective
136290,"Queen Elizabeth's School, Barnet",Open,Secondary,Selective
136291,George Spencer Academy,Open,Secondary,Non-selective
136292,The Cotswold Academy,Open,Secondary,Non-selective
136295,Holyrood Academy,Open,Secondary,Non-selective
136296,Hardenhuish School,Open,Secondary,Non-selective
136297,Urmston Grammar Academy,Open,Secondary,Selective
136298,The Charter School North Dulwich,Open,Secondary,Non-selective
136299,Northampton School for Boys,Open,Secondary,Non-selective
136301,Brinsworth Academy,Open,Secondary,Non-selective
136302,The Canterbury Academy,Open,Secondary,Non-selective
136304,Orchards Academy,Open,Secondary,Non-selective
136305,Highsted Grammar School,Open,Secondary,Selective
136306,Sir Thomas Rich's School,Open,Secondary,Selective
136307,Highdown School and Sixth Form Centre,Open,Secondary,Non-selective
136308,Ashmole Academy,Open,Secondary,Non-selective
136309,Kingsdale Foundation School,Open,Secondary,Non-selective
136310,"Tudor Grange Academy, Solihull",Open,Secondary,Non-selective
136311,Somervale Secondary School,Open,Secondary,Non-selective
136313,The Rochester Grammar School,Open,Secondary,Selective
136315,Queen Elizabeth's Grammar Alford - A Selective Academy,Open,Secondary,Selective
136317,Sandwich Technology School,Open,Secondary,Non-selective
136319,Denbigh High School,Open,Secondary,Non-selective
136321,Torquay Boys' Grammar School,Open,Secondary,Selective
136322,Samuel Ward Academy,Open,Secondary,Non-selective
136323,John Taylor High School,Open,Secondary,Non-selective
136324,Fulston Manor School,Open,Secondary,Non-selective
136327,Kingsmead School,Open,Secondary,Non-selective
136331,Wales High School,Open,Secondary,Non-selective
136333,Arden,Open,Secondary,Non-selective
136334,Beths Grammar School,Open,Secondary,Selective
136335,Norton Hill Academy,Open,Secondary,Non-selective
136336,Ivybridge Community College,Open,Secondary,Non-selective
136337,Fort Pitt Grammar School,Open,Secondary,Selective
136340,Sandbach High School and Sixth Form College,Open,Secondary,Non-selective
136341,Lampton Academy,Open,Secondary,Non-selective
136342,King Harold Business & Enterprise Academy,Open,Secondary,Non-selective
136343,Garforth Academy,Open,Secondary,Non-selective
136347,John Henry Newman Catholic College,Open,Secondary,Non-selective
136349,Leigh Academy Tonbridge,Open,Secondary,Non-selective
136350,Caistor Grammar School,Open,Secondary,Selective
136352,Gosforth Academy,Open,Secondary,Non-selective
136353,Pate's Grammar School,Open,Secondary,Selective
136355,Darrick Wood School,Open,Secondary,Non-selective
136357,Queen Elizabeth School,Open,Secondary,Non-selective
136358,Branston Community Academy,Open,Secondary,Non-selective
136359,Dartford Grammar School,Open,Secondary,Selective
136361,Redhill Academy,Open,Secondary,Non-selective
136366,Colyton Grammar School,Open,Secondary,Selective
136367,Kingsbridge Academy,Open,Secondary,Non-selective
136368,Parkstone Grammar School,Open,Secondary,Selective
136369,Bexley Grammar School,Open,Secondary,Selective
136377,Wellington School,Open,Secondary,Non-selective
136378,Wellacre Technology Academy,Open,Secondary,Non-selective
136379,Highworth Grammar School,Open,Secondary,Selective
136381,Lancaster Girls' Grammar School,Open,Secondary,Selective
136382,Chatham & Clarendon Grammar School,Open,Secondary,Selective
136383,Bodmin College,Open,Secondary,Non-selective
136386,Whitburn Church of England Academy,Open,Secondary,Non-selective
136388,Churston Ferrers Grammar School Academy,Open,Secondary,Selective
136389,Lavington School,Open,Secondary,Non-selective
136390,Clitheroe Royal Grammar School,Open,Secondary,Selective
136391,South Wilts Grammar School,Open,Secondary,Selective
136392,The Morley Academy,Open,Secondary,Non-selective
136394,Outwood Academy City Fields,Open,Secondary,Non-selective
136396,The Broxbourne School,Open,Secondary,Non-selective
136399,John Kyrle High School and Sixth Form Centre Academy,Open,Secondary,Non-selective
136401,The Hastings Academy,Open,Secondary,Non-selective
136405,Wigmore School,Open,Secondary,Non-selective
136406,"Ninestiles, an Academy",Open,Secondary,Non-selective
136411,Birkenhead Park School,Open,Secondary,Non-selective
136412,Chelmsford County High School for Girls,Open,Secondary,Selective
136414,The de Ferrers Academy,Open,Secondary,Non-selective
136415,William Farr CofE Comprehensive School,Open,Secondary,Non-selective
136416,Debenham High School,Open,Secondary,Non-selective
136417,Tonbridge Grammar School,Open,Secondary,Selective
136418,The Compton School,Open,Secondary,Non-selective
136419,Dr Challoner's Grammar School,Open,Secondary,Selective
136420,Upton Court Grammar School,Open,Secondary,Selective
136421,Hope Academy,Open,Secondary,Non-selective
136442,Linton Village College,Open,Secondary,Non-selective
136443,Southend High School for Boys,Open,Secondary,Selective
136444,Southend High School for Girls,Open,Secondary,Selective
136448,Kendrick School,Open,Secondary,Selective
136449,Reading School,Open,Secondary,Selective
136450,Platanos College,Open,Secondary,Non-selective
136451,The Academy at Shotton Hall,Open,Secondary,Non-selective
136453,Ipswich Academy,Open,Secondary,Non-selective
136455,Weald of Kent Grammar School,Open,Secondary,Selective
136456,Rainham School for Girls,Open,Secondary,Non-selective
136458,Altrincham Grammar School for Boys,Open,Secondary,Selective
136459,The Polesworth School,Open,Secondary,Non-selective
136460,St Joseph's College,Open,Secondary,Selective
136462,Ossett Academy and Sixth Form College,Open,Secondary,Non-selective
136463,Comberton Village College,Open,Secondary,Non-selective
136464,Orion Coopers,Open,Secondary,Non-selective
136465,Herne Bay High School,Open,Secondary,Non-selective
136466,Bishop Justus CofE School,Open,Secondary,Non-selective
136467,Chislehurst School for Girls,Open,Secondary,Non-selective
136468,Denbigh School,Open,Secondary,Non-selective
136469,Prince Henry's High School,Open,Secondary,Non-selective
136470,Sharnbrook Academy,Open,Secondary,Non-selective
136471,Lincroft Academy,Open,Secondary,Not applicable
136474,Balcarras School,Open,Secondary,Non-selective
136479,Charles Read Academy,Open,Secondary,Non-selective
136481,Wymondham College,Open,Secondary,Non-selective
136482,Hockerill Anglo-European College,Open,Secondary,Non-selective
136483,Oldfield School,Open,Secondary,Non-selective
136484,"The Royal Grammar School, High Wycombe",Open,Secondary,Selective
136488,Sponne School,Open,Secondary,Non-selective
136489,Guilsborough Academy,Open,Secondary,Non-selective
136490,Westcliff High School for Girls,Open,Secondary,Selective
136491,De Aston School,Open,Secondary,Non-selective
136494,Teign School,Open,Secondary,Non-selective
136495,"Teignmouth Community School, Exeter Road",Open,Secondary,Non-selective
136496,Devonport High School for Boys,Open,Secondary,Selective
136497,Harrogate Grammar School,Open,Secondary,Non-selective
136498,Sale Grammar School,Open,Secondary,Selective
136500,Bishop Wordsworth's Church of England Grammar School,Open,Secondary,Selective
136501,Sir Roger Manwood's School,Open,Secondary,Selective
136502,North Huddersfield Trust School,Open,Secondary,Non-selective
136505,The Ecclesbourne School,Open,Secondary,Non-selective
136506,Torquay Girls' Grammar School,Open,Secondary,Selective
136515,Springwood High School,Open,Secondary,Non-selective
136516,Newport Girls' High School Academy,Open,Secondary,Selective
136517,Ravens Wood School,Open,Secondary,Non-selective
136519,Haydon School,Open,Secondary,Non-selective
136521,Langley Grammar School,Open,Secondary,Selective
136522,Cranford Community College,Open,Secondary,Non-selective
136524,Camborne Science and International Academy,Open,Secondary,Non-selective
136525,Hurworth School,Open,Secondary,Non-selective
136526,The Queen Katherine School,Open,Secondary,Non-selective
136527,Cirencester Deer Park School,Open,Secondary,Non-selective
136529,Sunbury Manor School,Open,Secondary,Non-selective
136530,Catmose College,Open,Secondary,Non-selective
136531,Weydon School,Open,Secondary,Non-selective
136533,Newquay Tretherras,Open,Secondary,Non-selective
136534,Glyn School,Open,Secondary,Non-selective
136538,"Trinity Church of England School, Belvedere",Open,Secondary,Non-selective
136540,The Ravensbourne School,Open,Secondary,Non-selective
136543,The Bishops' Blue Coat Church of England High School,Open,Secondary,Non-selective
136544,Manor Church of England Academy,Open,Secondary,Non-selective
136545,Charles Darwin School,Open,Secondary,Non-selective
136548,Brookfield Community School,Open,Secondary,Non-selective
136551,Newstead Wood School,Open,Secondary,Selective
136552,Goldington Academy,Open,Secondary,Not applicable
136554,Dame Alice Owen's School,Open,Secondary,Non-selective
136555,Debden Park High School,Open,Secondary,Non-selective
136556,Plympton Academy,Open,Secondary,Non-selective
136557,Hele's School,Open,Secondary,Non-selective
136558,Coombe Dean School,Open,Secondary,Non-selective
136559,Redborne Upper School and Community College,Open,Secondary,Non-selective
136567,Penair School,Open,Secondary,Non-selective
136568,Plymstock School,Open,Secondary,Non-selective
136569,South Dartmoor Community College,Open,Secondary,Non-selective
136570,Queen Elizabeth's Grammar School,Open,Secondary,Selective
136571,Hartsdown Academy,Open,Secondary,Non-selective
136572,The Roseland Academy,Open,Secondary,Non-selective
136573,Penrice Academy,Open,Secondary,Non-selective
136574,Corfe Hills School,Open,Secondary,Non-selective
136575,Saltash Community School,Open,Secondary,Non-selective
136576,The Brittons Academy,Open,Secondary,Non-selective
136577,The King John School,Open,Secondary,Non-selective
136578,The Crypt School,Open,Secondary,Selective
136579,The Appleton School,Open,Secondary,Non-selective
136580,Swavesey Village College,Open,Secondary,Non-selective
136581,Valley Park School,Open,Secondary,Non-selective
136582,Invicta Grammar School,Open,Secondary,Selective
136583,Towers School and Sixth Form Centre,Open,Secondary,Non-selective
136584,King Ethelbert School,Open,Secondary,Non-selective
136585,Dane Court Grammar School,Open,Secondary,Selective
136586,Langley Park School for Boys,Open,Secondary,Non-selective
136587,Ashlawn School,Open,Secondary,Non-selective
136588,Devonport High School for Girls,Open,Secondary,Selective
136589,Bartley Green School,Open,Secondary,Non-selective
136590,Kings Norton Girls' School,Open,Secondary,Non-selective
136592,King Edward VI Lordswood School for Girls,Open,Secondary,Non-selective
136593,Fairfield High School for Girls,Open,Secondary,Non-selective
136594,Holcombe Grammar School,Open,Secondary,Selective
136595,Rugby High School,Open,Secondary,Selective
136600,The Coopers' Company and Coborn School,Open,Secondary,Non-selective
136603,Bennett Memorial Diocesan School,Open,Secondary,Non-selective
136604,Brighouse High School,Open,Secondary,Non-selective
136605,William de Ferrers School,Open,Secondary,Non-selective
136606,Rickmansworth School,Open,Secondary,Non-selective
136608,The Knights Templar School,Open,Secondary,Non-selective
136609,Sandringham School,Open,Secondary,Non-selective
136610,Soham Village College,Open,Secondary,Non-selective
136611,The Corsham School,Open,Secondary,Non-selective
136612,Exmouth Community College,Open,Secondary,Non-selective
136613,Airedale Academy,Open,Secondary,Non-selective
136614,Pool Academy,Open,Secondary,Non-selective
136615,The Tiffin Girls' School,Open,Secondary,Selective
136616,Wood Green Academy,Open,Secondary,Non-selective
136617,"Archbishop Holgate's School, A Church of England Academy",Open,Secondary,Non-selective
136618,Windsor High School and Sixth Form,Open,Secondary,Non-selective
136620,Shire Oak Academy,Open,Secondary,Non-selective
136621,Wilson's School,Open,Secondary,Selective
136622,Alcester Grammar School,Open,Secondary,Selective
136623,Chosen Hill School,Open,Secondary,Non-selective
136624,Walton Academy,Open,Secondary,Non-selective
136625,Davenant Foundation School,Open,Secondary,Non-selective
136626,Stoke Damerel Community College,Open,Secondary,Non-selective
136628,The West Bridgford School,Open,Secondary,Non-selective
136629,Uppingham Community College,Open,Secondary,Non-selective
136631,Swakeleys School for Girls,Open,Secondary,Non-selective
136632,Sheldon School,Open,Secondary,Non-selective
136633,Castleford Academy,Open,Secondary,Non-selective
136634,West Park School,Open,Secondary,Non-selective
136636,Parkside Community College,Open,Secondary,Non-selective
136637,Maiden Erlegh School,Open,Secondary,Non-selective
136638,Clyst Vale Community College,Open,Secondary,Non-selective
136639,Kingsmead Academy,Open,Secondary,Non-selective
136640,The Mountbatten School,Open,Secondary,Non-selective
136642,"King Edward VI Grammar School, Chelmsford",Open,Secondary,Selective
136643,Bohunt School,Open,Secondary,Non-selective
136644,Hayes School,Open,Secondary,Non-selective
136645,Christleton High School,Open,Secondary,Non-selective
136646,Queen Elizabeth's,Open,Secondary,Non-selective
136647,Kennet School,Open,Secondary,Non-selective
136649,Twynham School,Open,Secondary,Non-selective
136650,Coleridge Community College,Open,Secondary,Non-selective
136651,Challney High School for Boys,Open,Secondary,Non-selective
136652,The Arnewood School,Open,Secondary,Non-selective
136654,Wildern School,Open,Secondary,Non-selective
136655,Congleton High School,Open,Secondary,Non-selective
136656,Claremont High School,Open,Secondary,Non-selective
136657,Ringwood School Academy,Open,Secondary,Non-selective
136658,East Barnet School,Open,Secondary,Non-selective
136662,Sir Joseph Williamson's Mathematical School,Open,Secondary,Selective
136663,Abbs Cross Academy and Arts College,Open,Secondary,Non-selective
136664,Skipton Girls' High School,Open,Secondary,Selective
136666,Denmark Road High School,Open,Secondary,Selective
136667,South Hunsley School and Sixth Form College,Open,Secondary,Non-selective
136668,Lipson Co-operative Academy,Open,Secondary,Non-selective
136669,Brampton Manor Academy,Open,Secondary,Non-selective
136671,Kirkbie Kendal School,Open,Secondary,Non-selective
136672,The Hayfield School,Open,Secondary,Non-selective
136673,The King's School,Open,Secondary,Non-selective
136674,The Mirfield Free Grammar,Open,Secondary,Non-selective
136675,Rossington All Saints Academy,Open,Secondary,Non-selective
136677,Bottisham Village College,Open,Secondary,Non-selective
136680,Ormiston Horizon Academy,Open,Secondary,Non-selective
136681,Discovery Academy,Open,Secondary,Non-selective
136708,Hans Price Academy,Open,Secondary,Non-selective
136709,Bullers Wood School,Open,Secondary,Non-selective
136711,Queensmead School,Open,Secondary,Non-selective
136715,Thornden School,Open,Secondary,Non-selective
136716,The Long Eaton School,Open,Secondary,Non-selective
136717,Hodgson Academy,Open,Secondary,Non-selective
136718,Aston Academy,Open,Secondary,Non-selective
136719,The Burgate School and Sixth Form,Open,Secondary,Non-selective
136720,Welling School,Open,Secondary,Non-selective
136722,Backwell School,Open,Secondary,Non-selective
136723,Wycombe High School,Open,Secondary,Selective
136724,Fernwood School,Open,Secondary,Non-selective
136725,Cheltenham Bournside School and Sixth Form Centre,Open,Secondary,Non-selective
136727,Oakwood Park Grammar School,Open,Secondary,Selective
136728,Norton College,Open,Secondary,Non-selective
136729,Honywood School,Open,Secondary,Non-selective
136730,Shenley Brook End School,Open,Secondary,Non-selective
136731,Ripley St Thomas Church of England Academy,Open,Secondary,Non-selective
136732,Queen Elizabeth Grammar School Penrith,Open,Secondary,Selective
136735,St Edward's College,Open,Secondary,Non-selective
136736,South Craven School,Open,Secondary,Non-selective
136742,Lancaster Royal Grammar School,Open,Secondary,Selective
136745,North Durham Academy,Open,Secondary,Non-selective
136750,West London Free School,Open,Secondary,Non-selective
136753,Lift Ryde,Open,Secondary,Non-selective
136756,Overton Grange School,Open,Secondary,Non-selective
136757,Stour Valley Community School,Open,Secondary,Non-selective
136758,West Hatch High School,Open,Secondary,Non-selective
136763,Highcliffe School,Open,Secondary,Non-selective
136764,Winchcombe School,Open,Secondary,Non-selective
136767,Ribston Hall High School,Open,Secondary,Selective
136768,Uxbridge High School,Open,Secondary,Non-selective
136770,King James I Academy Bishop Auckland,Open,Secondary,Non-selective
136771,John Hampden Grammar School,Open,Secondary,Selective
136772,Cleeve School,Open,Secondary,Non-selective
136773,Queen Mary's Grammar School,Open,Secondary,Selective
136775,Sawston Village College,Open,Secondary,Non-selective
136776,Saffron Walden County High School,Open,Secondary,Non-selective
136777,Queen Mary's High School,Open,Secondary,Selective
136778,Sutton Coldfield Grammar School for Girls,Open,Secondary,Selective
136779,The Heath School,Open,Secondary,Non-selective
136780,St Anselm's College,Open,Secondary,Selective
136781,Sir William Borlase's Grammar School,Open,Secondary,Selective
136782,Thomas Mills High School & Sixth Form,Open,Secondary,Non-selective
136783,The Kings of Wessex Academy,Open,Secondary,Non-selective
136785,Cheam High School,Open,Secondary,Non-selective
136786,Studley High School,Open,Secondary,Non-selective
136787,Sutton Grammar School,Open,Secondary,Selective
136788,The North Halifax Grammar School,Open,Secondary,Selective
136789,Wallington High School for Girls,Open,Secondary,Selective
136791,West Somerset College,Open,Secondary,Non-selective
136795,Nonsuch High School for Girls,Open,Secondary,Selective
136797,Carshalton High School for Girls,Open,Secondary,Non-selective
136798,Wallington County Grammar School,Open,Secondary,Selective
136799,Carshalton Boys Sports College,Open,Secondary,Non-selective
136800,Greenshaw High School,Open,Secondary,Non-selective
136801,Preston Muslim Girls High School,Open,Secondary,Non-selective
136803,John Masefield High School,Open,Secondary,Non-selective
136822,Bristol Free School,Open,Secondary,Non-selective
136824,St Peter's CofE Academy,Open,Secondary,Non-selective
136826,Leeds East Academy,Open,Secondary,Non-selective
136827,Copleston High School,Open,Secondary,Non-selective
136828,Collingwood College,Open,Secondary,Non-selective
136832,Thomas Knyvett College,Open,Secondary,Non-selective
136833,Howard of Effingham School,Open,Secondary,Non-selective
136834,Farlingaye High School,Open,Secondary,Non-selective
136838,Hummersknott Academy,Open,Secondary,Non-selective
136839,Ansford Academy,Open,Secondary,Non-selective
136842,Walton High,Open,Secondary,Non-selective
136844,The Hazeley Academy,Open,Secondary,Non-selective
136845,Sir Henry Floyd Grammar School,Open,Secondary,Selective
136846,Aylesbury High School,Open,Secondary,Selective
136847,Leigh Academy Mascalls,Open,Secondary,Non-selective
136850,Poole Grammar School,Open,Secondary,Selective
136851,Bishop Fox's School,Open,Secondary,Non-selective
136852,Penryn College,Open,Secondary,Non-selective
136856,Gordano School,Open,Secondary,Non-selective
136858,The Highcrest Academy,Open,Secondary,Non-selective
136861,The Billericay School,Open,Secondary,Non-selective
136863,Moulsham High School,Open,Secondary,Non-selective
136864,Rainham Mark Grammar School,Open,Secondary,Selective
136867,Pilton Community College,Open,Secondary,Non-selective
136868,The King Edmund School,Open,Secondary,Non-selective
136871,North Kesteven Academy,Open,Secondary,Non-selective
136873,Mounts Bay Academy,Open,Secondary,Non-selective
136874,Stroud High School,Open,Secondary,Selective
136875,St Martin's School Brentwood,Open,Secondary,Non-selective
136876,King's Academy Prospect,Open,Secondary,Non-selective
136877,Queens' School,Open,Secondary,Non-selective
136878,Toot Hill School,Open,Secondary,Non-selective
136880,The Holt School,Open,Secondary,Non-selective
136882,Aston Manor Academy,Open,Secondary,Non-selective
136883,Chestnut Grove Academy,Open,Secondary,Non-selective
136884,Aylesbury Grammar School,Open,Secondary,Selective
136885,Barr Beacon School,Open,Secondary,Non-selective
136886,Erasmus Darwin Academy,Open,Secondary,Non-selective
136887,Chesterton Community College,Open,Secondary,Non-selective
136890,Christopher Whitehead Language College,Open,Secondary,Non-selective
136893,St Michael's Church of England High School,Open,Secondary,Non-selective
136894,Preston School Academy,Open,Secondary,Non-selective
136895,The Oldershaw School,Open,Secondary,Non-selective
136896,Rossett School,Open,Secondary,Non-selective
136897,The Chantry School,Open,Secondary,Non-selective
136898,Haybridge High School and Sixth Form,Open,Secondary,Non-selective
136899,Parmiter's School,Open,Secondary,Non-selective
136900,St Wilfrid's Church of England Academy,Open,Secondary,Non-selective
136901,St Clement Danes School,Open,Secondary,Non-selective
136902,Keswick School,Open,Secondary,Non-selective
136903,The Petersfield School,Open,Secondary,Non-selective
136904,Great Baddow High School,Open,Secondary,Non-selective
136905,Ilkley Grammar School,Open,Secondary,Non-selective
136906,George Abbot School,Open,Secondary,Non-selective
136907,Myton School,Open,Secondary,Non-selective
136908,Fairfax,Open,Secondary,Non-selective
136909,Heart of England School,Open,Secondary,Non-selective
136910,Tiffin School,Open,Secondary,Selective
136911,Royal Wootton Bassett Academy,Open,Secondary,Non-selective
136912,Honiton Community College,Open,Secondary,Non-selective
136913,Crispin School Academy,Open,Secondary,Non-selective
136914,Glenthorne High School,Open,Secondary,Non-selective
136916,The Castle School,Open,Secondary,Non-selective
136917,Haygrove School,Open,Secondary,Non-selective
136918,Hadleigh High School,Open,Secondary,Non-selective
136921,Cottingham High School,Open,Secondary,Non-selective
136922,Yavneh College,Open,Secondary,Non-selective
136923,St Augustine Academy,Open,Secondary,Non-selective
136924,Woodrush High School,Open,Secondary,Non-selective
136925,Pershore High School,Open,Secondary,Non-selective
136927,Droitwich Spa High School and Sixth Form Centre,Open,Secondary,Non-selective
136944,Birmingham Ormiston Academy,Open,Secondary,Non-selective
136948,Weston Favell Academy,Open,Secondary,Non-selective
136958,Caistor Yarborough Academy,Open,Secondary,Non-selective
136959,The Cheadle Academy,Open,Secondary,Non-selective
136960,Chipping Campden School,Open,Secondary,Non-selective
136962,Feversham Girls' Secondary Academy,Open,Secondary,Non-selective
136963,Finham Park School,Open,Secondary,Non-selective
136964,Great Marlow School,Open,Secondary,Non-selective
136965,Flixton Girls School,Open,Secondary,Non-selective
136966,Hayesfield Girls School,Open,Secondary,Non-selective
136968,John Spendluffe Foundation Technology College,Open,Secondary,Non-selective
136969,Kesgrave High School,Open,Secondary,Non-selective
136971,Park View School,Open,Secondary,Non-selective
136972,Queen Elizabeth's Grammar School,Open,Secondary,Non-selective
136973,Roundwood Park School,Open,Secondary,Non-selective
136974,Sawtry Village Academy,Open,Secondary,Non-selective
136976,Southfield School for Girls,Open,Secondary,Non-selective
136978,Stratford School Academy,Open,Secondary,Non-selective
136979,The Marches School,Open,Secondary,Non-selective
136980,St Joseph's Catholic College,Open,Secondary,Non-selective
136982,St Peter's Catholic High School and Sixth Form Centre,Open,Secondary,Non-selective
136985,Sir William Romney's School,Open,Secondary,Non-selective
136986,The Coleshill School,Open,Secondary,Non-selective
136987,Co-op Academy Swinton,Open,Secondary,Non-selective
136990,Bury St Edmunds County High School,Open,Secondary,Non-selective
136991,Henley In Arden School,Open,Secondary,Non-selective
136992,Longsands Academy,Open,Secondary,Non-selective
136994,Alderbrook School,Open,Secondary,Non-selective
136995,Beverley Grammar School,Open,Secondary,Non-selective
136996,Bournemouth School for Girls,Open,Secondary,Selective
136997,Bowland High,Open,Secondary,Non-selective
136998,Bungay High School,Open,Secondary,Non-selective
137000,Churchill Academy & Sixth Form,Open,Secondary,Non-selective
137001,Crofton Academy,Open,Secondary,Non-selective
137002,Freman College,Open,Secondary,Non-selective
137003,Fullbrook School,Open,Secondary,Non-selective
137004,Outwood Academy Foxhills,Open,Secondary,Non-selective
137005,Graveney School,Open,Secondary,Non-selective
137006,Langley Park School for Girls,Open,Secondary,Non-selective
137007,Langley School,Open,Secondary,Non-selective
137008,Lode Heath School,Open,Secondary,Non-selective
137009,Rivers Academy West London,Open,Secondary,Non-selective
137011,Minsthorpe Community College,Open,Secondary,Non-selective
137013,Notley High School and Braintree Sixth Form,Open,Secondary,Non-selective
137019,Rodborough,Open,Secondary,Non-selective
137020,West Hill School,Open,Secondary,Non-selective
137024,Chulmleigh Community College,Open,Secondary,Non-selective
137028,Nower Hill High School,Open,Secondary,Non-selective
137033,Katharine Lady Berkeley's School,Open,Secondary,Non-selective
137034,Holyhead School,Open,Secondary,Non-selective
137036,Lightcliffe Academy,Open,Secondary,Non-selective
137037,Upper Shirley High School,Open,Secondary,Non-selective
137038,Verulam School,Open,Secondary,Non-selective
137039,The Hathershaw College,Open,Secondary,Non-selective
137040,The Campion School,Open,Secondary,Non-selective
137043,King Edward VI Aston School,Open,Secondary,Selective
137044,King Edward VI Camp Hill School for Girls,Open,Secondary,Selective
137045,King Edward VI Camp Hill School for Boys,Open,Secondary,Selective
137046,King Edward VI Five Ways School,Open,Secondary,Selective
137047,King Edward VI Handsworth School,Open,Secondary,Selective
137048,Mayflower High School,Open,Secondary,Non-selective
137051,Nunnery Wood High School,Open,Secondary,Non-selective
137052,E-Act Ousedale School,Open,Secondary,Non-selective
137053,Plantsbrook School,Open,Secondary,Non-selective
137055,Sir John Leman High School,Open,Secondary,Non-selective
137057,St Laurence School,Open,Secondary,Non-selective
137058,St Mark's West Essex Catholic School,Open,Secondary,Non-selective
137059,Thomas Keble School,Open,Secondary,Non-selective
137060,Tolworth Girls' School and Sixth Form,Open,Secondary,Non-selective
137063,Portslade Aldridge Community Academy,Open,Secondary,Non-selective
137065,Co-op Academy Leeds,Open,Secondary,Non-selective
137066,Ash Hill Academy,Open,Secondary,Non-selective
137072,Hylands School,Open,Secondary,Non-selective
137073,Kingstone High School,Open,Secondary,Non-selective
137075,Park High School,Open,Secondary,Non-selective
137077,Rosedale College,Open,Secondary,Non-selective
137078,Hewens College,Open,Secondary,Non-selective
137079,George Eliot Academy,Open,Secondary,Non-selective
137080,Stanchester Academy,Open,Secondary,Non-selective
137082,Nene Park Academy,Open,Secondary,Non-selective
137083,Abbey Grange Church of England Academy,Open,Secondary,Non-selective
137085,Carlton Academy,Open,Secondary,Non-selective
137086,Bishop Stopford School,Open,Secondary,Non-selective
137087,Campion School,Open,Secondary,Non-selective
137088,The Palmer Catholic Academy,Open,Secondary,Non-selective
137090,The Chauncy School,Open,Secondary,Non-selective
137091,Chesham Grammar School,Open,Secondary,Selective
137092,Diss High School,Open,Secondary,Non-selective
137094,Enfield Grammar School,Open,Secondary,Non-selective
137096,"The Academy, Selsey",Open,Secondary,Non-selective
137097,Farmor's School,Open,Secondary,Non-selective
137099,Gravesend Grammar School,Open,Secondary,Selective
137100,The Hart School,Open,Secondary,Non-selective
137101,Hanley Castle High School,Open,Secondary,Non-selective
137104,Hillview School for Girls,Open,Secondary,Non-selective
137107,Kirkby Stephen Grammar School,Open,Secondary,Non-selective
137109,Ormiston Ilkeston Enterprise Academy,Open,Secondary,Non-selective
137110,Longdean School,Open,Secondary,Non-selective
137111,Lostock Hall Academy,Open,Secondary,Non-selective
137112,South Nottinghamshire Academy,Open,Secondary,Non-selective
137115,Lutterworth High School,Open,Secondary,Non-selective
137116,The Magna Carta School,Open,Secondary,Non-selective
137117,Retford Oaks Academy,Open,Secondary,Non-selective
137120,Manor High School,Open,Secondary,Not applicable
137121,Harris Academy Beckenham,Open,Secondary,Non-selective
137123,Marling School,Open,Secondary,Selective
137124,Newton Abbot College,Open,Secondary,Non-selective
137125,Noadswood School,Open,Secondary,Non-selective
137128,Perins School,Open,Secondary,Non-selective
137129,Priestlands School,Open,Secondary,Non-selective
137130,Prenton High School for Girls,Open,Secondary,Non-selective
137131,Queen Elizabeth's Girls' School,Open,Secondary,Non-selective
137133,The Blue Coat CofE School,Open,Secondary,Non-selective
137134,East Point Academy,Open,Secondary,Non-selective
137135,Sir Robert Pattinson Academy,Open,Secondary,Non-selective
137138,Lift Bexleyheath,Open,Secondary,Non-selective
137139,St Aidan's Church of England High School,Open,Secondary,Non-selective
137140,King Alfred's,Open,Secondary,Non-selective
137146,"Landau Forte Academy, QEMS",Open,Secondary,Non-selective
137152,Ormiston Rivers Academy,Open,Secondary,Non-selective
137156,Leventhorpe,Open,Secondary,Non-selective
137157,The London Oratory School,Open,Secondary,Non-selective
137158,The Manor Academy,Open,Secondary,Non-selective
137159,The National CofE Academy,Open,Secondary,Non-selective
137160,The Ridgeway School & Sixth Form College,Open,Secondary,Non-selective
137161,The Robert Smyth Academy,Open,Secondary,Non-selective
137162,The Stourport High School and Sixth Form College,Open,Secondary,Non-selective
137163,The Thomas Hardye School,Open,Secondary,Non-selective
137164,Staffordshire University Academy,Open,Secondary,Non-selective
137166,"The King's School, Grantham",Open,Secondary,Selective
137167,Trinity High School and Sixth Form Centre,Open,Secondary,Non-selective
137169,Vandyke Upper School,Open,Secondary,Non-selective
137170,Welland Park Academy,Open,Secondary,Non-selective
137171,Wirral Grammar School for Girls,Open,Secondary,Selective
137172,Alcester Academy,Open,Secondary,Non-selective
137176,Coombeshead Academy,Open,Secondary,Non-selective
137177,Harrow High School,Open,Secondary,Non-selective
137178,Bentley Wood High School,Open,Secondary,Non-selective
137181,The UCL Academy,Open,Secondary,Non-selective
137184,Nottingham Girls' Academy,Open,Secondary,Non-selective
137186,Dyson Perrins CofE Academy,Open,Secondary,Non-selective
137188,Lift Tendring,Open,Secondary,Non-selective
137190,The Commonweal School,Open,Secondary,Non-selective
137192,Whitstone,Open,Secondary,Non-selective
137196,Ormiston Maritime Academy,Open,Secondary,Non-selective
137197,Hall Mead School,Open,Secondary,Non-selective
137198,Rooks Heath School,Open,Secondary,Non-selective
137199,Canons High School,Open,Secondary,Non-selective
137200,Humberston Academy,Open,Secondary,Non-selective
137202,St Dunstan's School,Open,Secondary,Non-selective
137203,Westfield Academy,Open,Secondary,Non-selective
137204,Hatch End High School,Open,Secondary,Non-selective
137205,Dallam School,Open,Secondary,Non-selective
137206,Tor Bridge High,Open,Secondary,Non-selective
137208,Holbrook Academy,Open,Secondary,Non-selective
137209,West Coventry Academy,Open,Secondary,Non-selective
137213,Carre's Grammar School,Open,Secondary,Selective
137214,William Edwards School,Open,Secondary,Non-selective
137215,The Chalfonts Community College,Open,Secondary,Non-selective
137217,Cirencester Kingshill School,Open,Secondary,Non-selective
137218,East Bergholt High School,Open,Secondary,Non-selective
137219,Dr Challoner's High School,Open,Secondary,Selective
137221,Drayton Manor High School,Open,Secondary,Non-selective
137223,Falmouth School,Open,Secondary,Non-selective
137225,The Westwood Academy,Open,Secondary,Non-selective
137227,Wilmington Grammar School for Boys,Open,Secondary,Selective
137228,Great Torrington School,Open,Secondary,Non-selective
137229,Hounsdown School,Open,Secondary,Non-selective
137230,Kingdown School,Open,Secondary,Non-selective
137231,Light Hall School,Open,Secondary,Non-selective
137233,Sacred Heart of Mary Girls' School,Open,Secondary,Non-selective
137235,Stratford Girls' Grammar School,Open,Secondary,Selective
137236,Stratford Upon Avon School,Open,Secondary,Non-selective
137237,Thamesmead School,Open,Secondary,Non-selective
137239,The Romsey School,Open,Secondary,Non-selective
137240,The Sandon School,Open,Secondary,Non-selective
137241,Thurstable School,Open,Secondary,Non-selective
137243,West Kirby Grammar School,Open,Secondary,Selective
137248,St Peter's School,Open,Secondary,Non-selective
137250,Wilmington Grammar School for Girls,Open,Secondary,Selective
137251,Appleby Grammar School,Open,Secondary,Non-selective
137252,William Howard School,Open,Secondary,Non-selective
137254,Caldew School,Open,Secondary,Non-selective
137259,Baylis Court School,Open,Secondary,Non-selective
137260,Chelmer Valley High School,Open,Secondary,Non-selective
137261,John Colet School,Open,Secondary,Non-selective
137262,Kepier,Open,Secondary,Non-selective
137263,Hazelwick School,Open,Secondary,Non-selective
137264,Lydiard Park Academy,Open,Secondary,Non-selective
137267,Ranelagh School,Open,Secondary,Non-selective
137269,Settlebeck School,Open,Secondary,Non-selective
137270,Sir John Lawes School,Open,Secondary,Non-selective
137272,Blue Coat Church of England School and Music College,Open,Secondary,Non-selective
137277,Dixons Kings Academy,Open,Secondary,Non-selective
137280,Chiltern Hills Academy,Open,Secondary,Non-selective
137282,University Academy Holbeach,Open,Secondary,Non-selective
137284,The Eastwood Academy,Open,Secondary,Non-selective
137285,The Blue School,Open,Secondary,Non-selective
137287,Slough and Eton Church of England Business and Enterprise College,Open,Secondary,Non-selective
137288,Hitchin Girls' School,Open,Secondary,Non-selective
137289,Altrincham Grammar School for Girls,Open,Secondary,Selective
137294,The Crompton House Church of England Academy,Open,Secondary,Non-selective
137296,Bishop Rawstorne Church of England Academy,Open,Secondary,Non-selective
137297,Birkdale High School,Open,Secondary,Non-selective
137298,Severn Vale School,Open,Secondary,Non-selective
137299,Richard Challoner School,Open,Secondary,Non-selective
137300,Priory Community School,Open,Secondary,Non-selective
137302,King Edward VI School,Open,Secondary,Selective
137305,St Ivo Academy,Open,Secondary,Non-selective
137308,Malmesbury School,Open,Secondary,Non-selective
137309,The King David High School,Open,Secondary,Non-selective
137310,St Thomas More High School,Open,Secondary,Non-selective
137312,St Bernard's High School,Open,Secondary,Non-selective
137313,Sexey's School,Open,Secondary,Non-selective
137314,Woolmer Hill School,Open,Secondary,Non-selective
137315,Testwood School,Open,Secondary,Non-selective
137319,Tuxford Academy,Open,Secondary,Non-selective
137321,Felixstowe School,Open,Secondary,Non-selective
137336,The Corbet School,Open,Secondary,Non-selective
137338,Cartmel Priory CofE School,Open,Secondary,Non-selective
137339,St Albans Girls' School,Open,Secondary,Non-selective
137340,Casterton College Rutland,Open,Secondary,Non-selective
137342,Garstang Community Academy,Open,Secondary,Non-selective
137343,Amersham School,Open,Secondary,Non-selective
137344,Royal Latin School,Open,Secondary,Selective
137345,Oaklands Catholic School,Open,Secondary,Non-selective
137346,Hillcrest School and Sixth Form Centre,Open,Secondary,Non-selective
137352,"Shelley College, A Share Academy",Open,Secondary,Non-selective
137353,The St Marylebone CofE School,Open,Secondary,Non-selective
137355,Waddesdon Church of England School,Open,Secondary,Non-selective
137356,Biddulph High School,Open,Secondary,Non-selective
137357,Wallingford School,Open,Secondary,Non-selective
137360,Whickham School,Open,Secondary,Non-selective
137361,Clarion,Open,Secondary,Non-selective
137367,Limehurst Academy,Open,Secondary,Non-selective
137369,Trinity School,Open,Secondary,Non-selective
137375,St Augustine's Catholic College,Open,Secondary,Non-selective
137376,The Thomas Aveling School,Open,Secondary,Non-selective
137377,"Abbey College, Ramsey",Open,Secondary,Non-selective
137379,Harris Girls Academy Bromley,Open,Secondary,Non-selective
137382,Wyedean School and Sixth Form Centre,Open,Secondary,Non-selective
137383,Woodkirk Academy,Open,Secondary,Non-selective
137384,Cannock Chase High School,Open,Secondary,Non-selective
137386,Mill Hill County High School,Open,Secondary,Non-selective
137387,Dene Magna School,Open,Secondary,Non-selective
137388,Christ's College Finchley,Open,Secondary,Non-selective
137389,Chatham Grammar,Open,Secondary,Selective
137390,Pegasus Academy,Open,Secondary,Non-selective
137396,Redden Court School,Open,Secondary,Non-selective
137401,Woodbrook Vale School,Open,Secondary,Non-selective
137407,Bishop Ramsey Church of England School,Open,Secondary,Non-selective
137409,The Becket School,Open,Secondary,Non-selective
137412,Outwood Academy Ripon,Open,Secondary,Non-selective
137414,Emerson Park Academy,Open,Secondary,Non-selective
137416,Warden Park Secondary Academy,Open,Secondary,Non-selective
137418,The Ursuline Academy Ilford,Open,Secondary,Non-selective
137421,Accrington St Christopher's Church of England High School,Open,Secondary,Non-selective
137423,Chislehurst and Sidcup Grammar School,Open,Secondary,Selective
137424,Batley Girls' High School,Open,Secondary,Non-selective
137427,Bassingbourn Village College,Open,Secondary,Non-selective
137431,Cromer Academy,Open,Secondary,Non-selective
137434,Cottenham Village College,Open,Secondary,Non-selective
137436,Formby High School,Open,Secondary,Non-selective
137440,Cotham School,Open,Secondary,Non-selective
137442,Clapton Girls' Academy,Open,Secondary,Non-selective
137444,Rastrick High School,Open,Secondary,Non-selective
137445,Passmores Academy,Open,Secondary,Non-selective
137446,Haberdashers' Adams,Open,Secondary,Selective
137447,Lincoln Christ's Hospital School,Open,Secondary,Non-selective
137448,Fred Longworth High School,Open,Secondary,Non-selective
137449,Holmes Chapel Comprehensive School,Open,Secondary,Non-selective
137452,Bournemouth School,Open,Secondary,Selective
137453,The Vale Academy,Open,Secondary,Non-selective
137456,St Clere's School,Open,Secondary,Non-selective
137457,Cramlington Learning Village,Open,Secondary,Non-selective
137458,Brockhill Park Performing Arts College,Open,Secondary,Non-selective
137461,Wymondham High Academy,Open,Secondary,Non-selective
137462,Cedars Upper School,Open,Secondary,Non-selective
137464,John Whitgift Academy,Open,Secondary,Non-selective
137465,St Bartholomew's School,Open,Secondary,Non-selective
137472,Don Valley Academy,Open,Secondary,Non-selective
137474,Barton Court Grammar School,Open,Secondary,Selective
137475,Hinchingbrooke School,Open,Secondary,Non-selective
137476,Wirral Grammar School for Boys,Open,Secondary,Selective
137484,Homewood School and Sixth Form Centre,Open,Secondary,Non-selective
137491,Sandbach School,Open,Secondary,Non-selective
137500,Moor End Academy,Open,Secondary,Non-selective
137514,Chesterfield High School,Open,Secondary,Non-selective
137515,Colchester County High School for Girls,Open,Secondary,Selective
137520,Maghull High School,Open,Secondary,Non-selective
137522,Wootton Upper School,Open,Secondary,Non-selective
137523,Wellsway School,Open,Secondary,Non-selective
137527,Melbourn Village College,Open,Secondary,Non-selective
137531,Alexandra Park School,Open,Secondary,Non-selective
137532,Goffs Academy,Open,Secondary,Non-selective
137533,Deyes High School,Open,Secondary,Non-selective
137535,Amery Hill School,Open,Secondary,Non-selective
137538,Cams Hill School,Open,Secondary,Non-selective
137539,Hasmonean High School for Boys,Open,Secondary,Non-selective
137540,Kibworth Mead Academy,Open,Secondary,Non-selective
137541,Lynn Grove Academy,Open,Secondary,Non-selective
137546,Twyford Church of England High School,Open,Secondary,Non-selective
137547,Witchford Village College,Open,Secondary,Non-selective
137548,Writhlington School,Open,Secondary,Non-selective
137549,Harris Academy Chafford Hundred,Open,Secondary,Non-selective
137552,"Stewards Academy - Science Specialist, Harlow",Open,Secondary,Non-selective
137553,The Weston Road Academy,Open,Secondary,Non-selective
137558,Highams Park School,Open,Secondary,Non-selective
137564,Burnham Grammar School,Open,Secondary,Selective
137572,Bourne Academy,Open,Secondary,Non-selective
137577,The Farnley Academy,Open,Secondary,Non-selective
137581,Leigh Academy Ebbsfleet,Open,Secondary,Non-selective
137582,The Rudheath Senior Academy,Open,Secondary,Non-selective
137595,Epsom and Ewell High School,Open,Secondary,Non-selective
137598,Berwick Academy,Open,Secondary,Non-selective
137600,Stamford Welland Academy,Open,Secondary,Non-selective
137603,Ridgewood School,Open,Secondary,Non-selective
137604,Greenbank High School,Open,Secondary,Non-selective
137606,Heanor Gate Spencer Academy,Open,Secondary,Non-selective
137608,Lady Hawkins' School,Open,Secondary,Non-selective
137612,Range High School,Open,Secondary,Non-selective
137613,Manor School,Open,Secondary,Non-selective
137614,Moulton School and Science College,Open,Secondary,Non-selective
137617,John Ferneley College,Open,Secondary,Non-selective
137618,Springwest Academy,Open,Secondary,Non-selective
137621,Sheringham High School,Open,Secondary,Non-selective
137622,Carmel College,Open,Secondary,Non-selective
137625,The Chase,Open,Secondary,Non-selective
137627,St Bede's Catholic College,Open,Secondary,Non-selective
137628,The Joseph Whitaker School,Open,Secondary,Non-selective
137633,Bishopshalt School,Open,Secondary,Non-selective
137634,Churchdown School,Open,Secondary,Non-selective
137635,Vyners School,Open,Secondary,Non-selective
137637,Birchwood High School,Open,Secondary,Non-selective
137638,Consett Academy,Open,Secondary,Non-selective
137640,Rawlins,Open,Secondary,Non-selective
137645,Hendon School,Open,Secondary,Non-selective
137650,Kingsbury Green Academy,Open,Secondary,Non-selective
137667,Kesteven and Sleaford High School Selective Academy,Open,Secondary,Selective
137673,Ormiston Forge Academy,Open,Secondary,Non-selective
137674,Ormiston Endeavour Academy,Open,Secondary,Non-selective
137675,"King's Leadership Academy, Liverpool",Open,Secondary,Non-selective
137678,The Hollyfield School and Sixth Form Centre,Open,Secondary,Non-selective
137679,Icknield High School,Open,Secondary,Non-selective
137681,St Catherine's Catholic School,Open,Secondary,Non-selective
137684,The Dorcan Academy,Open,Secondary,Non-selective
137685,Kingsbury High School,Open,Secondary,Non-selective
137687,The Sittingbourne School,Open,Secondary,Non-selective
137692,Forest Academy,Open,Secondary,Non-selective
137694,Burnt Mill Academy,Open,Secondary,Non-selective
137695,Cox Green School,Open,Secondary,Non-selective
137696,Framwellgate School Durham,Open,Secondary,Non-selective
137701,Oldbury Academy,Open,Secondary,Non-selective
137702,St John's Catholic School & Sixth Form College,Open,Secondary,Non-selective
137703,Queen Elizabeth High School,Open,Secondary,Non-selective
137704,Otley Prince Henry's Grammar School Specialist Language College,Open,Secondary,Non-selective
137705,Beacon Hill Academy,Open,Secondary,Non-selective
137706,Willenhall E-ACT Academy,Open,Secondary,Non-selective
137707,The Streetly Academy,Open,Secondary,Non-selective
137708,Sacred Heart Catholic High School,Open,Secondary,Non-selective
137726,Herschel Grammar School,Open,Secondary,Selective
137727,Anglo European School,Open,Secondary,Non-selective
137729,Featherstone High School,Open,Secondary,Non-selective
137730,Heath Park,Open,Secondary,Non-selective
137733,Shoeburyness High School,Open,Secondary,Non-selective
137734,St Thomas More Catholic High School,Open,Secondary,Non-selective
137735,The Beacon School,Open,Secondary,Non-selective
137736,Rosebery School,Open,Secondary,Non-selective
137739,Cranbrook School,Open,Secondary,Selective
137740,Furze Platt Senior School,Open,Secondary,Non-selective
137742,South Axholme Academy,Open,Secondary,Non-selective
137745,Mulberry Academy Woodside,Open,Secondary,Non-selective
137746,The King Edward VI School,Open,Secondary,Non-selective
137752,Tewkesbury Academy,Open,Secondary,Non-selective
137754,Norbury High School for Girls,Open,Secondary,Non-selective
137755,Brixham College,Open,Secondary,Non-selective
137757,Bishop's Hatfield Girls' School,Open,Secondary,Non-selective
137759,The Axholme Academy,Open,Secondary,Non-selective
137763,The Brunts Academy,Open,Secondary,Non-selective
137766,Campion School,Open,Secondary,Non-selective
137767,Higham Lane School,Open,Secondary,Non-selective
137768,Tarleton Academy,Open,Secondary,Non-selective
137769,Townley Grammar School,Open,Secondary,Selective
137771,Etone College,Open,Secondary,Non-selective
137772,Shirley High School Performing Arts College,Open,Secondary,Non-selective
137773,Kingswinford Academy,Open,Secondary,Non-selective
137775,Horsforth School,Open,Secondary,Non-selective
137777,Denefield School,Open,Secondary,Non-selective
137781,Ash Green School,Open,Secondary,Non-selective
137782,The Regis School,Open,Secondary,Non-selective
137783,Lowton Church of England High School,Open,Secondary,Non-selective
137789,Mulberry Academy Shoreditch,Open,Secondary,Non-selective
137790,Plume School,Open,Secondary,Non-selective
137791,King's Academy Bay House,Open,Secondary,Non-selective
137793,Bourne Grammar School,Open,Secondary,Selective
137798,Bluecoat Aspley Academy,Open,Secondary,Non-selective
137799,Humphrey Perkins School,Open,Secondary,Non-selective
137800,Borden Grammar School,Open,Secondary,Selective
137801,Trinity CofE High School,Open,Secondary,Non-selective
137812,The Earls High School,Open,Secondary,Non-selective
137815,Weatherhead High School,Open,Secondary,Non-selective
137826,Impington Village College,Open,Secondary,Non-selective
137828,The Martin High School Anstey,Open,Secondary,Non-selective
137829,Northwood School,Open,Secondary,Non-selective
137830,Joseph Leckie Academy,Open,Secondary,Non-selective
137833,The Maplesden Noakes School,Open,Secondary,Non-selective
137834,"Mayfield Grammar School, Gravesend",Open,Secondary,Selective
137837,The Folkestone School for Girls,Open,Secondary,Selective
137839,Looe Community Academy,Open,Secondary,Non-selective
137842,Hall Cross Academy,Open,Secondary,Non-selective
137843,Cheadle Hulme High School,Open,Secondary,Non-selective
137844,Barnhill Community High School,Open,Secondary,Non-selective
137847,Stanborough School,Open,Secondary,Non-selective
137848,Coombe Girls' School,Open,Secondary,Non-selective
137849,St Alban's Catholic High School,Open,Secondary,Non-selective
137851,"St Thomas More Catholic School, Blaydon",Open,Secondary,Non-selective
137852,"Cardinal Hume Catholic School, Gateshead",Open,Secondary,Non-selective
137855,Hinchley Wood School,Open,Secondary,Non-selective
137857,Quarrydale Academy,Open,Secondary,Non-selective
137858,Hall Green School,Open,Secondary,Non-selective
137859,Coombe Boys' School,Open,Secondary,Non-selective
137867,Thomas Clarkson Academy,Open,Secondary,Non-selective
137869,Salendine Nook High School,Open,Secondary,Non-selective
137872,Bushey Meads School,Open,Secondary,Non-selective
137873,The Deepings School,Open,Secondary,Non-selective
137874,The Boswells School,Open,Secondary,Non-selective
137877,Shenfield High School,Open,Secondary,Non-selective
137878,Chenderit School,Open,Secondary,Non-selective
137880,Stanground Academy,Open,Secondary,Non-selective
137884,Clevedon School,Open,Secondary,Non-selective
137886,Stratton School,Open,Secondary,Non-selective
137895,The Saint John Henry Newman Catholic School,Open,Secondary,Non-selective
137899,Hungerhill School,Open,Secondary,Non-selective
137900,St Cuthbert's High School,Open,Secondary,Non-selective
137901,Stradbroke High School,Open,Secondary,Non-selective
137902,Netherthorpe School,Open,Secondary,Non-selective
137903,Parkside Academy,Open,Secondary,Non-selective
137904,Fulbrook School,Open,Secondary,Non-selective
137906,Blenheim High School,Open,Secondary,Non-selective
137907,Chiswick School,Open,Secondary,Non-selective
137908,Saint John Houghton Catholic Voluntary Academy,Open,Secondary,Non-selective
137911,Allestree Woodlands School,Open,Secondary,Non-selective
137912,Sir Christopher Hatton Academy,Open,Secondary,Non-selective
137913,"Notre Dame High School, Norwich",Open,Secondary,Non-selective
137914,Saint Joan of Arc Catholic School,Open,Secondary,Non-selective
137916,The Blue Coat School,Open,Secondary,Selective
137917,Southborough High School,Open,Secondary,Non-selective
137919,Bartholomew School,Open,Secondary,Non-selective
137921,Gillotts School,Open,Secondary,Non-selective
137922,Saint Michael's Catholic High School,Open,Secondary,Non-selective
137923,Hazel Grove High School,Open,Secondary,Non-selective
137924,St Bede's Inter-Church School,Open,Secondary,Non-selective
137925,The Douay Martyrs Catholic School,Open,Secondary,Non-selective
137926,The Gilberd School,Open,Secondary,Non-selective
137927,The Stanway School,Open,Secondary,Non-selective
137928,"Gumley House RC Convent School, FCJ",Open,Secondary,Non-selective
137929,Upton Hall School FCJ,Open,Secondary,Selective
137931,South Wigston High School,Open,Secondary,Not applicable
137935,Sacred Heart High School,Open,Secondary,Non-selective
137936,Chipping Norton School,Open,Secondary,Non-selective
137937,The Thomas Lord Audley School,Open,Secondary,Non-selective
137938,Nicholas Breakspear Catholic School,Open,Secondary,Non-selective
137940,Isleworth and Syon School for Boys,Open,Secondary,Non-selective
137941,Harlington Upper School,Open,Secondary,Non-selective
137942,Lord Lawson of Beamish Academy,Open,Secondary,Non-selective
137944,St Helena School,Open,Secondary,Non-selective
137945,Manningtree High School,Open,Secondary,Non-selective
137948,Samuel Whitbread Academy,Open,Secondary,Non-selective
137949,Wayland Academy,Open,Secondary,Non-selective
137954,City Heights E-ACT Academy,Open,Secondary,Non-selective
137965,Blackfen School for Girls,Open,Secondary,Non-selective
137968,Redmoor Academy,Open,Secondary,Non-selective
137969,Bosworth Academy,Open,Secondary,Non-selective
137970,The Cherwell School,Open,Secondary,Non-selective
137973,Montgomery Academy,Open,Secondary,Non-selective
137974,Aldridge School - A Science College,Open,Secondary,Non-selective
137976,Langtree School,Open,Secondary,Non-selective
137981,Ashfield Comprehensive School,Open,Secondary,Non-selective
137982,Beacon Academy,Open,Secondary,Non-selective
137983,Wreake Valley Academy,Open,Secondary,Non-selective
137984,Wigston Academy,Open,Secondary,Not applicable
137985,Presdales School,Open,Secondary,Non-selective
137988,Bishop Vesey's Grammar School,Open,Secondary,Selective
137993,Faringdon Community College,Open,Secondary,Non-selective
137994,Saint Claudine's Catholic School for Girls,Open,Secondary,Non-selective
137995,St Mark's Catholic School,Open,Secondary,Non-selective
138002,Knutsford Academy,Open,Secondary,Non-selective
138006,De Lacy Academy,Open,Secondary,Non-selective
138012,The Westgate School,Open,Secondary,Non-selective
138018,St Bede's Catholic Voluntary Academy,Open,Secondary,Non-selective
138019,The Norton Knatchbull School,Open,Secondary,Selective
138020,The John of Gaunt School,Open,Secondary,Non-selective
138023,Coundon Court,Open,Secondary,Non-selective
138024,Wadebridge School,Open,Secondary,Non-selective
138027,Henlow Church of England Academy,Open,Secondary,Not applicable
138032,King Charles I School,Open,Secondary,Non-selective
138038,The Cowplain School,Open,Secondary,Non-selective
138039,Hellesdon High School,Open,Secondary,Non-selective
138041,Braunton Academy,Open,Secondary,Non-selective
138042,The Marlborough Science Academy,Open,Secondary,Non-selective
138051,The Henrietta Barnett School,Open,Secondary,Selective
138053,Sir Harry Smith Community College,Open,Secondary,Non-selective
138054,St Anthony's Girls' Catholic Academy,Open,Secondary,Non-selective
138058,Holmer Green Senior School,Open,Secondary,Non-selective
138059,Rockwood Academy,Open,Secondary,Non-selective
138067,Daubeney Academy,Open,Secondary,Non-selective
138069,Tapton School & Sixth Form,Open,Secondary,Non-selective
138075,Easington Academy,Open,Secondary,Non-selective
138076,The Elizabethan Academy,Open,Secondary,Non-selective
138079,The Roundhill Academy,Open,Secondary,Non-selective
138082,Hull Trinity House Academy,Open,Secondary,Non-selective
138084,Clacton County High School,Open,Secondary,Non-selective
138087,Belle Vue Girls' Academy,Open,Secondary,Non-selective
138089,Haughton Academy,Open,Secondary,Non-selective
138097,Cedar Mount Academy,Open,Secondary,Non-selective
138098,Moseley Park,Open,Secondary,Non-selective
138103,Southmoor Academy,Open,Secondary,Non-selective
138106,Loreto College,Open,Secondary,Non-selective
138107,Bishop Perowne CofE College,Open,Secondary,Non-selective
138108,The Market Bosworth School,Open,Secondary,Non-selective
138110,Hawkley Hall High School,Open,Secondary,Non-selective
138111,BBG Academy,Open,Secondary,Non-selective
138116,Campsmount Academy,Open,Secondary,Non-selective
138120,Kenton School,Open,Secondary,Non-selective
138123,Ashton-on-Mersey School,Open,Secondary,Non-selective
138124,Broadoak School,Open,Secondary,Non-selective
138134,Saint Ambrose College,Open,Secondary,Selective
138135,Robert May's School,Open,Secondary,Non-selective
138136,The Arthur Terry School,Open,Secondary,Non-selective
138137,Stockland Green School,Open,Secondary,Non-selective
138148,Hartford Church of England High School,Open,Secondary,Non-selective
138150,Lutterworth College,Open,Secondary,Non-selective
138155,Gartree High School,Open,Secondary,Not applicable
138162,Castle Manor Academy,Open,Secondary,Non-selective
138167,Astor Secondary School,Open,Secondary,Non-selective
138172,"St Bede's Catholic School and Sixth Form College, Lanchester",Open,Secondary,Non-selective
138174,Belfairs Academy,Open,Secondary,Non-selective
138178,Riddlesdown Collegiate,Open,Secondary,Non-selective
138183,Bellerive FCJ Catholic College,Open,Secondary,Non-selective
138184,Wyvern College,Open,Secondary,Non-selective
138187,Woodcote High School,Open,Secondary,Non-selective
138190,Harrogate High School,Open,Secondary,Non-selective
138191,The South Wolds Academy & Sixth Form,Open,Secondary,Non-selective
138193,Avonbourne Girls Academy,Open,Secondary,Non-selective
138202,Wapping High School,Open,Secondary,Non-selective
138204,Bedminster Down School,Open,Secondary,Non-selective
138210,The Henry Box School,Open,Secondary,Non-selective
138216,The Priory School,Open,Secondary,Non-selective
138220,Tauheedul Islam Boys' High School,Open,Secondary,Non-selective
138221,St Joseph's College,Open,Secondary,Non-selective
138222,Aston University Engineering Academy,Open,Secondary,Non-selective
138227,Avanti House School,Open,Secondary,Non-selective
138228,Bedford Free School,Open,Secondary,Non-selective
138233,Atherton High School,Open,Secondary,Non-selective
138235,The Parker E-ACT Academy,Open,Secondary,Non-selective
138239,Becket Keys Church of England Free School,Open,Secondary,Non-selective
138245,Ark Greenwich Free School,Open,Secondary,Non-selective
138246,Sirius Academy North,Open,Secondary,Non-selective
138247,Outwood Academy Valley,Open,Secondary,Non-selective
138248,Outwood Academy Portland,Open,Secondary,Non-selective
138250,Breckland School,Open,Secondary,Non-selective
138251,Dixons Trinity Academy,Open,Secondary,Non-selective
138254,Corby Technical School,Open,Secondary,Non-selective
138260,King's Leadership Academy Hawthornes,Open,Secondary,Non-selective
138267,Ark Bolingbroke Academy,Open,Secondary,Non-selective
138274,Beccles High School,Open,Secondary,Non-selective
138286,Beaumont School,Open,Secondary,Non-selective
138287,The Costello School,Open,Secondary,Non-selective
138289,Burford School,Open,Secondary,Non-selective
138290,Saint Martin's Catholic Voluntary Academy,Open,Secondary,Non-selective
138298,De Lisle College Loughborough Leicestershire,Open,Secondary,Non-selective
138301,The Newbridge School,Open,Secondary,Non-selective
138304,Crawshaw Academy,Open,Secondary,Non-selective
138312,Westminster City School,Open,Secondary,Non-selective
138313,The Grey Coat Hospital,Open,Secondary,Non-selective
138314,Armthorpe Academy,Open,Secondary,Non-selective
138318,Neston High School,Open,Secondary,Non-selective
138323,Brookvale Groby Learning Campus,Open,Secondary,Non-selective
138326,The Frances Bardsley Academy for Girls,Open,Secondary,Non-selective
138327,Heath Lane Academy,Open,Secondary,Non-selective
138329,St Bernard's Catholic High School,Open,Secondary,Non-selective
138336,Rodillian Academy,Open,Secondary,Non-selective
138337,All Saints' Catholic High School,Open,Secondary,Non-selective
138341,The Trinity Catholic School A Voluntary Academy,Open,Secondary,Non-selective
138342,Altwood Church of England School,Open,Secondary,Non-selective
138350,Ivanhoe School,Open,Secondary,Non-selective
138351,The Rural Enterprise Academy,Open,Secondary,Non-selective
138352,Tring School,Open,Secondary,Non-selective
138355,Hilbre High School,Open,Secondary,Non-selective
138356,St George's School,Open,Secondary,Non-selective
138360,St Mary's Church of England High School (VA),Open,Secondary,Non-selective
138361,Notre Dame High School,Open,Secondary,Non-selective
138368,Parkside Studio College,Open,Secondary,Non-selective
138370,Torquay Academy,Open,Secondary,Non-selective
138373,Chantry Academy,Open,Secondary,Non-selective
138374,West Walsall E-ACT Academy,Open,Secondary,Non-selective
138385,LeAF Studio,Open,Secondary,Non-selective
138411,Meden School,Open,Secondary,Non-selective
138414,Chaucer School,Open,Secondary,Non-selective
138421,The Dean Academy,Open,Secondary,Non-selective
138435,Lift Tamworth,Open,Secondary,Non-selective
138437,Bridgemary School,Open,Secondary,Non-selective
138439,Lift Sir Herbert Leon,Open,Secondary,Non-selective
138448,Orchard School Bristol,Open,Secondary,Non-selective
138449,Harris Academy Greenwich,Open,Secondary,Non-selective
138457,Wembley High Technology College,Open,Secondary,Non-selective
138458,Salvatorian Roman Catholic College,Open,Secondary,Non-selective
138459,The Holy Cross School,Open,Secondary,Non-selective
138460,Teddington School,Open,Secondary,Non-selective
138461,Waldegrave School,Open,Secondary,Non-selective
138464,Loreto Grammar School,Open,Secondary,Selective
138466,Nailsea School,Open,Secondary,Non-selective
138470,"St Mary's Catholic High School, A Catholic Voluntary Academy",Open,Secondary,Non-selective
138471,The Gryphon School,Open,Secondary,Non-selective
138473,Seaford Head School,Open,Secondary,Non-selective
138474,Ratton School,Open,Secondary,Non-selective
138476,St Anne's Catholic School,Open,Secondary,Non-selective
138478,The Castle Rock School,Open,Secondary,Non-selective
138480,The Harvey Grammar School,Open,Secondary,Selective
138482,Rushcliffe Spencer Academy,Open,Secondary,Non-selective
138483,Tarporley High School and Sixth Form College,Open,Secondary,Non-selective
138484,The Sele School,Open,Secondary,Non-selective
138490,Didcot Girls' School,Open,Secondary,Non-selective
138491,The Bishop Wand Church of England School,Open,Secondary,Non-selective
138495,Harris Academy Morden,Open,Secondary,Non-selective
138496,SGS Forest High School,Open,Secondary,Non-selective
138499,Wykham Park,Open,Secondary,Non-selective
138505,Arrow Vale High School,Open,Secondary,Non-selective
138506,Ormiston Sudbury Academy,Open,Secondary,Non-selective
138511,The Robert Napier School,Open,Secondary,Non-selective
138521,Brockington College,Open,Secondary,Non-selective
138522,Ralph Allen School,Open,Secondary,Non-selective
138525,Trinity School,Open,Secondary,Non-selective
138527,Thomas Estley Community College,Open,Secondary,Non-selective
138544,Albany Academy,Open,Secondary,Non-selective
138545,Meadowhead School Academy Trust,Open,Secondary,Non-selective
138549,Haywood Academy,Open,Secondary,Non-selective
138562,King's Leadership Academy Warrington,Open,Secondary,Non-selective
138571,Queensbury Academy,Open,Secondary,Non-selective
138585,Lift New Forest,Open,Secondary,Non-selective
138586,Nishkam High School,Open,Secondary,Non-selective
138593,The Featherstone Academy,Open,Secondary,Non-selective
138606,Blue Coat Church of England Academy,Open,Secondary,Non-selective
138607,Lady Margaret School,Open,Secondary,Non-selective
138609,Queens Park Community School,Open,Secondary,Non-selective
138610,Alperton Community School,Open,Secondary,Non-selective
138614,Altrincham College,Open,Secondary,Non-selective
138620,Thomas Bennett Community College,Open,Secondary,Non-selective
138622,"Saint Benedict, A Catholic Voluntary Academy",Open,Secondary,Non-selective
138623,St John's Marlborough,Open,Secondary,Non-selective
138628,Long Field Spencer Academy,Open,Secondary,Non-selective
138630,Devizes School,Open,Secondary,Non-selective
138632,Monk's Walk School,Open,Secondary,Non-selective
138638,Kesteven and Grantham Girls' School,Open,Secondary,Selective
138641,The Kimberley School,Open,Secondary,Non-selective
138647,Parklands High School,Open,Secondary,Non-selective
138650,St Columba's Catholic Boys' School,Open,Secondary,Non-selective
138651,Orleans Park School,Open,Secondary,Non-selective
138662,Eaton Bank Academy,Open,Secondary,Non-selective
138664,Waseley Hills High School,Open,Secondary,Non-selective
138665,"Queen Elizabeth's Grammar School, Horncastle",Open,Secondary,Selective
138667,Lord Williams's School,Open,Secondary,Non-selective
138681,Ark Putney Academy,Open,Secondary,Non-selective
138682,Southfields Academy,Open,Secondary,Non-selective
138685,Copthall School,Open,Secondary,Non-selective
138686,Cleeve Park School,Open,Secondary,Non-selective
138691,Chingford Foundation School,Open,Secondary,Non-selective
138695,George Dixon Academy,Open,Secondary,Non-selective
138696,West Derby School,Open,Secondary,Non-selective
138698,Beis Yaakov High School,Open,Secondary,Non-selective
138699,The Byrchall High School,Open,Secondary,Non-selective
138706,King James's School,Open,Secondary,Non-selective
138707,Horbury Academy,Open,Secondary,Non-selective
138711,Outwood Academy Ormesby,Open,Secondary,Non-selective
138717,Woodham Academy,Open,Secondary,Non-selective
138720,Eggar's School,Open,Secondary,Non-selective
138721,Ibstock School,Open,Secondary,Non-selective
138728,Lift Rawlett,Open,Secondary,Non-selective
138729,Painsley Catholic College,Open,Secondary,Non-selective
138732,Lymm High School,Open,Secondary,Non-selective
138734,"Joyce Frankland Academy, Newport",Open,Secondary,Non-selective
138743,"The County High School, Leftwich",Open,Secondary,Non-selective
138746,Newent Community School and Sixth Form Centre,Open,Secondary,Non-selective
138747,Hertswood Academy,Open,Secondary,Non-selective
138754,Haven High Academy,Open,Secondary,Non-selective
138756,William Lovell Church of England Academy,Open,Secondary,Non-selective
138757,Skegness Grammar School,Open,Secondary,Selective
138758,Acle Academy,Open,Secondary,Non-selective
138762,St Birinus School,Open,Secondary,Non-selective
138765,The Matthew Arnold School,Open,Secondary,Non-selective
138767,Shipston High School,Open,Secondary,Non-selective
138783,King Edward VI Academy,Open,Secondary,Non-selective
138787,Childwall Sports & Science Academy,Open,Secondary,Non-selective
138810,Christ The King Voluntary Academy,Open,Secondary,Non-selective
138817,The Marlborough Church of England School,Open,Secondary,Non-selective
138819,The Priory Belvoir Academy,Open,Secondary,Non-selective
138820,Castle Donington College,Open,Secondary,Not applicable
138823,Charters School,Open,Secondary,Non-selective
138825,Grey Court School,Open,Secondary,Non-selective
138829,Reepham High School and College,Open,Secondary,Non-selective
138831,Winterton Community Academy,Open,Secondary,Non-selective
138832,Alderman White School,Open,Secondary,Non-selective
138834,Brentwood Ursuline Convent High School,Open,Secondary,Non-selective
138836,The Bolsover School,Open,Secondary,Non-selective
138837,Bramcote College,Open,Secondary,Non-selective
138839,"Sir William Robertson Academy, Welbourn",Open,Secondary,Non-selective
138841,King Ecgbert School,Open,Secondary,Non-selective
138845,Nunthorpe Academy,Open,Secondary,Non-selective
138850,St Margaret's Church of England Academy,Open,Secondary,Non-selective
138852,St Peter's Collegiate Academy,Open,Secondary,Non-selective
138853,Woodchurch High School,Open,Secondary,Non-selective
138855,Redland Green School,Open,Secondary,Non-selective
138858,Abbeyfield School,Open,Secondary,Non-selective
138859,South Chingford Foundation School,Open,Secondary,Non-selective
138863,Paignton Academy,Open,Secondary,Non-selective
138865,The James Hornsby School,Open,Secondary,Non-selective
138869,Madani Boys School,Open,Secondary,Non-selective
138879,Desborough College,Open,Secondary,Non-selective
138885,The Clarendon Academy,Open,Secondary,Non-selective
138894,Wigston College,Open,Secondary,Non-selective
138895,Bexhill High Academy,Open,Secondary,Non-selective
138897,Gosford Hill School,Open,Secondary,Non-selective
138918,The Nicholas Hamond Academy,Open,Secondary,Non-selective
138920,Lift Winton,Open,Secondary,Non-selective
138923,Oxclose Community Academy,Open,Secondary,Non-selective
138924,Heston Community School,Open,Secondary,Non-selective
138928,Warlingham School,Open,Secondary,Non-selective
138932,Kingsthorpe College,Open,Secondary,Non-selective
138936,The Wilnecote School,Open,Secondary,Non-selective
138937,King Edward VI Handsworth Wood Girls' Academy,Open,Secondary,Non-selective
138948,Penwortham Priory Academy,Open,Secondary,Non-selective
138950,"St Thomas à Becket Catholic Secondary School, A Voluntary Academy",Open,Secondary,Non-selective
138951,St Wilfrid's Catholic High School & Sixth Form College: A Voluntary Academy,Open,Secondary,Non-selective
138960,Sacred Heart Catholic School,Open,Secondary,Non-selective
138964,East Leake Academy,Open,Secondary,Non-selective
138985,Lift Broadlands,Open,Secondary,Non-selective
139031,St John Plessington Catholic College,Open,Secondary,Non-selective
139036,Kings Langley School,Open,Secondary,Non-selective
139037,Oak Academy,Open,Secondary,Non-selective
139043,Bristnall Hall Academy,Open,Secondary,Non-selective
139047,Lift Four Dwellings Secondary,Open,Secondary,Non-selective
139048,Lift Greenwood,Open,Secondary,Non-selective
139058,Iceni Secondary Academy,Open,Secondary,Non-selective
139059,Melior Community Academy,Open,Secondary,Non-selective
139060,Lodge Park Academy,Open,Secondary,Non-selective
139062,The Dukeries Academy,Open,Secondary,Non-selective
139063,Sutton Community Academy,Open,Secondary,Non-selective
139067,Abbeywood Community School,Open,Secondary,Non-selective
139068,Thistley Hough Academy,Open,Secondary,Non-selective
139075,Meopham School,Open,Secondary,Non-selective
139076,Manor Croft Academy,Open,Secondary,Non-selective
139082,City of Peterborough Academy,Open,Secondary,Non-selective
139095,Brentford School for Girls,Open,Secondary,Non-selective
139102,Lakelands Academy,Open,Secondary,Non-selective
139109,Worthing High School,Open,Secondary,Non-selective
139118,Lift Kingswood,Open,Secondary,Non-selective
139130,Colne Primet Academy,Open,Secondary,Non-selective
139138,Aldersley High School,Open,Secondary,Non-selective
139139,All Hallows Catholic College,Open,Secondary,Non-selective
139140,Boston High School,Open,Secondary,Selective
139143,Bridgnorth Endowed School,Open,Secondary,Non-selective
139144,Calday Grange Grammar School,Open,Secondary,Selective
139146,Cheney School,Open,Secondary,Non-selective
139148,Chorlton High School,Open,Secondary,Non-selective
139151,Gordon's School,Open,Secondary,Non-selective
139152,Great Sankey High School,Open,Secondary,Non-selective
139153,Hedingham School and Sixth Form,Open,Secondary,Non-selective
139154,Hitchin Boys' School,Open,Secondary,Non-selective
139155,Launceston College,Open,Secondary,Non-selective
139160,Mark Rutherford School,Open,Secondary,Non-selective
139167,Silverdale School,Open,Secondary,Non-selective
139179,Tabor Academy,Open,Secondary,Non-selective
139180,The Boston Grammar School,Open,Secondary,Selective
139181,The Bromfords School,Open,Secondary,Non-selective
139182,The Crossley Heath School,Open,Secondary,Selective
139184,Venerable Bede Church of England Academy,Open,Secondary,Non-selective
139189,Whitecross Hereford,Open,Secondary,Non-selective
139193,Guildford County School,Open,Secondary,Non-selective
139196,Beamont Collegiate Academy,Open,Secondary,Non-selective
139210,Outwood Academy Carlton,Open,Secondary,Non-selective
139211,Outwood Academy Shafton,Open,Secondary,Non-selective
139234,The JCB Academy,Open,Secondary,Non-selective
139248,"The Ramsey Academy, Halstead",Open,Secondary,Non-selective
139258,The Cornerstone Academy,Open,Secondary,Non-selective
139268,UTC Reading,Open,Secondary,Non-selective
139272,Neale-Wade Academy,Open,Secondary,Non-selective
139276,Lift Kingsley,Open,Secondary,Non-selective
139277,Outwood Academy Brumby,Open,Secondary,Non-selective
139288,Westbourne Academy,Open,Secondary,Non-selective
139290,Academy@Worden,Open,Secondary,Non-selective
139292,Caludon Castle School,Open,Secondary,Non-selective
139293,Connaught School for Girls,Open,Secondary,Non-selective
139294,Copley Academy,Open,Secondary,Non-selective
139304,Spalding Grammar School,Open,Secondary,Selective
139307,Bower Park Academy,Open,Secondary,Non-selective
139311,Hobart High School,Open,Secondary,Non-selective
139318,Conyers School,Open,Secondary,Non-selective
139334,Lift Firth Park,Open,Secondary,Non-selective
139343,"The Catholic High School, Chester",Open,Secondary,Non-selective
139345,Downend School,Open,Secondary,Non-selective
139348,The Castle School,Open,Secondary,Non-selective
139351,"St. Mary's Menston, a Catholic Voluntary Academy",Open,Secondary,Non-selective
139362,St Thomas More Catholic School,Open,Secondary,Non-selective
139364,Fulham Cross Academy,Open,Secondary,Non-selective
139365,Fulham Cross Girls' School and Language College,Open,Secondary,Non-selective
139367,The Beaconsfield School,Open,Secondary,Non-selective
139368,Wade Deacon High School,Open,Secondary,Non-selective
139369,St George's Catholic School,Open,Secondary,Non-selective
139376,The Swanage School,Open,Secondary,Non-selective
139395,The Boulevard Academy,Open,Secondary,Non-selective
139401,North Cambridge Academy,Open,Secondary,Non-selective
139402,Alec Hunter Academy,Open,Secondary,Non-selective
139403,Ormiston Denes Academy,Open,Secondary,Non-selective
139405,Dyke House Sports and Technology College,Open,Secondary,Non-selective
139408,Cambourne Village College,Open,Secondary,Non-selective
139409,King's School,Open,Secondary,Non-selective
139410,St Andrew the Apostle Greek Orthodox School,Open,Secondary,Non-selective
139416,Elstree Screen Arts Academy,Open,Secondary,Non-selective
139434,Aylesbury UTC,Open,Secondary,Non-selective
139442,South Charnwood High School,Open,Secondary,Not applicable
139455,Church Stretton School,Open,Secondary,Non-selective
139456,Saint Paul's Catholic High School,Open,Secondary,Non-selective
139474,Valley Academy,Open,Secondary,Non-selective
139487,Taverham High School,Open,Secondary,Non-selective
139500,The King's School,Open,Secondary,Non-selective
139501,Carleton High School,Open,Secondary,Non-selective
139517,St Thomas More Catholic School,Open,Secondary,Non-selective
139534,The Sweyne Park School,Open,Secondary,Non-selective
139538,St Aidan's Catholic Academy,Open,Secondary,Non-selective
139542,Wrotham School,Open,Secondary,Non-selective
139553,The Ilfracombe Church of England Academy,Open,Secondary,Non-selective
139554,Trinity School,Open,Secondary,Non-selective
139572,Fakenham Academy,Open,Secondary,Non-selective
139578,The Hathaway Academy,Open,Secondary,Non-selective
139587,The Charter School Bermondsey,Open,Secondary,Non-selective
139588,Liverpool Life Sciences UTC,Open,Secondary,Non-selective
139589,The Studio School Liverpool,Open,Secondary,Non-selective
139594,The Archer Academy,Open,Secondary,Non-selective
139599,Heron Hall Academy,Open,Secondary,Non-selective
139606,All Saints Church of England Academy,Open,Secondary,Non-selective
139614,Halewood Academy,Open,Secondary,Non-selective
139616,Heartlands High School,Open,Secondary,Non-selective
139623,"St Peter and St Paul, Catholic Voluntary Academy",Open,Secondary,Non-selective
139624,Beauchamp College,Open,Secondary,Non-selective
139629,Winifred Holtby Academy,Open,Secondary,Non-selective
139646,Leeds City Academy,Open,Secondary,Non-selective
139649,Beacon Academy,Open,Secondary,Non-selective
139655,Brymore Academy,Open,Secondary,Non-selective
139656,St Michael's Catholic Academy,Open,Secondary,Non-selective
139659,Oasis Academy South Bank,Open,Secondary,Non-selective
139662,The Reach Free School,Open,Secondary,Non-selective
139663,Sir Thomas Fremantle School,Open,Secondary,Non-selective
139664,Wye School,Open,Secondary,Non-selective
139673,The Grangefield Academy,Open,Secondary,Non-selective
139682,Isca Academy,Open,Secondary,Non-selective
139690,Silverstone UTC,Open,Secondary,Non-selective
139695,UTC Sheffield City Centre,Open,Secondary,Non-selective
139697,Hadlow Rural Community School,Open,Secondary,Non-selective
139711,Magna Academy,Open,Secondary,Non-selective
139714,The Portsmouth Academy,Open,Secondary,Non-selective
139718,Ark All Saints Academy,Open,Secondary,Non-selective
139725,William Perkin Church of England High School,Open,Secondary,Non-selective
139735,All Saints Catholic College,Open,Secondary,Non-selective
139746,Hamstead Hall Academy,Open,Secondary,Non-selective
139764,St Thomas More Catholic High School,Open,Secondary,Non-selective
139765,The Nottingham Emmanuel School,Open,Secondary,Non-selective
139766,The Telford Langley School,Open,Secondary,Non-selective
139769,William Brookes School,Open,Secondary,Non-selective
139773,Leeds Jewish Free School,Open,Secondary,Non-selective
139788,Waverley Studio College,Open,Secondary,Non-selective
139789,Walsall Studio School,Open,Secondary,Non-selective
139791,Riverside School,Open,Secondary,Non-selective
139819,Weavers Academy,Open,Secondary,Non-selective
139821,Ark Alexandra Academy,Open,Secondary,Non-selective
139823,Outwood Academy Acklam,Open,Secondary,Non-selective
139839,Biddick Academy,Open,Secondary,Non-selective
139840,Birchwood Community High School,Open,Secondary,Non-selective
139841,Broadway Academy,Open,Secondary,Non-selective
139842,Burntwood School,Open,Secondary,Non-selective
139853,The Forest School,Open,Secondary,Non-selective
139867,Mildenhall College Academy,Open,Secondary,Non-selective
139872,Redhill School,Open,Secondary,Non-selective
139873,Richard Hale School,Open,Secondary,Non-selective
139878,St Joseph's Catholic Academy,Open,Secondary,Non-selective
139891,St Edmund's Catholic Academy,Open,Secondary,Non-selective
139918,Wodensborough Ormiston Academy,Open,Secondary,Non-selective
139924,Darwen Aldridge Enterprise Studio,Open,Secondary,Non-selective
139936,Nicholas Chamberlaine School,Open,Secondary,Non-selective
139937,The Queen Elizabeth Academy,Open,Secondary,Non-selective
139948,Jubilee High School,Open,Secondary,Non-selective
139953,Sir William Stanier School,Open,Secondary,Non-selective
139956,The Holgate Academy,Open,Secondary,Non-selective
139957,Kingswood Secondary Academy,Open,Secondary,Non-selective
139961,Wrenn School,Open,Secondary,Non-selective
139971,Holyport College,Open,Secondary,Non-selective
139975,Beckfoot School,Open,Secondary,Non-selective
139988,The Ferrers School,Open,Secondary,Non-selective
139989,The Green School for Girls,Open,Secondary,Non-selective
139992,Wingfield Academy,Open,Secondary,Non-selective
139993,Woking High School,Open,Secondary,Non-selective
139994,Yardleys School,Open,Secondary,Non-selective
139995,Oasis Academy Lister Park,Open,Secondary,Non-selective
140001,Kirkby High School,Open,Secondary,Non-selective
140002,The Blyth Academy,Open,Secondary,Non-selective
140007,Winton Academy,Open,Secondary,Non-selective
140008,Glenmoor Academy,Open,Secondary,Non-selective
140014,Ark Boulton Academy,Open,Secondary,Non-selective
140032,Stoke High School - Ormiston Academy,Open,Secondary,Non-selective
140037,The Thomas Alleyne Academy,Open,Secondary,Non-selective
140047,Ixworth High School,Open,Secondary,Non-selective
140049,Westfield Academy,Open,Secondary,Non-selective
140055,Wardle Academy,Open,Secondary,Non-selective
140069,Fareham Academy,Open,Secondary,Non-selective
140081,St Mary's Catholic School,Open,Secondary,Non-selective
140091,Hollingworth Academy,Open,Secondary,Non-selective
140103,Hastings High School,Open,Secondary,Non-selective
140104,Eggbuckland Community College,Open,Secondary,Non-selective
140105,Chichester High School,Open,Secondary,
140108,Alsager School,Open,Secondary,Non-selective
140117,Tomlinscote School,Open,Secondary,Non-selective
140123,Alleyne's Academy,Open,Secondary,Non-selective
140126,Bishop Milner Catholic College,Open,Secondary,Non-selective
140149,St Margaret Ward Catholic Academy,Open,Secondary,Non-selective
140154,Madeley High School,Open,Secondary,Non-selective
140160,Thomas Telford University Technical College,Open,Secondary,Non-selective
140182,Oakmoor School,Open,Secondary,Non-selective
140188,Hethersett Academy,Open,Secondary,Non-selective
140199,Ormiston Six Villages Academy,Open,Secondary,Non-selective
140204,Bradford Girls' Grammar School,Open,Secondary,Non-selective
140209,Oasis Academy Arena,Open,Secondary,Not applicable
140210,Mossbourne Victoria Park Academy,Open,Secondary,Non-selective
140212,Kensington Aldridge Academy,Open,Secondary,Non-selective
140221,South Bank University Academy,Open,Secondary,Not applicable
140248,President Kennedy School Academy,Open,Secondary,Non-selective
140265,Cambridge Academy for Science and Technology,Open,Secondary,
140292,South Bromsgrove High,Open,Secondary,Non-selective
140304,St Thomas More Catholic Academy,Open,Secondary,Non-selective
140364,Cliff Park Ormiston Academy,Open,Secondary,Non-selective
140366,Ernesford Grange Community Academy,Open,Secondary,Non-selective
140369,Bluecoat Beechdale Academy,Open,Secondary,Non-selective
140371,Harris Church of England Academy,Open,Secondary,Non-selective
140412,Lord Derby Academy,Open,Secondary,Non-selective
140415,Outwood Academy City,Open,Secondary,Non-selective
140416,Court Fields School,Open,Secondary,Non-selective
140424,Bohunt School Worthing,Open,Secondary,
140429,Bradford Forster Academy,Open,Secondary,Not applicable
140459,Oakwood High School,Open,Secondary,Non-selective
140470,Chesterton Community Sports College,Open,Secondary,Non-selective
140472,"Bishop Luffa School, Chichester",Open,Secondary,Non-selective
140500,Smithills School,Open,Secondary,Non-selective
140510,Northampton School for Girls,Open,Secondary,Non-selective
140515,Nova Hreod Academy,Open,Secondary,Non-selective
140524,Bishop Walsh Catholic School,Open,Secondary,Non-selective
140534,Attleborough Academy,Open,Secondary,Non-selective
140537,St Simon Stock Catholic School,Open,Secondary,Non-selective
140547,Forge Valley School & Sixth Form,Open,Secondary,Non-selective
140549,Magnus Church of England Academy,Open,Secondary,Non-selective
140553,Rawmarsh Community School,Open,Secondary,
140557,St Clement's High School,Open,Secondary,
140565,The Ruth Gorse Academy,Open,Secondary,
140575,Beal High School,Open,Secondary,Non-selective
140580,John Mason School,Open,Secondary,Non-selective
140595,The Skinners' School,Open,Secondary,Selective
140600,Energy Coast UTC,Open,Secondary,Non-selective
140605,Miltoncross Academy,Open,Secondary,Non-selective
140633,The Excel Academy,Open,Secondary,Non-selective
140640,St Gregory's Catholic School,Open,Secondary,Non-selective
140646,Wickersley School and Sports College,Open,Secondary,Non-selective
140650,Esher Church of England High School,Open,Secondary,Non-selective
140653,Aureus School,Open,Secondary,Non-selective
140660,Colne Valley High School,Open,Secondary,Non-selective
140669,Newmarket Academy,Open,Secondary,
140675,St Ives School,Open,Secondary,
140679,Seahaven Academy,Open,Secondary,
140691,The Island Free School,Open,Secondary,Non-selective
140693,St Boniface's RC College,Open,Secondary,Non-selective
140697,Admiral Lord Nelson School,Open,Secondary,Non-selective
140698,All Saints' Catholic Voluntary Academy,Open,Secondary,Non-selective
140703,Burnage Academy for Boys,Open,Secondary,Non-selective
140713,Durrington High School,Open,Secondary,Non-selective
140731,Tudor Grange Academy Redditch,Open,Secondary,Non-selective
140737,Notre Dame RC School,Open,Secondary,Non-selective
140748,Ruislip High School,Open,Secondary,Non-selective
140751,St Peter's Catholic College,Open,Secondary,Non-selective
140759,St George's School A Church of England Academy,Open,Secondary,Non-selective
140786,The Hertfordshire & Essex High School and Science College,Open,Secondary,Non-selective
140787,The Cedars Academy,Open,Secondary,Non-selective
140791,Tytherington School,Open,Secondary,Non-selective
140798,Wolverhampton Girls' High School,Open,Secondary,Selective
140802,St John Fisher Catholic College,Open,Secondary,Non-selective
140813,Cheshire Studio School,Open,Secondary,
140815,Jane Austen College,Open,Secondary,Non-selective
140821,Newfield Secondary School,Open,Secondary,Non-selective
140836,Fowey River Academy,Open,Secondary,Non-selective
140845,"Cowes Enterprise College, An Ormiston Academy",Open,Secondary,Not applicable
140862,Michaela Community School,Open,Secondary,Non-selective
140863,The University of Birmingham School,Open,Secondary,Non-selective
140864,Ormiston Chadwick Academy,Open,Secondary,Non-selective
140865,The McAuley Catholic High School,Open,Secondary,Non-selective
140866,The Snaith School,Open,Secondary,Non-selective
140867,English Martyrs Catholic School and Sixth Form College,Open,Secondary,Non-selective
140868,Fairfield High School,Open,Secondary,Non-selective
140874,"St Anselm's Catholic School, Canterbury",Open,Secondary,Non-selective
140875,Wheatley Park School,Open,Secondary,Non-selective
140879,Witton Park Academy,Open,Secondary,Non-selective
140884,Marylebone Boys' School,Open,Secondary,Non-selective
140886,Futures Institute Banbury,Open,Secondary,Non-selective
140893,Beaconsfield High School,Open,Secondary,Selective
140898,Shaftesbury School,Open,Secondary,Non-selective
140922,Idsall School,Open,Secondary,Non-selective
140949,Ingleby Manor Free School,Open,Secondary,
140950,Lincoln UTC,Open,Secondary,
140952,Harris Invictus Academy Croydon,Open,Secondary,
140957,"Eden Girls' School, Waltham Forest",Open,Secondary,
140958,"Eden Girls' School, Coventry",Open,Secondary,
140959,"Eden Boys' School, Bolton",Open,Secondary,
140961,WMG Academy for Young Engineers,Open,Secondary,Non-selective
140964,XP School,Open,Secondary,Non-selective
140965,Studio West,Open,Secondary,
140966,Trinity Academy,Open,Secondary,
140969,Sybil Andrews Academy,Open,Secondary,Non-selective
140977,Dorset Studio School,Open,Secondary,
140979,Kirk Balk Academy,Open,Secondary,Non-selective
140984,Nottingham University Academy of Science and Technology,Open,Secondary,
140985,Harris Academy Battersea,Open,Secondary,
140987,Leigh UTC Dartford,Open,Secondary,
140992,Hall Park Academy,Open,Secondary,Non-selective
141002,Dixons McMillan Academy,Open,Secondary,
141003,Jewellery Quarter Academy,Open,Secondary,
141009,Ditton Park Academy,Open,Secondary,Non-selective
141010,Nottingham Free School,Open,Secondary,
141019,Ark Elvin Academy,Open,Secondary,Non-selective
141028,Burnley High School,Open,Secondary,
141035,De Salis Studio College,Open,Secondary,
141041,Walney School,Open,Secondary,Non-selective
141042,Hanham Woods Academy,Open,Secondary,Non-selective
141063,St Augustine's Catholic High School,Open,Secondary,Non-selective
141069,The Cooper School,Open,Secondary,Non-selective
141082,Oasis Academy Silvertown,Open,Secondary,Non-selective
141086,University Technical College Norfolk,Open,Secondary,
141111,UTC Oxfordshire,Open,Secondary,
141132,Blackpool Aspire Academy,Open,Secondary,Non-selective
141133,London Enterprise Academy,Open,Secondary,
141135,The Fulham Boys School,Open,Secondary,
141146,Blessed George Napier Catholic School and Sixth Form,Open,Secondary,Non-selective
141163,Woolwich Polytechnic School,Open,Secondary,Non-selective
141165,Queen Elizabeth's Grammar School,Open,Secondary,Non-selective
141166,The Barnes Wallis Academy,Open,Secondary,Non-selective
141169,Tenbury High Ormiston Academy,Open,Secondary,Non-selective
141175,Priory School,Open,Secondary,Not applicable
141176,Sir John Talbot's School,Open,Secondary,Non-selective
141178,The Warren School,Open,Secondary,Non-selective
141179,The Skipton Academy,Open,Secondary,Non-selective
141185,Thorp Academy,Open,Secondary,Non-selective
141196,Levenshulme High School,Open,Secondary,Not applicable
141200,Kings College Guildford,Open,Secondary,Non-selective
141210,The Archbishop Lanfranc Academy,Open,Secondary,
141214,Woodlands School,Open,Secondary,Non-selective
141217,St Edmund's Catholic School,Open,Secondary,Non-selective
141236,Alde Valley Academy,Open,Secondary,Non-selective
141245,Wednesfield Academy,Open,Secondary,Non-selective
141248,North Chadderton School,Open,Secondary,Non-selective
141257,St Mary's Catholic Academy,Open,Secondary,Non-selective
141259,The Ripley Academy,Open,Secondary,Non-selective
141264,Whalley Range 11-18 High School,Open,Secondary,Non-selective
141268,Northgate High School,Open,Secondary,Non-selective
141269,"City of Norwich School, An Ormiston Academy",Open,Secondary,Non-selective
141277,Lawrence Sheriff School,Open,Secondary,Selective
141307,Ryburn Valley High School,Open,Secondary,Non-selective
141309,Leigh Stationers' Academy,Open,Secondary,Non-selective
141321,Darwen Vale High School,Open,Secondary,Non-selective
141325,The Crestwood School,Open,Secondary,Non-selective
141328,Forest Hall School,Open,Secondary,Non-selective
141331,Caister Academy,Open,Secondary,Non-selective
141341,Marlwood School,Open,Secondary,Non-selective
141342,Kinver High School and Sixth Form,Open,Secondary,Non-selective
141343,Wombourne High School,Open,Secondary,Non-selective
141363,The Oakwood Academy,Open,Secondary,Non-selective
141369,Ian Ramsey Church of England Academy,Open,Secondary,Non-selective
141370,Our Lady & St. Bede Catholic Academy,Open,Secondary,Non-selective
141377,Outwood Academy Newbold,Open,Secondary,Non-selective
141378,The Grange School,Open,Secondary,Non-selective
141391,Thomas Middlecott Academy,Open,Secondary,Not applicable
141395,Stalham High School,Open,Secondary,Non-selective
141399,Outwood Academy Bydales,Open,Secondary,Not applicable
141414,Hagley Catholic High School,Open,Secondary,Non-selective
141451,The Lacon Childe School,Open,Secondary,Non-selective
141466,The Howard School,Open,Secondary,Non-selective
141470,St John Fisher Catholic Voluntary Academy,Open,Secondary,Non-selective
141495,Handsworth Grange Community Sports College,Open,Secondary,Non-selective
141499,Workington Academy,Open,Secondary,Non-selective
141526,Queen Elizabeth's School,Open,Secondary,Non-selective
141565,Tauheedul Islam Girls' High School,Open,Secondary,Non-selective
141570,Ellowes Hall Sports College,Open,Secondary,Non-selective
141581,The Banovallum School,Open,Secondary,Non-selective
141598,Bridgewater High School,Open,Secondary,Non-selective
141617,The Hurlingham Academy,Open,Secondary,Non-selective
141628,Ursuline College,Open,Secondary,Non-selective
141639,Thomas Gainsborough School,Open,Secondary,Non-selective
141652,Oasis Academy Brislington,Open,Secondary,Non-selective
141665,Sir Bernard Lovell Academy,Open,Secondary,Non-selective
141668,Saltley Academy,Open,Secondary,Non-selective
141686,Manor Community Academy,Open,Secondary,Non-selective
141693,Hillside High School,Open,Secondary,Non-selective
141694,Litherland High School,Open,Secondary,Non-selective
141698,Q3 Academy Langley,Open,Secondary,Non-selective
141705,Fairfield High School,Open,Secondary,Non-selective
141712,Ridgewood High School,Open,Secondary,Non-selective
141716,St Thomas More Catholic Comprehensive School,Open,Secondary,Non-selective
141735,The Sir John Colfox Academy,Open,Secondary,Non-selective
141741,Chase High School,Open,Secondary,Non-selective
141749,South Devon UTC,Open,Secondary,
141802,Our Lady and St Chad Catholic Academy,Open,Secondary,Non-selective
141808,Saint Cecilia's Church of England School,Open,Secondary,Non-selective
141813,Shireland Biomedical Utc,Open,Secondary,
141814,St Benet Biscop Catholic Academy,Open,Secondary,Non-selective
141835,St Thomas Aquinas Catholic School,Open,Secondary,Non-selective
141836,St Thomas More Catholic School and Sixth Form College,Open,Secondary,Non-selective
141841,The FitzWimarc School,Open,Secondary,Non-selective
141844,The Windsor Boys' School,Open,Secondary,Non-selective
141852,Windsor Girls' School,Open,Secondary,Non-selective
141853,Winterhill School,Open,Secondary,Non-selective
141862,The Kingston Academy,Open,Secondary,Non-selective
141874,Charnwood College,Open,Secondary,Non-selective
141875,Trafalgar School,Open,Secondary,Non-selective
141884,Dean Trust Ardwick,Open,Secondary,
141886,Maiden Erlegh School in Reading,Open,Secondary,Non-selective
141916,Rushey Mead Academy,Open,Secondary,Non-selective
141930,Stokesley School,Open,Secondary,Non-selective
141931,The Cardinal Vaughan Memorial RC School,Open,Secondary,Non-selective
141939,Finham Park 2,Open,Secondary,
141941,University Collegiate School,Open,Secondary,
141947,The Ongar Academy,Open,Secondary,
141963,Turing House School,Open,Secondary,Non-selective
141969,"Eden Boys' School, Birmingham",Open,Secondary,
141970,"Eden Girls' School, Slough",Open,Secondary,Non-selective
141971,"Eden Boys' School, Preston",Open,Secondary,Non-selective
141986,Sandhill View Academy,Open,Secondary,Not applicable
141992,Cardinal Wiseman Catholic School,Open,Secondary,Non-selective
142008,Mangotsfield School,Open,Secondary,Non-selective
142009,Hoe Valley School,Open,Secondary,Non-selective
142015,The Orme Academy,Open,Secondary,Non-selective
142024,The Bicester School,Open,Secondary,Non-selective
142031,Beckfoot Upper Heaton,Open,Secondary,Non-selective
142035,The Netherhall School,Open,Secondary,Non-selective
142040,Orchard Park High School,Open,Secondary,Non-selective
142042,St Philip Howard Catholic Voluntary Academy,Open,Secondary,Non-selective
142051,Haileybury Turnford,Open,Secondary,Non-selective
142056,Bruntcliffe Academy,Open,Secondary,Non-selective
142058,Sewell Park Academy,Open,Secondary,Non-selective
142059,Hewett Academy,Open,Secondary,Non-selective
142063,Prince William School,Open,Secondary,Non-selective
142067,Holy Trinity Academy,Open,Secondary,Non-selective
142073,Irlam and Cadishead Academy,Open,Secondary,Not applicable
142075,Lyndon School,Open,Secondary,Not applicable
142079,Digitech Studio School,Open,Secondary,
142080,The Khalsa Academy Wolverhampton,Open,Secondary,
142088,Pleckgate High School,Open,Secondary,Non-selective
142089,The Burgess Hill Academy,Open,Secondary,Non-selective
142104,Matthew Arnold School,Open,Secondary,Non-selective
142121,The WREN School,Open,Secondary,
142125,Somerset Studio School,Open,Secondary,
142126,Space Studio West London,Open,Secondary,
142127,IKB Academy,Open,Secondary,
142130,Engineering UTC Northern Lincolnshire,Open,Secondary,
142150,Malet Lambert,Open,Secondary,Non-selective
142153,Oldbury Wells School,Open,Secondary,Non-selective
142166,Waingels,Open,Secondary,Non-selective
142178,The Charter School East Dulwich,Open,Secondary,Non-selective
142181,Bohunt School Wokingham,Open,Secondary,Non-selective
142186,Ormiston Meridian Academy,Open,Secondary,Non-selective
142193,Blessed William Howard Catholic School,Open,Secondary,Non-selective
142202,North Leamington School,Open,Secondary,Non-selective
142218,The Warriner School,Open,Secondary,Non-selective
142232,Sharples School,Open,Secondary,Non-selective
142237,Shavington Academy,Open,Secondary,Non-selective
142262,King Edward VI Grammar School,Open,Secondary,Selective
142273,Sacred Heart Catholic Secondary,Open,Secondary,Non-selective
142277,Newcastle Academy,Open,Secondary,Non-selective
142278,Clayton Hall Academy,Open,Secondary,Non-selective
142281,"St Patrick's Catholic College, A Voluntary Catholic Academy",Open,Secondary,Non-selective
142284,The Bishop David Brown School,Open,Secondary,Non-selective
142296,Little Lever School,Open,Secondary,Non-selective
142306,Cockermouth School,Open,Secondary,Non-selective
142310,Cardinal Newman Catholic School A Specialist Science College,Open,Secondary,Non-selective
142313,Kingsmead School,Open,Secondary,Non-selective
142314,Heathside School,Open,Secondary,Non-selective
142315,Oxted School,Open,Secondary,Non-selective
142316,Bradon Forest School,Open,Secondary,Non-selective
142317,Highfields School,Open,Secondary,Non-selective
142339,Barr's Hill School,Open,Secondary,Non-selective
142340,Bolton Muslim Girls School,Open,Secondary,Non-selective
142357,Newlands Girls' School,Open,Secondary,Non-selective
142382,Trinity Catholic College,Open,Secondary,Non-selective
142387,Kempston Academy,Open,Secondary,Non-selective
142388,Cockshut Hill School,Open,Secondary,Non-selective
142391,The Marvell College,Open,Secondary,Non-selective
142392,Somercotes Academy,Open,Secondary,Not applicable
142396,Marshland High School,Open,Secondary,Non-selective
142405,David Nieper Academy,Open,Secondary,Non-selective
142406,Upper Batley High School,Open,Secondary,Non-selective
142469,Highfield Leadership Academy,Open,Secondary,Non-selective
142490,"Christ's College, Guildford",Open,Secondary,Non-selective
142509,The Kingsway School,Open,Secondary,Non-selective
142540,Bideford College,Open,Secondary,Non-selective
142560,St Gregory's Catholic Science College,Open,Secondary,Non-selective
142577,The Brakenhale School,Open,Secondary,Non-selective
142585,Cockburn School,Open,Secondary,Non-selective
142590,Immanuel College,Open,Secondary,Non-selective
142594,Pool Hayes Academy,Open,Secondary,Non-selective
142601,St Wilfrid's RC College,Open,Secondary,Non-selective
142604,University Technical College Leeds,Open,Secondary,
142605,UTC Sheffield Olympic Legacy Park,Open,Secondary,
142627,Menorah High School for Girls,Open,Secondary,Not applicable
142644,Sarah Bonnell School,Open,Secondary,Non-selective
142648,Millthorpe School,Open,Secondary,Non-selective
142654,Ealing Fields Church of England High School,Open,Secondary,
142681,Laisterdyke Leadership Academy,Open,Secondary,Non-selective
142710,John Flamsteed Community School,Open,Secondary,Non-selective
142711,Leek High School,Open,Secondary,Non-selective
142725,Selston High School,Open,Secondary,Non-selective
142727,Southgate School,Open,Secondary,Non-selective
142741,Swanwick Hall School,Open,Secondary,Non-selective
142747,St Thomas Becket Catholic School,Open,Secondary,Non-selective
142755,Westwood College,Open,Secondary,Non-selective
142759,Benjamin Britten Academy of Music and Mathematics,Open,Secondary,Non-selective
142761,Tong Leadership Academy,Open,Secondary,Non-selective
142762,Co-op Academy North Manchester,Open,Secondary,Non-selective
142781,Logic Studio School,Open,Secondary,Non-selective
142798,The Prescot School,Open,Secondary,Non-selective
142805,St James School,Open,Secondary,Non-selective
142821,Charlton School,Open,Secondary,Non-selective
142822,John O'Gaunt School,Open,Secondary,Non-selective
142825,Buttershaw Business & Enterprise College Academy,Open,Secondary,Non-selective
142853,St Katherine's School,Open,Secondary,Non-selective
142856,West Craven High School,Open,Secondary,Non-selective
142864,Pinner High School,Open,Secondary,Non-selective
142879,Canary Wharf College Crossharbour,Open,Secondary,
142881,Rugby Free Secondary School,Open,Secondary,
142883,Great Yarmouth Charter Academy,Open,Secondary,
142884,Scarborough University Technical College,Open,Secondary,Non-selective
142887,Global Academy,Open,Secondary,Non-selective
142890,Crewe Engineering and Design UTC,Open,Secondary,
142894,UTC South Durham,Open,Secondary,Non-selective
142899,UTC Warrington,Open,Secondary,
142900,WMG Academy for Young Engineers (Solihull),Open,Secondary,Non-selective
142902,Greater Peterborough UTC,Open,Secondary,
142903,London Design and Engineering UTC,Open,Secondary,
142908,Greatfields School,Open,Secondary,Non-selective
142960,Lyng Hall School,Open,Secondary,Non-selective
142983,Sir Graham Balfour High School,Open,Secondary,Non-selective
142987,Walton High School,Open,Secondary,Non-selective
143005,Avon Valley Academy,Open,Secondary,Non-selective
143022,The Richmond upon Thames School,Open,Secondary,
143035,St Catherine's College,Open,Secondary,Non-selective
143063,Egglescliffe School,Open,Secondary,Non-selective
143082,Bishop Douglass School Finchley,Open,Secondary,Non-selective
143104,North Cestrian School,Open,Secondary,Non-selective
143112,Beckfoot Oakbank,Open,Secondary,Non-selective
143114,Beckfoot Thornton,Open,Secondary,Non-selective
143115,Park Lane Academy,Open,Secondary,Non-selective
143129,Phoenix Academy,Open,Secondary,Non-selective
143131,Robert Barclay Academy,Open,Secondary,Not applicable
143137,Worle Community School,Open,Secondary,Non-selective
143138,Brayton Academy,Open,Secondary,Non-selective
143141,Swinton Academy,Open,Secondary,Not applicable
143144,Southchurch High School,Open,Secondary,Non-selective
143146,Outwood Academy Bishopsgarth,Open,Secondary,Not applicable
143221,Kelvin Hall School,Open,Secondary,Non-selective
143238,Brigshaw High School,Open,Secondary,Non-selective
143247,Babington Academy,Open,Secondary,Non-selective
143260,Parrs Wood High School,Open,Secondary,Non-selective
143274,Forest Gate Community School,Open,Secondary,Non-selective
143278,Thorpe St Andrew School and Sixth Form,Open,Secondary,Non-selective
143288,Scalby Academy,Open,Secondary,Non-selective
143291,Queen Elizabeth High School,Open,Secondary,Non-selective
143319,Middleton Technology School,Open,Secondary,Non-selective
143327,Beechwood School,Open,Secondary,Non-selective
143367,"Salesian School, Chertsey",Open,Secondary,Non-selective
143369,"St John the Baptist Catholic Comprehensive School, Woking",Open,Secondary,Non-selective
143385,Norlington School and 6th Form,Open,Secondary,Non-selective
143404,Ely College,Open,Secondary,Non-selective
143413,Erdington Academy,Open,Secondary,Not applicable
143419,Hampton High,Open,Secondary,Non-selective
143420,Twickenham School,Open,Secondary,
143421,Elizabeth Woodville School,Open,Secondary,Non-selective
143427,Harris Academy Orpington,Open,Secondary,
143428,Harris Academy Rainham,Open,Secondary,
143430,UTC Portsmouth,Open,Secondary,
143435,Fortis Academy,Open,Secondary,Non-selective
143438,Dame Elizabeth Cadbury School,Open,Secondary,Non-selective
143520,Smithdon High School,Open,Secondary,Non-selective
143545,Clifton Community School,Open,Secondary,Non-selective
143554,"St Mary's Catholic College, A Voluntary Academy",Open,Secondary,Non-selective
143562,King Edward VI Handsworth Grammar School for Boys,Open,Secondary,Selective
143582,Leasowes High School,Open,Secondary,Non-selective
143583,"St Leonard's Catholic School, Durham",Open,Secondary,Non-selective
143588,Woldgate School and Sixth Form College,Open,Secondary,Non-selective
143629,Mulberry School for Girls,Open,Secondary,Non-selective
143634,St Benedict's Catholic High School,Open,Secondary,Non-selective
143639,The Deanes,Open,Secondary,Non-selective
143641,Hampton Gardens Secondary School,Open,Secondary,
143649,Callington Community College,Open,Secondary,
143659,"City of London Academy, Highgate Hill",Open,Secondary,Non-selective
143669,Heathside Walton-on-Thames,Open,Secondary,Non-selective
143686,Woolwich Polytechnic School for Girls,Open,Secondary,Non-selective
143697,Sir Frederick Gibberd College,Open,Secondary,Non-selective
143698,Deer Park School,Open,Secondary,Non-selective
143701,The Trinity School,Open,Secondary,Non-selective
143706,Harris Academy Sutton,Open,Secondary,Non-selective
143707,Houlton School,Open,Secondary,Non-selective
143716,Mulberry Academy London Dock,Open,Secondary,Non-selective
143718,North Brent School,Open,Secondary,Non-selective
143729,Didsbury High School,Open,Secondary,Non-selective
143734,Derby Cathedral School,Open,Secondary,
143749,Queen Elizabeth Studio School,Open,Secondary,
143756,"City of London Academy, Shoreditch Park",Open,Secondary,
143772,Harper Green School,Open,Secondary,Non-selective
143773,Rivington and Blackrod High School,Open,Secondary,Non-selective
143794,Southlands High School,Open,Secondary,Non-selective
143803,St Joseph's Catholic High School,Open,Secondary,Non-selective
143808,de Stafford School,Open,Secondary,Non-selective
143812,Standish Community High School,Open,Secondary,Non-selective
143817,Queen's Park High School,Open,Secondary,Non-selective
143818,Thorns Collegiate Academy,Open,Secondary,Non-selective
143844,The Winstanley School,Open,Secondary,
143845,Wyvern Academy,Open,Secondary,
143846,Meridian High School,Open,Secondary,
143848,Unsworth Academy,Open,Secondary,Non-selective
143853,Noel-Baker Academy,Open,Secondary,Not applicable
143854,Driffield School and Sixth Form,Open,Secondary,Non-selective
143857,Lancaster Academy,Open,Secondary,Not applicable
143864,Vale of York Academy,Open,Secondary,Non-selective
143877,The Royal Liberty School,Open,Secondary,Non-selective
143890,Larkmead School,Open,Secondary,Non-selective
143895,Smith's Wood Academy,Open,Secondary,Non-selective
143899,Chase Terrace Academy,Open,Secondary,Non-selective
143901,The Ashcombe School,Open,Secondary,Non-selective
143902,Therfield School,Open,Secondary,Non-selective
143903,Carrington School,Open,Secondary,Non-selective
143905,Southam College,Open,Secondary,Non-selective
143907,Netherwood Academy,Open,Secondary,Non-selective
143916,XP East,Open,Secondary,
143924,Wren Academy Enfield,Open,Secondary,Non-selective
143927,Royal Greenwich Trust School,Open,Secondary,Non-selective
143934,Lees Brook Academy,Open,Secondary,
143938,Outwood Academy Danum,Open,Secondary,
143946,Hornchurch High School,Open,Secondary,
143954,The Lenham School,Open,Secondary,Non-selective
143963,The Birley Academy,Open,Secondary,Non-selective
143981,Helston Community College,Open,Secondary,Non-selective
143984,Icknield Community College,Open,Secondary,Non-selective
143993,Mullion School,Open,Secondary,Non-selective
144002,Thomas Alleyne's High School,Open,Secondary,Non-selective
144008,Wood Green School,Open,Secondary,Non-selective
144013,Five Acres High School,Open,Secondary,Non-selective
144015,The Charles Dickens School,Open,Secondary,Non-selective
144018,Long Stratton High School,Open,Secondary,Non-selective
144044,Canon Slade School,Open,Secondary,Non-selective
144046,St James's Church of England High School,Open,Secondary,Non-selective
144066,Da Vinci Academy,Open,Secondary,Non-selective
144069,The Pingle Academy,Open,Secondary,Non-selective
144084,The Lea Valley Academy,Open,Secondary,Non-selective
144094,Marshalls Park Academy,Open,Secondary,Non-selective
144095,Gaynes School,Open,Secondary,Non-selective
144100,Dartford Grammar School for Girls,Open,Secondary,Selective
144104,"St Mary's College, Voluntary Catholic Academy",Open,Secondary,Non-selective
144182,Colonel Frank Seely Academy,Open,Secondary,Non-selective
144192,Springfield School,Open,Secondary,Non-selective
144199,Moorside High School,Open,Secondary,Non-selective
144200,Ellesmere Park High School,Open,Secondary,Non-selective
144204,Harton Academy,Open,Secondary,Non-selective
144214,Claydon High School,Open,Secondary,Non-selective
144243,St Philip Howard Catholic School,Open,Secondary,Non-selective
144271,Benfield School,Open,Secondary,Non-selective
144278,Moreton School,Open,Secondary,Not applicable
144279,North Gosforth Academy,Open,Secondary,Not applicable
144291,Liskeard School and Community College,Open,Secondary,Non-selective
144306,Tile Cross Academy,Open,Secondary,Non-selective
144307,Newland School for Girls,Open,Secondary,Non-selective
144309,The Elmgreen School,Open,Secondary,Non-selective
144311,Putteridge High School,Open,Secondary,Non-selective
144312,Challney High School for Girls,Open,Secondary,Non-selective
144316,Dereham Neatherd High School,Open,Secondary,Non-selective
144326,Rainhill High School,Open,Secondary,Non-selective
144327,Rainford High School,Open,Secondary,Non-selective
144342,Manshead Church of England Academy,Open,Secondary,Non-selective
144354,The Whitstable School,Open,Secondary,Non-selective
144356,The Hyndburn Academy,Open,Secondary,Non-selective
144359,Sprowston Community Academy,Open,Secondary,Non-selective
144364,Sir Thomas Wharton Academy,Open,Secondary,
144367,Baxter College,Open,Secondary,
144388,Wyvern St Edmund's Academy,Open,Secondary,Non-selective
144389,The Trafalgar School at Downton,Open,Secondary,Non-selective
144391,Heritage High School,Open,Secondary,Non-selective
144392,Axe Valley Academy,Open,Secondary,Non-selective
144402,Croxley Danes School,Open,Secondary,
144435,Ludlow Church of England School,Open,Secondary,Non-selective
144464,Small Heath Leadership Academy,Open,Secondary,Non-selective
144465,Orion Eden Park,Open,Secondary,Non-selective
144486,Queen Elizabeth's Academy,Open,Secondary,
144487,Park Vale Academy,Open,Secondary,Non-selective
144488,Spalding Academy,Open,Secondary,
144489,The Newark Academy,Open,Secondary,
144493,The Academy of St Francis of Assisi,Open,Secondary,Non-selective
144494,The East Manchester Academy,Open,Secondary,
144496,Teesdale School and Sixth Form,Open,Secondary,
144502,The Totteridge Academy,Open,Secondary,
144503,Three Rivers Academy,Open,Secondary,
144505,King's Academy Ringmer,Open,Secondary,
144508,Waterhead Academy,Open,Secondary,
144509,The City Academy Bristol,Open,Secondary,
144515,The Green School for Boys,Open,Secondary,
144519,Dean Trust Wigan,Open,Secondary,
144520,Farnham Heath End,Open,Secondary,
144533,Granville Academy,Open,Secondary,Non-selective
144558,Trentham Academy,Open,Secondary,Non-selective
144561,Wolfreton School and Sixth Form College,Open,Secondary,Non-selective
144588,Co-op Academy Priesthorpe,Open,Secondary,Non-selective
144595,Wixams Academy,Open,Secondary,
144601,Ashington Academy,Open,Secondary,Non-selective
144610,Reading Girls' School,Open,Secondary,Non-selective
144618,Stanley High School,Open,Secondary,Non-selective
144623,Barclay Academy,Open,Secondary,Non-selective
144627,Co-op Academy Failsworth,Open,Secondary,Non-selective
144629,Orchard Mead Academy,Open,Secondary,Non-selective
144646,Bay Leadership Academy,Open,Secondary,Non-selective
144652,York High School,Open,Secondary,Non-selective
144657,St James Academy,Open,Secondary,Non-selective
144661,Peacehaven Community School,Open,Secondary,Non-selective
144687,The Garibaldi School,Open,Secondary,Non-selective
144700,Mulberry Stepney Green Mathematics and Computing College,Open,Secondary,Non-selective
144711,Fulford School,Open,Secondary,Non-selective
144716,School of Science and Technology Maidstone,Open,Secondary,Non-selective
144719,Holy Trinity Catholic School,Open,Secondary,Non-selective
144721,The Royal Sutton School,Open,Secondary,Non-selective
144741,Chertsey High School,Open,Secondary,
144742,Chester International School,Open,Secondary,
144744,"Eden Boys' Leadership Academy, Manchester",Open,Secondary,
144745,"Eden Girls' Leadership Academy, Manchester",Open,Secondary,Non-selective
144750,Harris Academy Riverside,Open,Secondary,Non-selective
144755,Manchester Enterprise Academy Central,Open,Secondary,
144756,Mulberry UTC,Open,Secondary,Non-selective
144760,Scott Medical and Healthcare College,Open,Secondary,
144761,SGS Berkeley Green UTC,Open,Secondary,Non-selective
144766,Ron Dearing UTC,Open,Secondary,
144768,The Suthers School,Open,Secondary,Non-selective
144773,Lawn Manor Academy,Open,Secondary,
144799,Sir Thomas Boteler Church of England High School,Open,Secondary,Non-selective
144809,Bishop Young Church of England Academy,Open,Secondary,Non-selective
144853,Hadley Learning Community - Secondary Phase,Open,Secondary,Non-selective
144900,Duke's Aldridge,Open,Secondary,Non-selective
144929,Barlby High School,Open,Secondary,Non-selective
144937,Washington Academy,Open,Secondary,Non-selective
144946,Trinity Academy Grammar,Open,Secondary,Non-selective
144952,The Link Academy,Open,Secondary,Non-selective
144962,City of London Academy Highbury Grove,Open,Secondary,Non-selective
144968,Louth Academy,Open,Secondary,Non-selective
144976,Outwood Academy Easingwold,Open,Secondary,Non-selective
144977,Bedlington Academy,Open,Secondary,Non-selective
144988,Great Wyrley Academy,Open,Secondary,Non-selective
144990,Thornhill Academy,Open,Secondary,Non-selective
144991,Staindrop Academy,Open,Secondary,
145008,Ormiston SWB Academy,Open,Secondary,Non-selective
145019,Kingsbury School - A Specialist Science and Mathematics Academy,Open,Secondary,Non-selective
145034,Trumpington Community College,Open,Secondary,
145047,Sir Thomas Boughey Academy,Open,Secondary,Non-selective
145050,Epping St Johns Church of England School,Open,Secondary,Non-selective
145051,Queen Katharine Academy,Open,Secondary,Non-selective
145052,The Priory Pembroke Academy,Open,Secondary,Non-selective
145055,Stowmarket High School,Open,Secondary,Non-selective
145061,Harwich and Dovercourt High School,Open,Secondary,
145082,Carnforth High School,Open,Secondary,Non-selective
145089,Alderman Peel High School,Open,Secondary,Non-selective
145090,Richmond School & Sixth Form College,Open,Secondary,Non-selective
145108,Brannel School,Open,Secondary,Non-selective
145109,Frederick Gent School,Open,Secondary,Non-selective
145113,Cumberland Community School,Open,Secondary,Non-selective
145114,Coppice Performing Arts School,Open,Secondary,Non-selective
145120,Lordswood Boys' School,Open,Secondary,
145121,Park Academy West London,Open,Secondary,Non-selective
145124,Patchway Community School,Open,Secondary,Non-selective
145125,Everest Community Academy,Open,Secondary,
145126,Harris Academy St John's Wood,Open,Secondary,
145132,City of Derby Academy,Open,Secondary,
145133,Reddish Vale High School,Open,Secondary,Non-selective
145134,Ormiston NEW Academy,Open,Secondary,
145135,Yate Academy,Open,Secondary,
145139,Kingsdown School,Open,Secondary,
145146,Bluecoat Wollaton Academy,Open,Secondary,
145155,UTC Swindon,Open,Secondary,
145157,Penketh High School,Open,Secondary,Non-selective
145179,Stoke Park School,Open,Secondary,Non-selective
145188,Outwood Academy Redcar,Open,Secondary,Non-selective
145191,Ecclesfield School,Open,Secondary,
145196,Downham Market Academy,Open,Secondary,
145211,Hayle Academy,Open,Secondary,Non-selective
145217,Reigate School,Open,Secondary,Non-selective
145244,Edgbarrow School,Open,Secondary,Non-selective
145253,Ferryhill School,Open,Secondary,Non-selective
145271,Jack Hunt Academy,Open,Secondary,Non-selective
145274,Stocksbridge High School,Open,Secondary,Non-selective
145286,St Crispin's School,Open,Secondary,Non-selective
145297,Goffs - Churchgate Academy,Open,Secondary,Non-selective
145313,Bacon's College,Open,Secondary,Non-selective
145315,Leigh Academy Halley,Open,Secondary,
145322,The Misbourne School,Open,Secondary,Non-selective
145327,Derby Moor Spencer Academy,Open,Secondary,Non-selective
145336,Tavistock College,Open,Secondary,Non-selective
145337,Okehampton College,Open,Secondary,Non-selective
145343,Holsworthy Community College,Open,Secondary,Non-selective
145348,Dormers Wells High School,Open,Secondary,Non-selective
145372,Castle View Academy,Open,Secondary,Non-selective
145381,Wolgarston High School,Open,Secondary,Non-selective
145398,Ashton Park School,Open,Secondary,Non-selective
145404,West Exe School,Open,Secondary,Non-selective
145410,Royal Docks Academy,Open,Secondary,Non-selective
145420,Folkestone Academy,Open,Secondary,Non-selective
145430,The Adeyfield Academy,Open,Secondary,Non-selective
145455,High Storrs School,Open,Secondary,Non-selective
145474,Brentwood County High School,Open,Secondary,Non-selective
145480,Henley Bank High School,Open,Secondary,
145482,Chew Valley School,Open,Secondary,Non-selective
145490,Heworth Grange School,Open,Secondary,Non-selective
145500,John Port Spencer Academy,Open,Secondary,Non-selective
145501,Flegg High Ormiston Academy,Open,Secondary,
145502,Winterbourne Academy,Open,Secondary,
145528,Walker Riverside Academy,Open,Secondary,Non-selective
145558,Judgemeadow Community College,Open,Secondary,Non-selective
145562,Westfield School,Open,Secondary,Non-selective
145564,Whitworth Park Academy,Open,Secondary,Non-selective
145575,Bilton School,Open,Secondary,
145577,Longfield Academy,Open,Secondary,
145579,Trinity Academy Cathedral,Open,Secondary,
145580,Arena Academy,Open,Secondary,
145593,The Pedmore High School,Open,Secondary,Non-selective
145597,Roding Valley High School,Open,Secondary,Non-selective
145609,Lubavitch House School (Senior Girls),Open,Secondary,Non-selective
145677,Chilton Trinity School,Open,Secondary,Non-selective
145707,Ercall Wood Academy,Open,Secondary,Non-selective
145708,Lammas School,Open,Secondary,Non-selective
145722,Holderness Academy,Open,Secondary,Non-selective
145723,Oasis Academy Leesbrook,Open,Secondary,Non-selective
145724,Ada Lovelace Church of England High School,Open,Secondary,Non-selective
145736,Lord Grey Academy,Open,Secondary,Non-selective
145744,Abbey Park School,Open,Secondary,Non-selective
145774,Acklam Grange School,Open,Secondary,Non-selective
145776,Framingham Earl High School,Open,Secondary,Non-selective
145777,Tadcaster Grammar School,Open,Secondary,Non-selective
145783,Ponteland High School,Open,Secondary,Non-selective
145819,Sherburn High School,Open,Secondary,Non-selective
145843,Treviglas Academy,Open,Secondary,Non-selective
145848,Wath Academy,Open,Secondary,Non-selective
145860,Harris Academy Wimbledon,Open,Secondary,Non-selective
145866,Bolder Academy,Open,Secondary,Non-selective
145868,Bullers Wood School for Boys,Open,Secondary,Non-selective
145872,Chiltern Academy,Open,Secondary,Non-selective
145873,CHS South,Open,Secondary,Non-selective
145875,Coombe Wood School,Open,Secondary,
145878,"Eden Boys' Leadership Academy, Birmingham East",Open,Secondary,Non-selective
145883,Great Western Academy,Open,Secondary,Non-selective
145889,John Taylor Free School,Open,Secondary,
145890,Katherine Warington School,Open,Secondary,
145893,Laurus Cheadle Hulme,Open,Secondary,
145894,Laurus Ryecroft,Open,Secondary,Non-selective
145895,Leigh Academy Blackheath,Open,Secondary,
145897,Mercia School,Open,Secondary,
145898,Merstham Park School,Open,Secondary,
145900,North East Futures UTC,Open,Secondary,
145921,Saracens High School,Open,Secondary,
145923,Turner Free School,Open,Secondary,Non-selective
145927,Cockburn John Charles Academy,Open,Secondary,
145929,Goole Academy,Open,Secondary,
145931,Bmat Stem Academy,Open,Secondary,
145937,Outwood Academy Freeston,Open,Secondary,Non-selective
145938,Outwood Academy Hemsworth,Open,Secondary,
145943,Yewlands Academy,Open,Secondary,Non-selective
145944,St Edward's Church of England Academy,Open,Secondary,
145945,Theale Green School,Open,Secondary,
145952,The Bulwell Academy,Open,Secondary,
145954,The Gainsborough Academy,Open,Secondary,
145966,Friesland School,Open,Secondary,Non-selective
146063,Broadland High Ormiston Academy,Open,Secondary,Non-selective
146087,The Westleigh School,Open,Secondary,Non-selective
146094,The Park Community School,Open,Secondary,Non-selective
146099,Tupton Hall School,Open,Secondary,Non-selective
146103,Maiden Erlegh Chiltern Edge,Open,Secondary,Non-selective
146108,Sir Jonathan North Girls' College,Open,Secondary,Non-selective
146124,Archbishop Ilsley Catholic School,Open,Secondary,Non-selective
146128,St Thomas More Catholic Voluntary Academy,Open,Secondary,Non-selective
146129,Howden School,Open,Secondary,Non-selective
146144,Old Buckenham High School,Open,Secondary,Non-selective
146146,Meole Brace School,Open,Secondary,Non-selective
146196,"English Martyrs' Catholic School, A Voluntary Academy",Open,Secondary,Non-selective
146198,Dixons Cottingley Academy,Open,Secondary,Non-selective
146209,Rushden Academy,Open,Secondary,
146217,Boston Spa Academy,Open,Secondary,Non-selective
146228,Colne Park High School,Open,Secondary,Non-selective
146232,"St Paul's Catholic School, a Voluntary Academy",Open,Secondary,Non-selective
146235,Blessed Robert Sutton Catholic Voluntary Academy,Open,Secondary,Non-selective
146239,Wright Robinson College,Open,Secondary,Non-selective
146245,The Sacred Heart Language College,Open,Secondary,Non-selective
146247,Temple Moor High School,Open,Secondary,Non-selective
146276,Marsden Heights Community College,Open,Secondary,Non-selective
146282,Burscough Priory Academy,Open,Secondary,Non-selective
146284,Oasis Academy Sholing,Open,Secondary,
146303,AldridgeUTC@MediaCityUK,Open,Secondary,Non-selective
146305,Ridgeway Academy,Open,Secondary,Non-selective
146309,Sanders Draper,Open,Secondary,Non-selective
146315,Co-op Academy Bebington,Open,Secondary,Non-selective
146316,E-ACT Royton and Crompton Academy,Open,Secondary,Non-selective
146318,Ark Acton Academy,Open,Secondary,Non-selective
146320,Darton Academy,Open,Secondary,Non-selective
146325,Cape Cornwall School,Open,Secondary,Non-selective
146327,"Royds Hall, A Share Academy",Open,Secondary,Non-selective
146344,Melksham Oak Community School,Open,Secondary,
146363,Dixons Unity Academy,Open,Secondary,Non-selective
146365,"Thornhill Community Academy, A Share Academy",Open,Secondary,
146367,Castle Hall Academy,Open,Secondary,Non-selective
146369,Ernulf Academy,Open,Secondary,Non-selective
146370,Astrea Academy Woodfields,Open,Secondary,
146374,Kirk Hallam Community Academy,Open,Secondary,
146375,UTC Heathrow,Open,Secondary,
146377,Princes Risborough School,Open,Secondary,
146379,Tudor Grange Academy Kingshurst,Open,Secondary,
146383,Q3 Academy Tipton,Open,Secondary,Non-selective
146387,Poynton High School,Open,Secondary,Non-selective
146392,Fitzharrys School,Open,Secondary,Non-selective
146404,Co-op Academy Walkden,Open,Secondary,Non-selective
146408,Sir James Smith's School,Open,Secondary,Non-selective
146436,Foxford Community School,Open,Secondary,
146439,The King Alfred School an Academy,Open,Secondary,Non-selective
146440,Laureate Academy,Open,Secondary,
146443,Cheslyn Hay Academy,Open,Secondary,Non-selective
146451,Wilsthorpe School,Open,Secondary,Non-selective
146455,Horizon Community College,Open,Secondary,Non-selective
146489,Wollaston School,Open,Secondary,Non-selective
146493,Nether Stowe School,Open,Secondary,Non-selective
146501,Astrea Academy Dearne,Open,Secondary,Non-selective
146506,Belvidere School,Open,Secondary,Non-selective
146509,Mary Webb School and Science College,Open,Secondary,Non-selective
146518,E-Act Bourne End Academy,Open,Secondary,Non-selective
146529,Tottington High School,Open,Secondary,Non-selective
146539,Ellis Guilford School,Open,Secondary,Non-selective
146560,UTC Plymouth,Open,Secondary,Non-selective
146562,Arnold Hill Spencer Academy,Open,Secondary,
146564,Farnborough Spencer Academy,Open,Secondary,Non-selective
146567,Atlantic Academy,Open,Secondary,Non-selective
146580,The Grove School,Open,Secondary,Non-selective
146624,Goodwin Academy,Open,Secondary,Non-selective
146634,The Whitehaven Academy,Open,Secondary,
146635,Kidsgrove Secondary School,Open,Secondary,
146639,The Laurel Academy,Open,Secondary,
146648,Waterfront UTC,Open,Secondary,Non-selective
146697,Kenilworth School and Sixth Form,Open,Secondary,Non-selective
146742,Ellesmere Port Church of England College,Open,Secondary,Non-selective
146752,Jesmond Park Academy,Open,Secondary,Non-selective
146765,Padgate Academy,Open,Secondary,
146769,Graham School,Open,Secondary,Non-selective
146793,The Albion Academy,Open,Secondary,
146794,Philip Morant School and College,Open,Secondary,
146795,Colne Community School,Open,Secondary,
146797,Dean Trust Rose Bridge,Open,Secondary,
146800,Greyfriars Catholic School,Open,Secondary,Non-selective
146819,George Pindar School,Open,Secondary,
146820,Lynch Hill Enterprise Academy,Open,Secondary,Non-selective
146825,Rye College,Open,Secondary,Non-selective
146906,Honley High School,Open,Secondary,Non-selective
146907,The Friary School,Open,Secondary,Non-selective
146909,Pakefield High School,Open,Secondary,Non-selective
146926,Prudhoe Community High School,Open,Secondary,Non-selective
146936,Blackburn Central High School,Open,Secondary,Non-selective
146969,Northallerton School & Sixth Form College,Open,Secondary,Non-selective
146970,Hazel Wood High School,Open,Secondary,
146972,Beechen Cliff School,Open,Secondary,Non-selective
147016,King Arthur's School,Open,Secondary,Non-selective
147018,The Valley Leadership Academy,Open,Secondary,
147031,Castle View School,Open,Secondary,Non-selective
147059,Stone Lodge School,Open,Secondary,Non-selective
147061,Ark Pioneer Academy,Open,Secondary,Non-selective
147067,Bronte Girls' Academy,Open,Secondary,Non-selective
147068,Castle Mead Academy,Open,Secondary,Non-selective
147072,Trinity Academy,Open,Secondary,Non-selective
147073,Haberdashers' Borough Academy,Open,Secondary,Non-selective
147077,King's Leadership Academy Bolton,Open,Secondary,Non-selective
147080,Paxman Academy,Open,Secondary,Non-selective
147100,Carlton Bolling,Open,Secondary,Non-selective
147113,St Regis Church of England Academy,Open,Secondary,Non-selective
147115,Morecambe Bay Academy,Open,Secondary,Non-selective
147122,Dene Academy,Open,Secondary,Non-selective
147142,"St Robert of Newminster Catholic School and Sixth Form College, Washington",Open,Secondary,Non-selective
147157,Glossopdale School and Sixth Form,Open,Secondary,
147177,Co-op Academy Grange,Open,Secondary,Non-selective
147178,Grace College,Open,Secondary,
147182,West Bromwich Collegiate Academy,Open,Secondary,Non-selective
147185,Cecil Jones Academy,Open,Secondary,Non-selective
147201,"Eden Girls' Leadership Academy, Birmingham",Open,Secondary,Non-selective
147203,The Swan School,Open,Secondary,Non-selective
147204,"Eden Boys' Leadership Academy, Bradford",Open,Secondary,Non-selective
147212,St Augustine's Catholic School - a Catholic voluntary academy,Open,Secondary,Non-selective
147213,St Francis Xavier School - a Joint Catholic and Church of England Voluntary Academy,Open,Secondary,Non-selective
147214,All Saints' Church of England Academy,Open,Secondary,Non-selective
147219,Blaise High School,Open,Secondary,
147238,Hasmonean High School for Girls,Open,Secondary,
147246,Chancellor's School,Open,Secondary,Non-selective
147260,Lancaster High School,Open,Secondary,Non-selective
147268,University Academy Long Sutton,Open,Secondary,Non-selective
147291,Wey Valley Academy,Open,Secondary,Non-selective
147300,Holmleigh Park High School,Open,Secondary,Non-selective
147345,Bishop Ullathorne Catholic School,Open,Secondary,Non-selective
147346,Cardinal Newman Catholic School,Open,Secondary,Non-selective
147350,Winterstoke Hundred Academy,Open,Secondary,Non-selective
147351,Broadoak Academy,Open,Secondary,
147369,Matthew Moss High School,Open,Secondary,Non-selective
147400,Springwell Community College,Open,Secondary,Non-selective
147401,St Luke's Church of England School,Open,Secondary,Non-selective
147430,St Peter's Catholic School,Open,Secondary,Non-selective
147432,Kineton High School,Open,Secondary,Non-selective
147439,The John Roan School,Open,Secondary,Non-selective
147440,King Edward VI Balaam Wood Academy,Open,Secondary,Non-selective
147442,Poltair School,Open,Secondary,Non-selective
147443,Budmouth Academy Weymouth,Open,Secondary,Non-selective
147456,The Wells Academy,Open,Secondary,Non-selective
147467,Avonbourne Boys' Academy,Open,Secondary,Non-selective
147505,North Walsham High School,Open,Secondary,Non-selective
147508,The Thomas Adams School,Open,Secondary,Non-selective
147531,Hermitage Academy,Open,Secondary,
147532,Monkwearmouth Academy,Open,Secondary,
147533,Hope Valley College,Open,Secondary,Non-selective
147535,Onslow St Audrey's School,Open,Secondary,
147536,AIM Academy North London,Open,Secondary,
147537,Harris Academy Ockendon,Open,Secondary,
147538,Oaks Park High School,Open,Secondary,Non-selective
147540,Shrewsbury Academy,Open,Secondary,
147541,Freebrough Academy,Open,Secondary,
147543,Harris Academy Clapham,Open,Secondary,Non-selective
147544,Outwood Academy Normanby,Open,Secondary,Non-selective
147565,"All Saints' Roman Catholic High School, a Voluntary Academy",Open,Secondary,Non-selective
147574,Paulet High School,Open,Secondary,Non-selective
147581,"Blessed Trinity Roman Catholic College, A Voluntary Academy",Open,Secondary,Non-selective
147643,Dawlish College,Open,Secondary,Non-selective
147653,Waterside Academy,Open,Secondary,Non-selective
147654,The Oaks Academy,Open,Secondary,
147670,Sedgefield Community College,Open,Secondary,Non-selective
147676,Weston Secondary School,Open,Secondary,Non-selective
147683,Sandymoor Ormiston Academy,Open,Secondary,Non-selective
147685,UTC Derby Pride Park,Open,Secondary,
147707,St Edmund Campion Catholic School,Open,Secondary,Non-selective
147711,Seaham High School,Open,Secondary,Non-selective
147724,Laurence Jackson School,Open,Secondary,Non-selective
147785,The Grange Academy,Open,Secondary,
147788,Bradfield Secondary School,Open,Secondary,Non-selective
147796,Brownhills Ormiston Academy,Open,Secondary,Non-selective
147801,St Mark's CofE School,Open,Secondary,Non-selective
147832,Ark Blake Academy,Open,Secondary,Non-selective
147838,Doncaster UTC,Open,Secondary,Non-selective
147847,Orsett Heath Academy,Open,Secondary,Non-selective
147848,Outwood Academy Riverside,Open,Secondary,Non-selective
147853,Thames Park Secondary School,Open,Secondary,Non-selective
147860,Watling Academy,Open,Secondary,Non-selective
147863,Ark Soane Academy,Open,Secondary,Non-selective
147872,Whitelands Academy,Open,Secondary,Non-selective
147875,Newhouse Academy,Open,Secondary,Non-selective
147881,Stuart Bathurst Catholic High School,Open,Secondary,Non-selective
147883,The Heys School,Open,Secondary,Non-selective
147888,Newsome Academy,Open,Secondary,Non-selective
147894,Tanfield School,Open,Secondary,Non-selective
147897,The Holmesdale School,Open,Secondary,Non-selective
147902,Countesthorpe Academy,Open,Secondary,
147905,Millbay Academy,Open,Secondary,
147935,Broadwater School,Open,Secondary,Non-selective
147942,St Anne's RC Voluntary Academy,Open,Secondary,Non-selective
147967,Marine Academy Plymouth,Open,Secondary,
148002,Endon High School,Open,Secondary,Non-selective
148003,Sedgehill Academy,Open,Secondary,Non-selective
148026,"St Antony's Roman Catholic School, a Voluntary Academy",Open,Secondary,Non-selective
148036,Gloucester Academy,Open,Secondary,
148049,"St Gabriel's RC High School, a Voluntary Academy",Open,Secondary,Non-selective
148050,"St Monica's RC High School, a Voluntary Academy",Open,Secondary,Non-selective
148094,St Peter's Catholic School,Open,Secondary,Non-selective
148097,Woodhey High School,Open,Secondary,Non-selective
148109,Wolsingham School,Open,Secondary,Non-selective
148135,Walbottle Academy,Open,Secondary,Non-selective
148179,The Turing School,Open,Secondary,Non-selective
148185,The Giles Academy,Open,Secondary,Non-selective
148186,Thornaby Academy,Open,Secondary,
148187,City Academy,Open,Secondary,
148220,Birches Head Academy,Open,Secondary,Non-selective
148221,Steyning Grammar School,Open,Secondary,Non-selective
148224,Eastlea Community School,Open,Secondary,Non-selective
148226,Alsop High School,Open,Secondary,Non-selective
148254,Ormskirk School,Open,Secondary,Non-selective
148267,Perryfields Academy,Open,Secondary,Non-selective
148294,"Corpus Christi Catholic College, A Voluntary Academy",Open,Secondary,Non-selective
148295,Chipping Sodbury School,Open,Secondary,Non-selective
148299,Highfields School,Open,Secondary,Non-selective
148304,St Bede's Catholic School and Byron Sixth Form College,Open,Secondary,Non-selective
148327,Werneth School,Open,Secondary,Non-selective
148335,Huntcliff School,Open,Secondary,Non-selective
148337,Outwood Academy Hasland Hall,Open,Secondary,Non-selective
148338,The De Montfort School,Open,Secondary,Non-selective
148354,The Oxford Academy,Open,Secondary,
148362,Trinity Catholic School,Open,Secondary,Non-selective
148369,Plymouth High School for Girls,Open,Secondary,Selective
148377,Ryedale School,Open,Secondary,Non-selective
148389,St Matthew's RC High School,Open,Secondary,Non-selective
148393,The Lowry Academy,Open,Secondary,Non-selective
148402,The King's CofE Academy,Open,Secondary,Not applicable
148407,Chessington School,Open,Secondary,Non-selective
148417,The Hinckley School,Open,Secondary,
148423,Mark Hall Academy,Open,Secondary,
148429,Meadow Park School,Open,Secondary,Non-selective
148430,Rayner Stephens High School,Open,Secondary,
148431,Longdendale High School,Open,Secondary,
148433,West Grantham Church of England Secondary Academy,Open,Secondary,
148453,The Emmbrook School,Open,Secondary,Non-selective
148499,St Mary's Catholic School,Open,Secondary,Non-selective
148508,Moorside High School,Open,Secondary,Non-selective
148520,"St Bede's and St Joseph's Catholic College, A Voluntary Academy",Open,Secondary,Non-selective
148521,Turves Green Boys' School,Open,Secondary,Non-selective
148522,Outwood Academy Haydock,Open,Secondary,Non-selective
148526,Outwood Academy Hindley,Open,Secondary,Non-selective
148527,Oulton Academy,Open,Secondary,Non-selective
148532,St Hild's Church of England School,Open,Secondary,Non-selective
148534,Saint Edmund Arrowsmith Catholic Academy,Open,Secondary,Non-selective
148538,Alvaston Moor Academy,Open,Secondary,Non-selective
148544,Co-op Academy Belle Vue,Open,Secondary,Non-selective
148545,Trinity Academy Bradford,Open,Secondary,Non-selective
148546,Brook Mead Academy,Open,Secondary,Non-selective
148547,Thrybergh Academy,Open,Secondary,
148548,Bluecoat Trent Academy,Open,Secondary,Non-selective
148549,Ashby School,Open,Secondary,
148553,Prince Albert High School,Open,Secondary,Non-selective
148560,Trinity Academy Leeds,Open,Secondary,Non-selective
148561,Trinity Academy St. Edwards,Open,Secondary,Non-selective
148563,The High School Leckhampton,Open,Secondary,Non-selective
148573,Callerton Academy,Open,Secondary,Non-selective
148577,Leigh Academy Rainham,Open,Secondary,Non-selective
148589,"Christ Church, Church of England Secondary Academy",Open,Secondary,Non-selective
148596,Edgar Wood Academy,Open,Secondary,Non-selective
148602,Lady Lumley's Academy,Open,Secondary,Non-selective
148616,Cockburn Laurence Calvert Academy,Open,Secondary,Non-selective
148617,XP Gateshead,Open,Secondary,Non-selective
148639,Chellaston Academy,Open,Secondary,
148655,Dixons Fazakerley Academy,Open,Secondary,Non-selective
148684,King Edward VI Northfield School for Girls,Open,Secondary,Non-selective
148688,Mossley Hollins High School,Open,Secondary,Non-selective
148692,Stopsley High School,Open,Secondary,Non-selective
148693,Middlewich High School,Open,Secondary,Non-selective
148702,"St Bernards Catholic High School, Barrow",Open,Secondary,Non-selective
148703,"St Josephs Catholic High School, Workington",Open,Secondary,Non-selective
148706,Bishop Barrington Academy,Open,Secondary,Non-selective
148712,The North School,Open,Secondary,Non-selective
148728,Rye Hills Academy,Open,Secondary,
148737,The Purbeck School,Open,Secondary,Non-selective
148753,St Paul's Catholic College,Open,Secondary,Non-selective
148790,Kingsway Park High School,Open,Secondary,Non-selective
148792,Dixons Broadgreen Academy,Open,Secondary,Non-selective
148793,John Smeaton Academy,Open,Secondary,Non-selective
148826,King Edward VII Academy,Open,Secondary,Non-selective
148830,Buckler's Mead School,Open,Secondary,
148835,Stantonbury School,Open,Secondary,Non-selective
148847,Oulder Hill Leadership Academy,Open,Secondary,Non-selective
148850,Sandhurst School,Open,Secondary,Non-selective
148851,The Mandeville School,Open,Secondary,Non-selective
148855,St John Fisher Catholic Academy,Open,Secondary,Non-selective
148866,Bury Church of England High School,Open,Secondary,Non-selective
148877,Soar Valley College,Open,Secondary,Non-selective
148878,The City of Leicester College,Open,Secondary,Non-selective
148901,Rokeby School,Open,Secondary,Non-selective
148902,Lister Community School,Open,Secondary,Non-selective
148921,Rhyddings,Open,Secondary,Non-selective
148922,The Hollins,Open,Secondary,Non-selective
148932,Brook Sixth Form and Academy,Open,Secondary,
148945,Uplands Academy,Open,Secondary,Non-selective
148965,Dixons Brooklands Academy,Open,Secondary,Non-selective
149011,Hanson Academy,Open,Secondary,Non-selective
149031,St Augustine of Canterbury Catholic Academy,Open,Secondary,Non-selective
149032,Blessed Carlo Acutis Catholic and Church of England Academy,Open,Secondary,Non-selective
149039,Barton Manor School,Open,Secondary,Non-selective
149042,BOA Digital Technologies Academy,Open,Secondary,Non-selective
149047,Sacred Heart Catholic Academy,Open,Secondary,Non-selective
149075,Maritime Academy,Open,Secondary,Non-selective
149078,Avanti Grange Secondary School,Open,Secondary,Non-selective
149102,The Kingsbrook School,Open,Secondary,Non-selective
149104,Manor Drive Secondary Academy,Open,Secondary,Non-selective
149107,Houstone School,Open,Secondary,Non-selective
149137,The Brian Clarke Church of England Academy,Open,Secondary,Non-selective
149162,"Whitcliffe Mount, A Share Academy",Open,Secondary,Non-selective
149204,Pioneer Secondary Academy,Open,Secondary,Non-selective
149205,Filey Academy,Open,Secondary,
149208,Lea Manor High School,Open,Secondary,Non-selective
149235,Hetton Academy,Open,Secondary,Non-selective
149236,Ken Stimpson Academy,Open,Secondary,Non-selective
149247,King Edward VI Community College,Open,Secondary,Non-selective
149251,Durham Academy,Open,Secondary,Non-selective
149271,Iveshead School,Open,Secondary,Non-selective
149285,St Benedict's Catholic School,Open,Secondary,Non-selective
149290,St Paul's Catholic College,Open,Secondary,Non-selective
149297,St Richard Reynolds Catholic High School,Open,Secondary,Not applicable
149299,"The Holy Family Catholic School, a Voluntary Academy",Open,Secondary,Non-selective
149318,The Priory Church of England School,Open,Secondary,Non-selective
149319,Aylesford School,Open,Secondary,Non-selective
149328,King Edward VI High School,Open,Secondary,Non-selective
149347,Coloma Convent Girls' School,Open,Secondary,Non-selective
149364,Aldercar High School,Open,Secondary,Non-selective
149365,King's Academy Easthampstead Park,Open,Secondary,Non-selective
149369,Notre Dame Catholic Girls' School,Open,Secondary,Non-selective
149370,Parkside Community School,Open,Secondary,Non-selective
149376,Blythe Bridge High School,Open,Secondary,Non-selective
149380,Mercia Academy,Open,Secondary,Non-selective
149429,Outwood Academy Kirkby,Open,Secondary,
149431,Harris Science Academy East London,Open,Secondary,
149433,Huxlow Academy,Open,Secondary,Non-selective
149435,Park House School,Open,Secondary,
149436,Cowley Academy,Open,Secondary,
149437,Ridgeway Secondary School,Open,Secondary,
149457,"St Augustine's Roman Catholic High School, a Voluntary Academy",Open,Secondary,Non-selective
149461,"Saint John Henry Newman Roman Catholic College, A Voluntary Academy",Open,Secondary,Non-selective
149486,The Salesian Academy of St John Bosco,Open,Secondary,Non-selective
149500,The Hemel Hempstead School,Open,Secondary,Non-selective
149517,All Saints Catholic School York,Open,Secondary,Non-selective
149530,Dixons Croxteth Academy,Open,Secondary,
149531,The Brooksbank School,Open,Secondary,
149543,Ernest Bevin Academy,Open,Secondary,Non-selective
149554,The Royal Harbour Academy,Open,Secondary,Non-selective
149602,Sidmouth College,Open,Secondary,Non-selective
149611,The Bulmershe School,Open,Secondary,Non-selective
149614,Weaverham High School,Open,Secondary,Non-selective
149621,Crofton School,Open,Secondary,Non-selective
149631,"Ellesmere Port Catholic High School, a Voluntary Academy",Open,Secondary,Non-selective
149632,Holland Park School,Open,Secondary,
149635,Smestow Academy,Open,Secondary,
149644,Anthony Gell School,Open,Secondary,Non-selective
149645,Buxton Community School,Open,Secondary,Non-selective
149657,Sturminster Newton High School,Open,Secondary,Non-selective
149682,North Bromsgrove High School,Open,Secondary,Non-selective
149697,Dixons Newall Green Academy,Open,Secondary,Non-selective
149707,Brighton Hill Community School,Open,Secondary,Non-selective
149712,Bohunt Farnborough,Open,Secondary,Non-selective
149739,Wellfield School,Open,Secondary,Non-selective
149743,John F Kennedy Catholic School,Open,Secondary,Non-selective
149751,Windsor Olympus Academy,Open,Secondary,Non-selective
149767,Star Salford Academy,Open,Secondary,Non-selective
149775,Weldon Village Academy,Open,Secondary,Non-selective
149782,Northampton School,Open,Secondary,Non-selective
149783,Oasis Academy Daventry Road,Open,Secondary,Non-selective
149784,Oasis Academy Temple Quarter,Open,Secondary,Non-selective
149825,Eckington School,Open,Secondary,
149827,Shireland CBSO Academy,Open,Secondary,Non-selective
149828,Meols Cop High School,Open,Secondary,Non-selective
149840,Chilmington Green School,Open,Secondary,Non-selective
149873,"St Cuthbert's Roman Catholic High School, a Voluntary Academy",Open,Secondary,Non-selective
149893,The Abbey School,Open,Secondary,
149898,Leigh Academy Bexley,Open,Secondary,
149899,Colchester Royal Grammar School,Open,Secondary,Selective
149901,Haggerston School,Open,Secondary,Non-selective
149936,Priestnall School,Open,Secondary,Non-selective
149962,Greenfield Academy,Open,Secondary,Non-selective
149983,Up Holland High School,Open,Secondary,Non-selective
149987,Nidderdale High School,Open,Secondary,Non-selective
149989,Cardinal Griffin Catholic College,Open,Secondary,Non-selective
150001,Parkside School,Open,Secondary,Non-selective
150038,Huish Episcopi Academy,Open,Secondary,
150055,Harris Academy Beulah Hill,Open,Secondary,
150092,Longridge High School,Open,Secondary,Non-selective
150094,Ifield Community College,Open,Secondary,Non-selective
150099,Medina College,Open,Secondary,Non-selective
150100,Carisbrooke College,Open,Secondary,Non-selective
150127,Danebury School,Open,Secondary,Non-selective
150130,Monkton Wood Academy,Open,Secondary,Not applicable
150163,Academy21,Open,Secondary,Non-selective
150195,John Spence Community High School,Open,Secondary,Non-selective
150196,The Duchess's Community High School,Open,Secondary,Non-selective
150217,The Highfield School,Open,Secondary,Non-selective
150227,Falinge Park High School,Open,Secondary,Non-selective
150235,Riverside Virtual College,Open,Secondary,
150261,Bacup and Rawtenstall Grammar School,Open,Secondary,Selective
150263,Vista Academy Littleport,Open,Secondary,
150268,Farringdon Community Academy,Open,Secondary,
150277,Highworth Warneford School,Open,Secondary,
150278,Dover Christ Church Academy,Open,Secondary,
150308,"Our Lady and St John RC High School, a Voluntary Academy",Open,Secondary,Non-selective
150311,King's Leadership Academy Wavertree,Open,Secondary,Non-selective
150319,Prendergast School,Open,Secondary,Non-selective
150320,King Edward VI King's Norton School for Boys,Open,Secondary,Non-selective
150363,The Burton Borough School,Open,Secondary,Non-selective
150373,Notre Dame Catholic Academy,Open,Secondary,Non-selective
150434,Wellfield Academy,Open,Secondary,Non-selective
150437,Glebelands School,Open,Secondary,Non-selective
150453,Hartshill Academy,Open,Secondary,
150454,Nuneaton Academy,Open,Secondary,
150482,Lincoln Castle Academy,Open,Secondary,
150483,The Macclesfield Academy,Open,Secondary,
150510,Walton-Le-Dale High School,Open,Secondary,Non-selective
150524,Carlton le Willows Academy,Open,Secondary,
150541,EDClass Ltd,Open,Secondary,
150604,Cardinal Pole Catholic School,Open,Secondary,Non-selective
150605,Bonus Pastor Catholic College,Open,Secondary,Non-selective
150606,Bishop Challoner Catholic School,Open,Secondary,Non-selective
150607,Lytham St Annes High School,Open,Secondary,Non-selective
150611,Sir William Ramsay School,Open,Secondary,Non-selective
150615,Christ The King Catholic High School,Open,Secondary,Non-selective
150644,Malton School,Open,Secondary,Non-selective
150656,The John Warner School,Open,Secondary,
150667,Frome Community College,Open,Secondary,Non-selective
150691,Conisborough College,Open,Secondary,Non-selective
150713,St Francis Xavier's Catholic Academy,Open,Secondary,
150715,Star Radcliffe Academy,Open,Secondary,Non-selective
150716,The Telford Park School,Open,Secondary,
150728,River Academy,Open,Secondary,Non-selective
150743,Leigh Academy Hugh Christie,Open,Secondary,Non-selective
150780,Minerva Virtual Academy,Open,Secondary,
150783,The Wisbech Academy,Open,Secondary,Non-selective
150790,Co-op Academy Florence MacWilliams,Open,Secondary,Non-selective
150811,New Road Academy,Open,Secondary,
150833,De La Salle School,Open,Secondary,Non-selective
150839,The Blue Coat School Basingstoke,Open,Secondary,Non-selective
150867,Kirton Academy,Open,Secondary,
150868,Buile Hill Academy,Open,Secondary,
150869,Walderslade School,Open,Secondary,
150870,Greenacre School,Open,Secondary,
150871,King's Academy Brune Park,Open,Secondary,
150883,Poole High School,Open,Secondary,Non-selective
150889,"London Nautical, City of London Academy",Open,Secondary,Non-selective
150934,EKC Sheppey Secondary,Open,Secondary,
150935,Leigh Academy Minster,Open,Secondary,
150937,St Michael's Catholic College,Open,Secondary,
150938,Dinnington High School,Open,Secondary,
150951,Frogmore Community College,Open,Secondary,Non-selective
150956,Gateacre School,Open,Secondary,Not applicable
150966,Carr Hill High School,Open,Secondary,Non-selective
151008,St. Thomas More Language College,Open,Secondary,Non-selective
151027,Philips High School,Open,Secondary,Non-selective
151031,Marple Hall School,Open,Secondary,Non-selective
151042,Castle Newnham School,Open,Secondary,Not applicable
151057,Cullompton Community College,Open,Secondary,Non-selective
151190,All Hallows Catholic School,Open,Secondary,Non-selective
151196,Montsaye Academy,Open,Secondary,
151303,E-Act Montpelier High School,Open,Secondary,
151305,The Deanery CofE Academy,Open,Secondary,
151350,Ursuline High School Wimbledon,Open,Secondary,Non-selective
151354,South Wirral High School,Open,Secondary,Non-selective
151356,Mount St Joseph RC High School a Voluntary Academy,Open,Secondary,Non-selective
151361,Saddleworth School,Open,Secondary,Non-selective
151373,Kings International College,Open,Secondary,Non-selective
151382,Hurstmere School,Open,Secondary,Non-selective
151384,Stowupland High School,Open,Secondary,Non-selective
151403,Swanshurst School,Open,Secondary,Non-selective
151414,St John Fisher Catholic High School,Open,Secondary,Non-selective
151441,Mossbourne Fobbing Academy,Open,Secondary,
151442,Mossbourne Port Side Academy,Open,Secondary,
151443,South Shore Academy,Open,Secondary,
151485,Denton Community Academy,Open,Secondary,
151533,Pewsey Vale School,Open,Secondary,
151538,Barnwood Park School,Open,Secondary,Non-selective
151559,"Todmorden High School, A SHARE Academy",Open,Secondary,Non-selective
151564,Robertsbridge Community College,Open,Secondary,Non-selective
151607,The Herewoode Academy,Open,Secondary,Non-selective
151610,The Radclyffe School,Open,Secondary,Non-selective
151611,St Andrew's Catholic School,Open,Secondary,Non-selective
151627,Hyde High School,Open,Secondary,Non-selective
151631,Hartland High School,Open,Secondary,
151700,Higham Lane North Academy,Open,Secondary,Non-selective
151762,Benton Park School,Open,Secondary,Non-selective
151777,St Michaels Church of England Academy,Open,Secondary,
151779,St Richard's Catholic College,Open,Secondary,Non-selective
151792,The Wordsley School,Open,Secondary,Non-selective
151851,Fir Vale Academy,Open,Secondary,
151895,Sale High School,Open,Secondary,Non-selective
151923,The Forest School,Open,Secondary,Non-selective
151948,Abbeyfield School,Open,Secondary,Non-selective
151969,Parrenthorn High School,Open,Secondary,Non-selective
151990,St Aloysius' College,Open,Secondary,Non-selective
152034,Archbishop Blanch CofE High School,Open,Secondary,Non-selective
152043,Tiverton High School,Open,Secondary,Non-selective
152056,Saint Pius X Catholic High School A Specialist School in Humanities,Open,Secondary,Non-selective
152099,Gracewood Academy,Open,Secondary,
152100,Oakbank School,Open,Secondary,
152168,Malbank School and Sixth Form College,Open,Secondary,Non-selective
152205,Regents Park Community College,Open,Secondary,Non-selective
152267,"Plashet, City of London Academy",Open,Secondary,Non-selective
152279,Purple Ruler,Open,Secondary,
152337,Lift Beacon High,Open,Secondary,Non-selective
152459,Pyrland School,Open,Secondary,
152503,Mulberry Academy St Leonards,Open,Secondary,
