Week of birth,Standardised Maths,Standardised English,Standardised Reasoning,Raw Maths,Raw English,Raw Reasoning
24/08/2013,117,124,122,19,22,61
24/08/2013,110,104,115,16,15,51
24/08/2013,108,109,110,15,17,45
24/08/2013,110,124,116,16,22,52
24/08/2013,132,124,133,23,22,72
24/08/2013,105,109,99,14,17,32
24/08/2013,115,136,117,18,24,53
24/08/2013,141,117,136,25,20,73
24/08/2013,115,121,121,18,21,60
31/08/2013,137,124,129,24,22,68
31/08/2013,126,98,124,22,12,64
31/08/2013,132,121,127,23,21,67
31/08/2013,101,100,115,12,13,50
31/08/2013,112,114,121,17,19,60
31/08/2013,103,95,117,13,11,53
31/08/2013,119,114,132,20,19,71
31/08/2013,93,104,113,9,15,48
31/08/2013,101,100,103,12,13,37
31/08/2013,119,112,120,20,18,59
31/08/2013,112,112,103,17,18,37
31/08/2013,72,69,90,3,2,24
31/08/2013,115,109,115,18,17,50
31/08/2013,101,112,132,12,18,70
31/08/2013,110,100,94,16,13,28
31/08/2013,108,109,116,15,17,52
31/08/2013,112,102,114,17,14,49
31/08/2013,101,91,112,12,9,46
31/08/2013,117,129,125,19,23,65
31/08/2013,101,95,105,12,11,39
31/08/2013,117,114,119,19,19,56
31/08/2013,126,109,115,22,17,50
31/08/2013,108,104,116,15,15,52
31/08/2013,84,95,105,6,11,39
31/08/2013,117,102,126,19,14,66
31/08/2013,101,114,104,12,19,38
31/08/2013,110,93,105,16,10,39
31/08/2013,96,109,114,10,17,49
31/08/2013,110,107,120,16,16,58
31/08/2013,119,121,121,20,21,60
31/08/2013,115,107,124,18,16,64
31/08/2013,108,107,118,15,16,55
31/08/2013,101,114,129,12,19,68
31/08/2013,105,114,114,14,19,49
31/08/2013,115,117,110,18,20,45
31/08/2013,117,112,106,19,18,40
31/08/2013,122,114,117,21,19,53
31/08/2013,112,93,120,17,10,58
31/08/2013,119,112,124,20,18,63
31/08/2013,112,117,117,17,20,54
31/08/2013,72,100,91,3,13,25
31/08/2013,112,109,100,17,17,34
31/08/2013,117,104,110,19,15,45
31/08/2013,108,100,110,15,13,45
31/08/2013,108,85,95,15,7,29
31/08/2013,137,104,125,24,15,65
31/08/2013,88,93,100,7,10,33
31/08/2013,126,129,126,22,23,66
31/08/2013,108,107,119,15,16,56
31/08/2013,137,141,136,24,25,73
31/08/2013,115,129,117,18,23,53
31/08/2013,137,114,130,24,19,69
31/08/2013,93,95,87,9,11,22
31/08/2013,117,117,124,19,20,64
31/08/2013,98,82,91,11,6,25
31/08/2013,103,136,122,13,24,61
31/08/2013,108,109,115,15,17,51
31/08/2013,103,91,102,13,9,35
31/08/2013,110,114,112,16,19,46
31/08/2013,105,102,107,14,14,41
31/08/2013,105,98,105,14,12,39
31/08/2013,115,141,119,18,25,57
31/08/2013,90,91,102,8,9,35
31/08/2013,117,107,115,19,16,51
31/08/2013,98,107,103,11,16,37
31/08/2013,137,124,141,24,22,76
31/08/2013,84,100,92,6,13,26
31/08/2013,132,117,136,23,20,73
31/08/2013,90,91,102,8,9,36
31/08/2013,126,121,129,22,21,68
31/08/2013,98,88,94,11,8,28
31/08/2013,105,95,100,14,11,33
31/08/2013,122,124,129,21,22,68
31/08/2013,103,104,112,13,15,47
31/08/2013,112,98,98,17,12,31
31/08/2013,112,136,133,17,24,72
31/08/2013,101,82,102,12,6,35
31/08/2013,110,100,113,16,13,48
31/08/2013,81,93,93,5,10,27
31/08/2013,96,114,97,10,19,30
31/08/2013,132,129,117,23,23,53
31/08/2013,108,112,109,15,18,43
31/08/2013,101,95,100,12,11,33
31/08/2013,112,112,114,17,18,49
31/08/2013,110,124,116,16,22,52
31/08/2013,105,104,102,14,15,35
31/08/2013,117,114,132,19,19,70
31/08/2013,126,117,120,22,20,59
31/08/2013,137,124,124,24,22,64
31/08/2013,137,117,126,24,20,66
31/08/2013,98,95,102,11,11,36
31/08/2013,103,114,119,13,19,56
31/08/2013,112,124,118,17,22,55
31/08/2013,122,129,141,21,23,76
31/08/2013,110,102,117,16,14,53
31/08/2013,115,117,113,18,20,48
31/08/2013,103,102,107,13,14,41
31/08/2013,112,98,102,17,12,35
31/08/2013,90,98,102,8,12,35
31/08/2013,126,124,114,22,22,49
31/08/2013,108,114,113,15,19,48
31/08/2013,103,112,108,13,18,42
31/08/2013,90,100,106,8,13,40
31/08/2013,88,104,104,7,15,38
31/08/2013,103,102,124,13,14,64
31/08/2013,101,98,112,12,12,46
31/08/2013,126,136,126,22,24,66
31/08/2013,122,136,136,21,24,73
31/08/2013,77,100,82,4,13,18
31/08/2013,110,85,106,16,7,40
31/08/2013,93,112,105,9,18,39
31/08/2013,84,91,90,6,9,24
31/08/2013,122,124,123,21,22,62
31/08/2013,96,98,114,10,12,49
31/08/2013,96,93,93,10,10,27
31/08/2013,115,114,125,18,19,65
31/08/2013,96,82,103,10,6,37
31/08/2013,108,114,109,15,19,43
31/08/2013,98,93,91,11,10,25
31/08/2013,119,129,124,20,23,63
31/08/2013,90,114,102,8,19,35
31/08/2013,98,117,108,11,20,42
31/08/2013,96,102,100,10,14,33
31/08/2013,110,85,106,16,7,40
31/08/2013,90,121,89,8,21,23
31/08/2013,112,117,127,17,20,67
31/08/2013,93,100,94,9,13,28
31/08/2013,115,102,125,18,14,65
31/08/2013,93,79,85,9,5,20
31/08/2013,112,102,110,17,14,45
31/08/2013,115,117,117,18,20,53
31/08/2013,126,114,119,22,19,56
07/09/2013,105,117,108,14,20,42
07/09/2013,117,104,116,19,15,52
07/09/2013,81,91,91,5,9,25
07/09/2013,93,102,97,9,14,30
07/09/2013,90,98,103,8,12,37
07/09/2013,132,114,125,23,19,65
07/09/2013,132,109,126,23,17,66
07/09/2013,126,112,126,22,18,66
07/09/2013,137,121,124,24,21,64
07/09/2013,110,109,102,16,17,35
07/09/2013,108,107,120,15,16,59
07/09/2013,105,107,107,14,16,41
07/09/2013,122,124,117,21,22,53
07/09/2013,119,121,125,20,21,65
07/09/2013,103,109,117,13,17,54
07/09/2013,105,104,108,14,15,42
07/09/2013,115,117,125,18,20,65
07/09/2013,88,107,104,7,16,38
07/09/2013,132,121,133,23,21,72
07/09/2013,108,93,116,15,10,52
07/09/2013,110,129,114,16,23,49
07/09/2013,112,107,115,17,16,50
07/09/2013,93,102,100,9,14,33
07/09/2013,105,129,115,14,23,51
07/09/2013,101,85,100,12,7,34
07/09/2013,117,121,127,19,21,67
07/09/2013,105,98,112,14,12,47
07/09/2013,105,100,109,14,13,43
07/09/2013,119,102,115,20,14,50
07/09/2013,96,95,100,10,11,33
07/09/2013,93,102,102,9,14,35
07/09/2013,98,91,100,11,9,33
07/09/2013,93,95,102,9,11,35
07/09/2013,103,107,112,13,16,46
07/09/2013,126,112,130,22,18,69
07/09/2013,101,88,93,12,8,27
07/09/2013,115,112,117,18,18,54
07/09/2013,105,95,106,14,11,40
07/09/2013,112,114,117,17,19,53
07/09/2013,115,109,109,18,17,44
07/09/2013,115,112,122,18,18,61
07/09/2013,108,95,112,15,11,46
07/09/2013,119,136,119,20,24,57
07/09/2013,119,136,123,20,24,62
07/09/2013,115,100,115,18,13,50
07/09/2013,105,121,121,14,21,60
07/09/2013,98,104,109,11,15,44
07/09/2013,112,124,112,17,22,47
07/09/2013,115,82,94,18,6,28
07/09/2013,112,104,105,17,15,39
07/09/2013,110,129,117,16,23,54
07/09/2013,105,102,104,14,14,38
07/09/2013,132,141,124,23,25,64
07/09/2013,115,117,124,18,20,63
07/09/2013,96,104,112,10,15,46
07/09/2013,117,107,112,19,16,47
07/09/2013,115,114,117,18,19,53
07/09/2013,105,98,114,14,12,49
07/09/2013,117,117,120,19,20,58
07/09/2013,110,124,124,16,22,63
07/09/2013,103,107,99,13,16,32
07/09/2013,108,93,109,15,10,43
07/09/2013,103,112,117,13,18,53
07/09/2013,132,124,127,23,22,67
07/09/2013,101,104,104,12,15,38
07/09/2013,132,129,127,23,23,67
07/09/2013,126,109,126,22,17,66
07/09/2013,101,112,110,12,18,45
07/09/2013,108,107,119,15,16,56
07/09/2013,119,121,119,20,21,57
07/09/2013,115,107,107,18,16,41
07/09/2013,137,129,126,24,23,66
07/09/2013,105,124,115,14,22,51
07/09/2013,137,114,127,24,19,67
07/09/2013,93,100,98,9,13,31
07/09/2013,110,109,119,16,17,56
07/09/2013,84,69,93,6,1,27
07/09/2013,115,112,118,18,18,55
07/09/2013,122,112,105,21,18,39
07/09/2013,103,93,109,13,10,43
07/09/2013,115,124,119,18,22,56
07/09/2013,77,79,87,4,5,22
07/09/2013,108,117,109,15,20,44
07/09/2013,103,85,100,13,7,34
07/09/2013,105,112,116,14,18,52
07/09/2013,77,95,93,4,11,27
07/09/2013,108,107,114,15,16,49
07/09/2013,103,109,109,13,17,43
07/09/2013,88,100,106,7,13,40
07/09/2013,112,117,117,17,20,54
07/09/2013,88,91,98,7,9,31
07/09/2013,96,82,102,10,6,35
07/09/2013,117,112,119,19,18,57
07/09/2013,105,114,124,14,19,63
07/09/2013,115,104,116,18,15,52
07/09/2013,112,109,117,17,17,54
07/09/2013,98,91,99,11,9,32
07/09/2013,105,100,105,14,13,39
07/09/2013,101,102,102,12,14,36
07/09/2013,77,88,83,4,8,19
07/09/2013,112,121,117,17,21,54
07/09/2013,110,104,100,16,15,33
07/09/2013,96,102,108,10,14,42
07/09/2013,132,117,120,23,20,59
07/09/2013,117,117,113,19,20,48
07/09/2013,110,117,117,16,20,53
07/09/2013,115,114,105,18,19,39
07/09/2013,110,112,102,16,18,36
07/09/2013,112,104,116,17,15,52
07/09/2013,88,95,97,7,11,30
07/09/2013,101,85,102,12,7,35
07/09/2013,112,104,120,17,15,59
07/09/2013,108,100,112,15,13,46
07/09/2013,84,98,100,6,12,34
07/09/2013,108,104,112,15,15,46
07/09/2013,115,104,112,18,15,46
07/09/2013,103,82,92,13,6,26
07/09/2013,115,117,127,18,20,67
07/09/2013,93,104,120,9,15,59
07/09/2013,112,104,116,17,15,52
07/09/2013,119,112,129,20,18,68
07/09/2013,119,121,136,20,21,73
07/09/2013,108,98,109,15,12,44
07/09/2013,112,107,123,17,16,62
07/09/2013,96,109,103,10,17,37
07/09/2013,141,136,138,25,24,75
07/09/2013,126,117,121,22,20,60
07/09/2013,137,141,126,24,26,66
07/09/2013,117,112,133,19,18,72
07/09/2013,108,95,104,15,11,38
07/09/2013,112,98,105,17,12,39
07/09/2013,93,88,95,9,8,29
07/09/2013,119,129,120,20,23,59
07/09/2013,98,93,100,11,10,33
07/09/2013,98,91,93,11,9,27
07/09/2013,98,98,105,11,12,39
07/09/2013,101,102,106,12,14,40
07/09/2013,90,114,108,8,19,42
07/09/2013,88,107,100,7,16,34
07/09/2013,105,109,112,14,17,47
07/09/2013,84,88,70,6,8,12
07/09/2013,115,121,114,18,21,49
07/09/2013,93,102,97,9,14,30
07/09/2013,115,112,112,18,18,46
07/09/2013,101,93,86,12,10,21
07/09/2013,88,85,75,7,7,14
07/09/2013,105,109,113,14,17,48
07/09/2013,112,114,118,17,19,55
07/09/2013,84,85,93,6,7,27
07/09/2013,90,107,100,8,16,33
07/09/2013,81,88,92,5,8,26
07/09/2013,88,98,98,7,12,31
07/09/2013,119,129,123,20,23,62
07/09/2013,90,98,102,8,12,35
07/09/2013,115,129,120,18,23,58
07/09/2013,93,79,109,9,5,43
07/09/2013,108,102,117,15,14,54
07/09/2013,105,129,115,14,23,51
07/09/2013,132,136,132,23,24,71
07/09/2013,126,121,120,22,21,58
07/09/2013,141,117,141,25,20,77
07/09/2013,101,102,106,12,14,40
07/09/2013,119,107,113,20,16,48
07/09/2013,110,112,106,16,18,40
07/09/2013,141,117,136,25,20,74
07/09/2013,117,117,123,19,20,62
07/09/2013,93,93,102,9,10,35
07/09/2013,132,129,129,23,23,68
07/09/2013,110,95,109,16,11,44
07/09/2013,132,124,132,23,22,71
07/09/2013,132,141,138,23,25,75
07/09/2013,126,129,138,22,23,75
07/09/2013,119,117,122,20,20,61
07/09/2013,122,117,132,21,20,71
07/09/2013,115,112,119,18,18,56
07/09/2013,112,117,124,17,20,63
07/09/2013,137,141,138,24,26,75
07/09/2013,132,121,117,23,21,53
07/09/2013,122,124,124,21,22,63
07/09/2013,112,117,116,17,20,52
07/09/2013,98,95,97,11,11,30
07/09/2013,84,93,94,6,10,28
07/09/2013,117,117,123,19,20,62
07/09/2013,98,112,107,11,18,41
07/09/2013,132,124,141,23,22,77
07/09/2013,117,104,130,19,15,69
07/09/2013,103,91,94,13,9,28
07/09/2013,112,124,107,17,22,41
07/09/2013,119,107,124,20,16,63
07/09/2013,122,114,124,21,19,64
07/09/2013,101,102,117,12,14,53
07/09/2013,112,114,126,17,19,66
07/09/2013,115,112,115,18,18,51
07/09/2013,115,100,115,18,13,50
07/09/2013,122,114,132,21,19,71
07/09/2013,117,117,132,19,20,71
07/09/2013,105,102,117,14,14,54
07/09/2013,112,102,115,17,14,51
07/09/2013,103,102,102,13,14,36
07/09/2013,122,121,119,21,21,56
07/09/2013,117,121,120,19,21,59
07/09/2013,115,117,99,18,20,32
07/09/2013,108,102,123,15,14,62
07/09/2013,108,112,117,15,18,54
07/09/2013,84,95,95,6,11,29
07/09/2013,105,100,112,14,13,46
07/09/2013,103,104,112,13,15,47
07/09/2013,115,102,121,18,14,60
07/09/2013,112,114,124,17,19,63
07/09/2013,117,109,127,19,17,67
07/09/2013,137,136,132,24,24,70
07/09/2013,132,117,123,23,20,62
07/09/2013,112,129,117,17,23,54
07/09/2013,126,136,115,22,24,51
07/09/2013,122,107,112,21,16,47
07/09/2013,141,129,138,25,23,75
07/09/2013,117,82,117,19,6,53
07/09/2013,132,114,117,23,19,54
07/09/2013,137,117,138,24,20,75
07/09/2013,108,121,107,15,21,41
07/09/2013,112,104,114,17,15,49
07/09/2013,88,85,93,7,7,27
07/09/2013,126,124,124,22,22,64
07/09/2013,122,117,118,21,20,55
07/09/2013,137,136,130,24,24,69
07/09/2013,122,121,133,21,21,72
07/09/2013,137,136,132,24,24,70
07/09/2013,126,112,119,22,18,56
07/09/2013,103,121,117,13,21,54
07/09/2013,96,85,105,10,7,39
07/09/2013,90,112,100,8,18,33
07/09/2013,110,98,118,16,12,55
07/09/2013,108,98,102,15,12,36
07/09/2013,126,117,123,22,20,62
07/09/2013,122,109,120,21,17,59
07/09/2013,126,129,127,22,23,67
07/09/2013,84,95,109,6,11,43
07/09/2013,122,136,117,21,24,53
07/09/2013,119,141,117,20,25,54
07/09/2013,84,124,99,6,22,32
07/09/2013,96,98,92,10,12,26
07/09/2013,90,107,100,8,16,33
07/09/2013,115,109,109,18,17,43
07/09/2013,132,109,121,23,17,60
07/09/2013,115,104,108,18,15,42
07/09/2013,115,93,102,18,10,36
07/09/2013,115,98,113,18,12,48
07/09/2013,93,95,97,9,11,30
07/09/2013,110,107,110,16,16,45
07/09/2013,103,98,108,13,12,42
07/09/2013,88,95,94,7,11,28
07/09/2013,98,76,89,11,4,23
07/09/2013,103,114,105,13,19,39
07/09/2013,101,100,105,12,13,39
07/09/2013,112,112,110,17,18,45
07/09/2013,101,136,104,12,24,38
07/09/2013,101,104,115,12,15,50
07/09/2013,119,124,121,20,22,60
07/09/2013,112,102,116,17,14,52
07/09/2013,117,109,119,19,17,57
07/09/2013,96,100,94,10,13,28
07/09/2013,122,107,116,21,16,52
07/09/2013,112,102,110,17,14,45
07/09/2013,117,136,125,19,24,65
07/09/2013,110,112,116,16,18,52
07/09/2013,90,100,98,8,13,31
07/09/2013,137,124,132,24,22,71
07/09/2013,126,121,117,22,21,53
07/09/2013,126,124,125,22,22,65
07/09/2013,122,109,132,21,17,71
07/09/2013,110,124,113,16,22,48
07/09/2013,96,95,92,10,11,26
07/09/2013,98,104,91,11,15,25
07/09/2013,90,95,100,8,11,33
07/09/2013,119,112,113,20,18,48
07/09/2013,122,117,132,21,20,71
07/09/2013,101,107,104,12,16,38
07/09/2013,132,124,127,23,22,67
07/09/2013,108,96,112,15,11,46
07/09/2013,81,82,83,5,6,19
07/09/2013,81,91,81,5,9,17
07/09/2013,98,102,109,11,14,43
07/09/2013,98,102,109,11,14,43
07/09/2013,93,91,92,9,9,26
07/09/2013,101,112,94,12,18,28
07/09/2013,115,109,120,18,17,58
07/09/2013,96,76,106,10,4,40
07/09/2013,93,88,83,9,8,19
07/09/2013,98,112,110,11,18,45
07/09/2013,98,102,93,11,14,27
07/09/2013,112,124,126,17,22,66
07/09/2013,108,95,112,15,11,46
07/09/2013,132,114,133,23,19,72
07/09/2013,110,104,123,16,15,62
07/09/2013,112,124,130,17,22,69
07/09/2013,122,114,119,21,19,57
07/09/2013,101,114,116,12,19,52
07/09/2013,84,69,70,6,1,12
07/09/2013,108,95,112,15,11,46
07/09/2013,90,112,95,8,18,29
07/09/2013,108,124,107,15,22,41
07/09/2013,98,98,93,11,12,27
07/09/2013,115,104,124,18,15,63
07/09/2013,126,124,136,22,22,73
07/09/2013,108,109,113,15,17,48
07/09/2013,84,91,100,6,9,34
07/09/2013,112,107,115,17,16,50
07/09/2013,110,104,100,16,15,33
07/09/2013,117,117,132,19,20,71
07/09/2013,96,91,106,10,9,40
07/09/2013,117,112,127,19,18,67
07/09/2013,96,104,107,10,15,41
07/09/2013,132,112,130,23,18,69
07/09/2013,103,98,109,13,12,44
07/09/2013,115,117,116,18,20,52
07/09/2013,93,114,117,9,19,53
07/09/2013,112,107,115,17,16,51
07/09/2013,81,88,90,5,8,24
07/09/2013,105,102,119,14,14,57
07/09/2013,132,141,138,23,26,75
07/09/2013,101,85,100,12,7,34
07/09/2013,90,85,105,8,7,39
07/09/2013,103,104,103,13,15,37
07/09/2013,117,98,123,19,12,62
07/09/2013,98,112,112,11,18,47
07/09/2013,98,98,92,11,12,26
07/09/2013,90,85,87,8,7,22
07/09/2013,96,104,100,10,15,33
07/09/2013,110,93,106,16,10,40
07/09/2013,122,141,120,21,26,58
07/09/2013,115,114,123,18,19,62
07/09/2013,105,109,117,14,17,53
07/09/2013,110,91,105,16,9,39
07/09/2013,126,124,124,22,22,63
07/09/2013,84,85,90,6,7,24
07/09/2013,98,112,105,11,18,39
07/09/2013,115,95,104,18,11,38
07/09/2013,108,117,110,15,20,45
07/09/2013,103,102,91,13,14,25
07/09/2013,101,100,103,12,13,37
07/09/2013,110,109,113,16,17,48
07/09/2013,110,117,116,16,20,52
07/09/2013,96,102,94,10,14,28
07/09/2013,103,100,106,13,13,40
07/09/2013,117,104,105,19,15,39
07/09/2013,90,102,82,8,14,18
07/09/2013,101,114,109,12,19,43
07/09/2013,108,100,107,15,13,41
07/09/2013,96,109,100,10,17,34
07/09/2013,108,117,116,15,20,52
07/09/2013,110,114,104,16,19,38
07/09/2013,117,129,117,19,23,54
07/09/2013,115,107,117,18,16,53
07/09/2013,88,85,89,7,7,23
07/09/2013,115,124,125,18,22,65
07/09/2013,96,100,119,10,13,57
07/09/2013,108,107,122,15,16,61
07/09/2013,84,88,102,6,8,36
07/09/2013,103,109,113,13,17,48
07/09/2013,101,107,106,12,16,40
07/09/2013,103,100,112,13,13,47
07/09/2013,112,100,110,17,13,45
07/09/2013,96,98,75,10,12,14
07/09/2013,119,109,124,20,17,63
14/09/2013,101,121,105,12,21,39
14/09/2013,98,73,95,11,3,29
14/09/2013,108,114,121,15,19,60
14/09/2013,98,104,109,11,15,43
14/09/2013,117,95,115,19,11,50
14/09/2013,101,114,112,12,19,47
14/09/2013,103,109,118,13,17,55
14/09/2013,112,102,110,17,14,45
14/09/2013,112,112,124,17,18,63
14/09/2013,126,141,129,22,25,68
14/09/2013,117,124,121,19,22,60
14/09/2013,137,112,115,24,18,51
14/09/2013,101,100,91,12,13,25
14/09/2013,126,136,119,22,24,57
14/09/2013,117,114,120,19,19,58
14/09/2013,119,104,110,20,15,45
14/09/2013,96,102,86,10,14,21
14/09/2013,81,85,87,5,7,22
14/09/2013,112,117,127,17,20,67
14/09/2013,132,121,122,23,21,61
14/09/2013,112,117,109,17,20,43
14/09/2013,115,112,118,18,18,55
14/09/2013,93,79,89,9,5,23
14/09/2013,119,124,130,20,22,69
14/09/2013,93,102,99,9,14,32
14/09/2013,101,109,104,12,17,38
14/09/2013,103,124,112,13,22,47
14/09/2013,122,121,120,21,21,58
14/09/2013,122,114,117,21,19,53
14/09/2013,112,117,120,17,20,59
14/09/2013,88,100,99,7,13,32
14/09/2013,112,102,116,17,14,52
14/09/2013,108,117,120,15,20,59
14/09/2013,119,121,119,20,21,56
14/09/2013,105,117,113,14,20,48
14/09/2013,122,121,125,21,21,65
14/09/2013,88,91,100,7,9,33
14/09/2013,117,114,124,19,19,63
14/09/2013,119,124,124,20,22,63
14/09/2013,88,109,90,7,17,24
14/09/2013,96,95,93,10,11,27
14/09/2013,122,107,133,21,16,72
14/09/2013,98,102,109,11,14,44
14/09/2013,117,129,124,19,23,64
14/09/2013,110,98,120,16,12,58
14/09/2013,103,100,118,13,13,55
14/09/2013,122,124,129,21,22,68
14/09/2013,103,114,119,13,19,56
14/09/2013,112,109,123,17,17,62
14/09/2013,112,112,119,17,18,57
14/09/2013,72,102,105,3,14,39
14/09/2013,98,107,102,11,16,35
14/09/2013,117,109,124,19,17,64
14/09/2013,110,124,109,16,22,43
14/09/2013,119,121,121,20,21,60
14/09/2013,117,124,120,19,22,58
14/09/2013,122,121,122,21,21,61
14/09/2013,122,121,117,21,21,53
14/09/2013,103,93,104,13,10,38
14/09/2013,77,69,87,4,0,22
14/09/2013,96,95,100,10,11,33
14/09/2013,96,109,115,10,17,50
14/09/2013,84,93,94,6,10,28
14/09/2013,119,102,117,20,14,54
14/09/2013,110,91,117,16,9,53
14/09/2013,98,91,79,11,9,16
14/09/2013,112,117,112,17,20,47
14/09/2013,115,114,120,18,19,58
14/09/2013,105,104,115,14,15,51
14/09/2013,112,107,114,17,16,49
14/09/2013,122,121,129,21,21,68
14/09/2013,115,136,127,18,24,67
14/09/2013,105,102,103,14,14,37
14/09/2013,108,102,108,15,14,42
14/09/2013,108,107,115,15,16,50
14/09/2013,103,93,85,13,10,20
14/09/2013,98,93,94,11,10,28
14/09/2013,105,112,109,14,18,44
14/09/2013,105,104,114,14,15,49
14/09/2013,105,104,102,14,15,36
14/09/2013,88,88,89,7,8,23
14/09/2013,119,102,132,20,14,71
14/09/2013,81,104,100,5,15,33
14/09/2013,103,102,112,13,14,46
14/09/2013,93,88,82,9,8,18
14/09/2013,108,121,110,15,21,45
14/09/2013,90,88,102,8,8,35
14/09/2013,98,107,120,11,16,59
14/09/2013,105,114,116,14,19,52
14/09/2013,132,129,132,23,23,70
14/09/2013,122,121,120,21,21,58
14/09/2013,112,114,112,17,19,46
14/09/2013,137,141,141,24,25,77
14/09/2013,122,121,120,21,21,59
14/09/2013,90,69,102,8,2,35
14/09/2013,115,112,112,18,18,46
14/09/2013,115,107,120,18,16,58
14/09/2013,105,124,122,14,22,61
14/09/2013,72,83,87,3,6,21
14/09/2013,111,115,120,16,19,58
14/09/2013,93,94,97,9,10,30
14/09/2013,111,100,116,16,13,52
14/09/2013,120,124,123,20,22,62
14/09/2013,115,130,118,18,23,54
14/09/2013,108,121,113,15,21,47
14/09/2013,90,118,100,8,20,33
14/09/2013,77,83,96,4,6,29
14/09/2013,104,112,118,13,18,54
14/09/2013,99,102,85,11,14,20
14/09/2013,93,98,105,9,12,39
14/09/2013,106,89,109,14,8,43
14/09/2013,81,98,81,5,12,17
14/09/2013,108,96,107,15,11,41
14/09/2013,108,98,120,15,12,58
14/09/2013,88,102,95,7,14,28
14/09/2013,106,100,112,14,13,46
14/09/2013,115,124,105,18,22,39
14/09/2013,104,79,97,13,5,30
14/09/2013,104,102,109,13,14,43
14/09/2013,99,94,84,11,10,19
14/09/2013,106,110,100,14,17,33
14/09/2013,99,115,101,11,19,34
14/09/2013,115,88,119,18,8,56
14/09/2013,88,94,101,7,10,34
14/09/2013,77,77,81,4,4,17
14/09/2013,120,130,128,20,23,67
14/09/2013,123,118,118,21,20,54
14/09/2013,108,112,113,15,18,47
14/09/2013,99,102,106,11,14,40
14/09/2013,113,115,107,17,19,41
14/09/2013,101,100,105,12,13,39
14/09/2013,106,102,106,14,14,40
14/09/2013,104,86,106,13,7,40
14/09/2013,77,79,93,4,5,26
14/09/2013,101,105,109,12,15,43
14/09/2013,117,107,111,19,16,45
14/09/2013,126,124,125,22,22,64
14/09/2013,115,112,125,18,18,64
14/09/2013,96,107,102,10,16,35
14/09/2013,120,118,123,20,20,62
14/09/2013,88,88,98,7,8,31
14/09/2013,111,115,121,16,19,59
14/09/2013,93,105,96,9,15,29
14/09/2013,72,69,89,3,1,23
14/09/2013,117,118,121,19,20,59
14/09/2013,106,105,102,14,15,35
14/09/2013,117,121,125,19,21,65
14/09/2013,99,105,88,11,15,22
14/09/2013,113,105,117,17,15,53
14/09/2013,117,115,116,19,19,51
14/09/2013,88,98,88,7,12,22
14/09/2013,105,112,112,14,18,46
14/09/2013,132,112,118,23,18,55
14/09/2013,122,121,136,21,21,73
14/09/2013,108,96,113,15,11,47
14/09/2013,132,141,127,23,25,67
14/09/2013,122,136,120,21,24,58
14/09/2013,103,107,112,13,16,46
14/09/2013,126,109,132,22,17,71
14/09/2013,101,107,105,12,16,39
14/09/2013,117,109,118,19,17,55
14/09/2013,110,100,113,16,13,48
14/09/2013,90,98,97,8,12,30
14/09/2013,112,112,126,17,18,66
14/09/2013,96,98,100,10,12,33
14/09/2013,137,129,119,24,23,56
14/09/2013,126,129,125,22,23,65
14/09/2013,93,98,114,9,12,49
14/09/2013,113,94,121,17,10,60
14/09/2013,96,91,109,10,9,43
14/09/2013,108,102,104,15,14,37
14/09/2013,113,124,125,17,22,64
14/09/2013,115,121,125,18,21,65
14/09/2013,99,89,109,11,8,43
14/09/2013,99,91,107,11,9,41
14/09/2013,115,136,119,18,24,56
14/09/2013,101,102,106,12,14,40
14/09/2013,85,83,91,6,6,25
14/09/2013,85,105,103,6,15,36
14/09/2013,99,105,111,11,15,45
14/09/2013,99,89,106,11,8,40
14/09/2013,108,110,113,15,17,47
14/09/2013,113,118,124,17,20,63
14/09/2013,88,96,93,7,11,26
14/09/2013,85,115,100,6,19,33
14/09/2013,117,130,123,19,23,62
14/09/2013,104,102,105,13,14,39
14/09/2013,108,115,108,15,19,42
14/09/2013,113,110,125,17,17,64
14/09/2013,88,94,94,7,10,27
14/09/2013,99,102,91,11,14,25
14/09/2013,106,69,96,14,2,29
14/09/2013,88,77,95,7,4,28
14/09/2013,108,107,109,15,16,43
14/09/2013,112,104,116,17,15,52
14/09/2013,110,124,119,16,22,56
14/09/2013,120,118,125,20,20,65
14/09/2013,96,107,106,10,16,40
14/09/2013,108,107,115,15,16,50
14/09/2013,117,96,114,19,11,49
14/09/2013,108,118,113,15,20,48
14/09/2013,106,83,116,14,6,51
14/09/2013,113,98,123,17,12,62
14/09/2013,137,141,134,24,25,72
14/09/2013,141,136,119,25,24,57
14/09/2013,137,115,121,24,19,59
14/09/2013,126,130,132,22,23,70
14/09/2013,117,112,109,19,18,43
14/09/2013,111,118,126,16,20,66
14/09/2013,96,115,104,10,19,37
14/09/2013,77,96,91,4,11,25
14/09/2013,90,89,84,8,8,19
14/09/2013,115,124,125,18,22,65
14/09/2013,101,98,95,12,12,28
14/09/2013,104,100,104,13,13,37
14/09/2013,85,118,99,6,20,32
14/09/2013,123,130,133,21,23,71
14/09/2013,104,96,111,13,11,45
14/09/2013,117,112,123,19,18,62
14/09/2013,104,91,104,13,9,37
14/09/2013,108,115,116,15,19,51
14/09/2013,72,98,96,3,12,29
14/09/2013,111,100,118,16,13,54
14/09/2013,104,112,118,13,18,55
14/09/2013,120,121,113,20,21,47
14/09/2013,111,107,113,16,16,48
14/09/2013,101,100,87,12,13,21
14/09/2013,90,89,99,8,8,32
14/09/2013,108,118,115,15,20,50
14/09/2013,115,124,101,18,22,34
14/09/2013,99,102,101,11,14,34
14/09/2013,90,96,98,8,11,31
14/09/2013,101,94,98,12,10,31
14/09/2013,96,118,106,10,20,40
14/09/2013,126,112,125,22,18,64
14/09/2013,108,105,113,15,15,48
14/09/2013,115,130,125,18,23,65
14/09/2013,137,130,134,24,23,72
14/09/2013,120,118,126,20,20,66
14/09/2013,141,121,138,25,21,75
14/09/2013,120,107,125,20,16,65
14/09/2013,137,136,136,24,24,73
14/09/2013,117,107,130,19,16,69
14/09/2013,132,130,134,23,23,72
14/09/2013,137,130,133,24,23,71
14/09/2013,120,115,136,20,19,73
14/09/2013,113,98,123,17,12,62
14/09/2013,141,141,136,25,25,73
14/09/2013,126,112,130,22,18,69
14/09/2013,106,110,114,14,17,49
14/09/2013,115,136,115,18,24,50
14/09/2013,96,102,113,10,14,48
14/09/2013,117,112,102,19,18,35
14/09/2013,93,102,112,9,14,46
14/09/2013,85,98,96,6,12,29
14/09/2013,123,118,121,21,20,59
14/09/2013,115,136,117,18,24,53
14/09/2013,117,136,136,19,24,74
14/09/2013,117,141,119,19,25,57
14/09/2013,81,86,100,5,7,33
14/09/2013,115,124,118,18,22,54
14/09/2013,111,141,119,16,25,56
14/09/2013,93,112,105,9,18,39
14/09/2013,99,100,94,11,13,27
14/09/2013,106,112,111,14,18,45
14/09/2013,111,115,119,16,19,57
14/09/2013,111,94,107,16,10,41
14/09/2013,96,79,90,10,5,24
14/09/2013,99,100,89,11,13,23
14/09/2013,117,105,125,19,15,64
14/09/2013,117,107,112,19,16,46
14/09/2013,117,124,123,19,22,62
14/09/2013,96,89,90,10,8,24
14/09/2013,120,141,126,20,25,66
14/09/2013,111,102,116,16,14,51
14/09/2013,104,91,112,13,9,46
14/09/2013,85,89,102,6,8,35
14/09/2013,123,121,113,21,21,47
14/09/2013,99,91,93,11,9,26
14/09/2013,72,86,69,3,7,10
14/09/2013,108,112,103,15,18,36
14/09/2013,123,96,125,21,11,64
14/09/2013,90,102,111,8,14,45
14/09/2013,111,136,122,16,24,61
14/09/2013,117,115,123,19,19,62
14/09/2013,111,96,108,16,11,42
14/09/2013,115,100,120,18,13,58
14/09/2013,117,110,112,19,17,46
14/09/2013,81,112,97,5,18,30
14/09/2013,111,130,122,16,23,61
14/09/2013,120,130,132,20,23,70
14/09/2013,99,89,94,11,8,27
14/09/2013,132,121,132,23,21,70
14/09/2013,108,91,87,15,9,21
14/09/2013,141,130,136,25,23,73
14/09/2013,104,100,113,13,13,47
14/09/2013,106,115,123,14,19,62
14/09/2013,117,105,122,19,15,61
14/09/2013,111,102,115,16,14,50
14/09/2013,99,107,105,11,16,39
14/09/2013,99,100,103,11,13,36
14/09/2013,137,141,136,24,25,73
14/09/2013,126,118,116,22,20,52
14/09/2013,132,121,120,23,21,58
14/09/2013,120,130,116,20,23,52
14/09/2013,126,136,128,22,24,67
14/09/2013,93,94,95,9,10,28
14/09/2013,93,94,103,9,10,36
14/09/2013,90,102,107,8,14,41
14/09/2013,99,112,122,11,18,61
14/09/2013,81,73,93,5,3,26
14/09/2013,117,98,105,19,12,39
14/09/2013,90,102,93,8,14,26
14/09/2013,77,83,91,4,6,25
14/09/2013,111,102,117,16,14,53
14/09/2013,113,110,116,17,17,52
14/09/2013,81,100,81,5,13,17
14/09/2013,101,105,114,12,15,49
14/09/2013,101,91,96,12,9,29
14/09/2013,101,96,96,12,11,29
14/09/2013,115,121,111,18,21,45
14/09/2013,113,110,125,17,17,65
14/09/2013,93,105,84,9,15,19
14/09/2013,104,102,91,13,14,25
14/09/2013,106,86,100,14,7,33
14/09/2013,88,91,99,7,9,32
14/09/2013,99,110,116,11,17,51
14/09/2013,104,112,118,13,18,55
14/09/2013,99,107,95,11,16,28
14/09/2013,104,121,113,13,21,47
14/09/2013,96,110,107,10,17,41
14/09/2013,111,115,105,16,19,39
14/09/2013,88,98,82,7,12,18
14/09/2013,81,77,88,5,4,22
14/09/2013,115,110,115,18,17,50
14/09/2013,90,96,100,8,11,33
14/09/2013,108,102,112,15,14,46
14/09/2013,108,105,112,15,15,46
14/09/2013,111,98,109,16,12,43
14/09/2013,72,96,84,3,11,19
14/09/2013,93,91,98,9,9,31
14/09/2013,120,94,111,20,10,45
14/09/2013,101,100,115,12,13,50
14/09/2013,101,107,107,12,16,41
14/09/2013,96,105,102,10,15,35
14/09/2013,106,110,115,14,17,50
14/09/2013,117,124,126,19,22,66
14/09/2013,81,91,108,5,9,42
14/09/2013,132,118,123,23,20,62
14/09/2013,113,110,112,17,17,46
21/09/2013,115,121,114,18,21,49
21/09/2013,77,83,88,4,6,22
21/09/2013,126,107,119,22,16,57
21/09/2013,141,141,125,25,25,65
21/09/2013,132,124,141,23,22,79
21/09/2013,115,96,99,18,11,32
21/09/2013,117,100,128,19,13,67
21/09/2013,101,98,108,12,12,42
21/09/2013,106,105,105,14,15,39
21/09/2013,90,94,96,8,10,29
21/09/2013,117,110,104,19,17,37
21/09/2013,90,96,96,8,11,29
21/09/2013,115,94,114,18,10,49
21/09/2013,88,94,124,7,10,63
21/09/2013,113,110,99,17,17,32
21/09/2013,113,107,130,17,16,69
21/09/2013,111,102,107,16,14,41
21/09/2013,123,124,121,21,22,59
21/09/2013,104,105,93,13,15,26
21/09/2013,93,102,94,9,14,27
21/09/2013,101,94,98,12,10,31
21/09/2013,108,105,114,15,15,49
21/09/2013,90,89,90,8,8,24
21/09/2013,117,107,113,19,16,47
21/09/2013,81,98,89,5,12,23
21/09/2013,104,115,103,13,19,36
21/09/2013,93,79,80,9,5,16
21/09/2013,104,110,99,13,17,32
21/09/2013,101,107,117,12,16,53
21/09/2013,115,118,124,18,20,63
21/09/2013,115,110,113,18,17,48
21/09/2013,88,79,88,7,5,22
21/09/2013,117,136,125,19,24,64
21/09/2013,90,115,107,8,19,41
21/09/2013,72,91,91,3,9,25
21/09/2013,120,115,114,20,19,49
21/09/2013,104,100,97,13,13,30
21/09/2013,117,107,124,19,16,63
21/09/2013,108,94,98,15,10,31
21/09/2013,115,118,116,18,20,52
21/09/2013,69,79,71,2,5,12
21/09/2013,117,130,124,19,23,63
21/09/2013,123,118,124,21,20,63
21/09/2013,113,115,121,17,19,59
21/09/2013,81,91,97,5,9,30
21/09/2013,99,100,104,11,13,37
21/09/2013,106,107,112,14,16,46
21/09/2013,113,121,116,17,21,52
21/09/2013,132,110,132,23,17,70
21/09/2013,123,136,125,21,24,64
21/09/2013,126,124,136,22,22,74
21/09/2013,120,105,124,20,15,63
21/09/2013,123,98,125,21,12,65
21/09/2013,104,105,112,13,15,46
21/09/2013,111,121,123,16,21,62
21/09/2013,106,115,115,14,19,50
21/09/2013,120,124,128,20,22,67
21/09/2013,117,118,121,19,20,59
21/09/2013,117,110,100,19,17,33
21/09/2013,111,107,109,16,16,43
21/09/2013,117,121,113,19,21,47
21/09/2013,126,110,118,22,17,54
21/09/2013,115,121,104,18,21,37
21/09/2013,115,118,133,18,20,71
21/09/2013,141,141,138,25,26,75
21/09/2013,126,121,115,22,21,50
21/09/2013,126,121,117,22,21,53
21/09/2013,108,107,107,15,16,41
21/09/2013,88,83,91,7,6,25
21/09/2013,81,96,96,5,11,29
21/09/2013,104,102,125,13,14,65
21/09/2013,123,121,118,21,21,55
21/09/2013,88,105,102,7,15,35
21/09/2013,113,102,115,17,14,50
21/09/2013,115,141,122,18,26,61
21/09/2013,117,110,111,19,17,45
21/09/2013,104,110,122,13,17,61
21/09/2013,117,118,129,19,20,68
21/09/2013,120,130,118,20,23,55
21/09/2013,120,118,121,20,20,59
21/09/2013,99,96,99,11,11,32
21/09/2013,96,112,104,10,18,38
21/09/2013,77,77,81,4,4,17
21/09/2013,69,69,73,2,0,13
21/09/2013,69,69,75,1,0,14
21/09/2013,111,124,128,16,22,67
21/09/2013,99,115,121,11,19,60
21/09/2013,104,94,106,13,10,40
21/09/2013,90,77,88,8,4,22
21/09/2013,88,86,105,7,7,39
21/09/2013,132,121,124,23,21,63
21/09/2013,81,94,103,5,10,36
21/09/2013,104,124,120,13,22,58
21/09/2013,111,100,116,16,13,51
21/09/2013,90,110,110,8,17,44
21/09/2013,115,118,121,18,20,59
21/09/2013,137,141,129,24,26,68
21/09/2013,120,141,121,20,25,59
21/09/2013,117,89,95,19,8,28
21/09/2013,93,105,115,9,15,50
21/09/2013,106,89,104,14,8,38
21/09/2013,99,110,112,11,17,46
21/09/2013,99,100,93,11,13,26
21/09/2013,90,110,99,8,17,32
21/09/2013,96,115,119,10,19,56
21/09/2013,126,124,119,22,22,56
21/09/2013,132,115,123,23,19,62
21/09/2013,106,102,112,14,14,46
21/09/2013,126,118,129,22,20,68
21/09/2013,96,100,109,10,13,43
21/09/2013,85,89,91,6,8,25
21/09/2013,115,130,113,18,23,47
21/09/2013,111,107,118,16,16,55
21/09/2013,117,102,119,19,14,57
21/09/2013,93,86,104,9,7,37
21/09/2013,115,115,119,18,19,57
21/09/2013,120,107,114,20,16,49
21/09/2013,106,110,114,14,17,49
21/09/2013,108,124,123,15,22,62
21/09/2013,111,121,116,16,21,52
21/09/2013,99,112,114,11,18,49
21/09/2013,132,141,133,23,26,71
21/09/2013,137,136,133,24,24,71
21/09/2013,99,98,104,11,12,38
21/09/2013,111,118,114,16,20,49
21/09/2013,104,107,113,13,16,47
21/09/2013,132,110,128,23,17,67
21/09/2013,137,136,125,24,24,65
21/09/2013,96,102,97,10,14,30
21/09/2013,111,105,114,16,15,49
21/09/2013,96,86,94,10,7,27
21/09/2013,104,112,114,13,18,49
21/09/2013,120,112,133,20,18,71
21/09/2013,113,121,121,17,21,60
21/09/2013,132,124,133,23,22,71
21/09/2013,115,141,121,18,26,59
21/09/2013,106,105,108,14,15,42
21/09/2013,106,112,113,14,18,47
21/09/2013,108,115,125,15,19,65
21/09/2013,88,77,94,7,4,27
21/09/2013,111,130,115,16,23,50
21/09/2013,111,96,85,16,11,20
21/09/2013,113,110,112,17,17,46
21/09/2013,108,100,113,15,13,48
21/09/2013,99,96,104,11,11,37
21/09/2013,115,107,114,18,16,49
21/09/2013,113,118,114,17,20,49
21/09/2013,106,100,116,14,13,52
21/09/2013,93,112,100,9,18,33
21/09/2013,106,96,87,14,11,21
21/09/2013,90,98,100,8,12,33
21/09/2013,96,110,99,10,17,32
21/09/2013,132,115,132,23,19,70
21/09/2013,90,110,108,8,17,42
21/09/2013,108,91,97,15,9,30
21/09/2013,99,96,103,11,11,36
21/09/2013,115,130,117,18,23,53
21/09/2013,115,112,125,18,18,65
21/09/2013,117,112,119,19,18,57
21/09/2013,106,107,118,14,16,55
21/09/2013,81,69,85,5,2,20
21/09/2013,108,105,110,15,15,44
21/09/2013,108,112,125,15,18,64
21/09/2013,115,98,106,18,12,40
21/09/2013,104,94,100,13,10,33
21/09/2013,99,96,102,11,11,35
21/09/2013,106,100,103,14,13,36
21/09/2013,120,91,107,20,9,41
21/09/2013,106,105,115,14,15,50
21/09/2013,104,107,109,13,16,43
21/09/2013,104,94,104,13,10,38
21/09/2013,85,79,104,6,5,38
21/09/2013,93,105,100,9,15,33
21/09/2013,85,77,87,6,4,21
21/09/2013,120,121,128,20,21,67
21/09/2013,132,130,134,23,23,72
21/09/2013,106,124,105,14,22,39
21/09/2013,126,121,118,22,21,54
21/09/2013,106,96,106,14,11,40
21/09/2013,101,96,109,12,11,43
21/09/2013,141,136,129,25,24,68
21/09/2013,120,110,120,20,17,58
21/09/2013,111,112,119,16,18,57
21/09/2013,132,118,126,23,20,66
21/09/2013,132,130,136,23,23,74
21/09/2013,106,136,107,14,24,41
21/09/2013,88,100,89,7,13,23
21/09/2013,120,107,128,20,16,67
21/09/2013,126,124,122,22,22,61
21/09/2013,126,121,129,22,21,68
21/09/2013,88,94,110,7,10,44
21/09/2013,104,98,103,13,12,36
21/09/2013,120,107,129,20,16,68
21/09/2013,106,110,136,14,17,73
21/09/2013,99,98,99,11,12,32
21/09/2013,115,115,113,18,19,47
21/09/2013,113,105,125,17,15,65
21/09/2013,93,91,93,9,9,26
21/09/2013,99,98,85,11,12,20
21/09/2013,108,102,119,15,14,57
21/09/2013,115,121,129,18,21,68
21/09/2013,93,94,100,9,10,33
21/09/2013,88,110,105,7,17,39
21/09/2013,111,98,113,16,12,48
21/09/2013,88,86,80,7,7,16
21/09/2013,111,118,121,16,20,59
21/09/2013,120,107,121,20,16,59
21/09/2013,108,98,117,15,12,53
21/09/2013,111,102,113,16,14,48
21/09/2013,115,121,116,18,21,51
21/09/2013,106,96,111,14,11,45
21/09/2013,106,107,119,14,16,57
21/09/2013,111,118,113,16,20,47
21/09/2013,113,105,118,17,15,54
21/09/2013,120,105,110,20,15,44
21/09/2013,99,102,116,11,14,52
21/09/2013,96,110,94,10,17,27
21/09/2013,90,96,93,8,11,26
21/09/2013,101,115,99,12,19,32
21/09/2013,132,115,125,23,19,65
21/09/2013,115,100,110,18,13,44
21/09/2013,113,96,121,17,11,60
21/09/2013,90,105,100,8,15,33
21/09/2013,117,124,119,19,22,57
21/09/2013,111,105,132,16,15,70
21/09/2013,117,124,136,19,22,74
21/09/2013,120,121,136,20,21,73
21/09/2013,104,107,119,13,16,57
21/09/2013,93,86,85,9,7,20
21/09/2013,93,102,105,9,14,39
21/09/2013,115,130,118,18,23,54
21/09/2013,137,141,129,24,25,68
21/09/2013,90,98,105,8,12,39
21/09/2013,104,105,109,13,15,43
21/09/2013,115,105,128,18,15,67
21/09/2013,120,112,130,20,18,69
21/09/2013,137,121,126,24,21,66
21/09/2013,123,136,130,21,24,69
21/09/2013,132,130,130,23,23,69
21/09/2013,120,100,123,20,13,62
21/09/2013,137,124,136,24,22,73
21/09/2013,113,105,121,17,15,59
21/09/2013,126,124,123,22,22,62
21/09/2013,104,98,99,13,12,32
21/09/2013,126,112,125,22,18,64
21/09/2013,132,124,123,23,22,62
21/09/2013,99,100,110,11,13,44
21/09/2013,132,130,134,23,23,72
21/09/2013,111,121,115,16,21,50
21/09/2013,93,112,97,9,18,30
21/09/2013,126,115,128,22,19,67
21/09/2013,120,100,128,20,13,67
21/09/2013,101,98,113,12,12,48
21/09/2013,104,79,103,13,5,36
21/09/2013,96,79,98,10,5,31
21/09/2013,111,86,94,16,7,27
21/09/2013,104,102,102,13,14,35
21/09/2013,99,105,112,11,15,46
21/09/2013,117,105,120,19,15,58
21/09/2013,117,118,119,19,20,56
21/09/2013,137,124,129,24,22,68
21/09/2013,113,94,111,17,10,45
21/09/2013,120,110,116,20,17,52
21/09/2013,108,110,113,15,17,48
21/09/2013,96,89,91,10,8,25
21/09/2013,117,110,125,19,17,65
21/09/2013,108,118,113,15,20,47
21/09/2013,120,121,125,20,21,65
21/09/2013,113,110,112,17,17,46
21/09/2013,101,89,110,12,8,44
21/09/2013,85,73,82,6,3,18
21/09/2013,85,69,89,6,1,23
21/09/2013,93,105,104,9,15,37
21/09/2013,132,100,118,23,13,55
21/09/2013,115,107,124,18,16,63
21/09/2013,108,124,125,15,22,65
21/09/2013,123,141,136,21,25,73
21/09/2013,93,100,102,9,13,35
21/09/2013,120,107,109,20,16,43
21/09/2013,90,89,95,8,8,28
21/09/2013,88,96,103,7,11,36
21/09/2013,106,100,109,14,13,43
21/09/2013,123,105,119,21,15,57
21/09/2013,141,124,136,25,22,74
21/09/2013,113,136,125,17,24,64
21/09/2013,137,124,138,24,22,75
21/09/2013,115,121,119,18,21,56
21/09/2013,108,98,115,15,12,50
21/09/2013,137,130,126,24,23,66
21/09/2013,106,105,104,14,15,38
21/09/2013,106,107,104,14,16,37
21/09/2013,126,100,115,22,13,50
21/09/2013,96,94,94,10,10,27
21/09/2013,120,121,125,20,21,64
21/09/2013,117,110,114,19,17,49
21/09/2013,106,89,110,14,8,44
21/09/2013,113,118,124,17,20,63
21/09/2013,126,107,119,22,16,56
21/09/2013,132,107,125,23,16,65
21/09/2013,101,102,100,12,14,33
21/09/2013,104,86,103,13,7,36
21/09/2013,72,83,75,3,6,14
21/09/2013,99,89,106,11,8,40
21/09/2013,88,100,85,7,13,20
21/09/2013,115,110,125,18,17,64
21/09/2013,93,79,100,9,5,33
21/09/2013,77,89,89,4,8,23
21/09/2013,117,94,120,19,10,58
21/09/2013,101,91,97,12,9,30
21/09/2013,111,110,118,16,17,55
21/09/2013,96,98,97,10,12,30
21/09/2013,90,86,89,8,7,23
21/09/2013,90,96,93,8,11,26
21/09/2013,111,94,102,16,10,35
21/09/2013,99,77,96,11,4,29
21/09/2013,108,100,102,15,13,35
21/09/2013,120,91,125,20,9,65
21/09/2013,117,121,122,19,21,61
21/09/2013,115,130,119,18,23,57
21/09/2013,106,102,115,14,14,50
21/09/2013,120,121,120,20,21,58
21/09/2013,115,115,118,18,19,54
21/09/2013,120,107,118,20,16,55
21/09/2013,90,94,101,8,10,34
21/09/2013,115,124,124,18,22,63
21/09/2013,111,91,104,16,9,37
21/09/2013,104,96,106,13,11,40
21/09/2013,126,110,130,22,17,69
21/09/2013,115,110,105,18,17,39
21/09/2013,120,130,104,20,23,38
21/09/2013,93,115,113,9,19,47
21/09/2013,108,130,116,15,23,52
21/09/2013,111,107,113,16,16,47
21/09/2013,101,102,113,12,14,48
21/09/2013,90,89,96,8,8,29
21/09/2013,90,73,91,8,3,25
21/09/2013,96,79,98,10,5,31
21/09/2013,115,100,110,18,13,44
21/09/2013,90,96,94,8,11,27
21/09/2013,96,110,102,10,17,35
21/09/2013,115,110,128,18,17,67
21/09/2013,96,91,100,10,9,33
21/09/2013,99,98,110,11,12,44
21/09/2013,88,110,101,7,17,34
21/09/2013,132,124,141,23,22,77
21/09/2013,111,110,118,16,17,54
21/09/2013,123,121,125,21,21,64
21/09/2013,104,115,128,13,19,67
21/09/2013,123,141,125,21,26,65
21/09/2013,101,121,111,12,21,45
21/09/2013,106,115,112,14,19,46
21/09/2013,120,98,104,20,12,37
21/09/2013,93,102,97,9,14,30
21/09/2013,77,107,90,4,16,24
21/09/2013,96,89,96,10,8,29
21/09/2013,117,118,121,19,20,60
21/09/2013,123,130,118,21,23,54
21/09/2013,132,121,133,23,21,71
21/09/2013,88,110,118,7,17,54
21/09/2013,113,107,113,17,16,47
21/09/2013,111,105,114,16,15,49
21/09/2013,141,130,132,25,23,70
21/09/2013,120,115,123,20,19,62
21/09/2013,117,130,125,19,23,65
21/09/2013,126,121,136,22,21,73
21/09/2013,137,121,136,24,21,74
21/09/2013,115,110,122,18,17,61
21/09/2013,132,124,124,23,22,63
21/09/2013,108,110,109,15,17,43
21/09/2013,132,121,133,23,21,71
21/09/2013,120,110,117,20,17,53
21/09/2013,126,141,138,22,25,75
21/09/2013,132,118,125,23,20,65
21/09/2013,126,121,138,22,21,75
21/09/2013,111,105,117,16,15,53
21/09/2013,120,118,109,20,20,43
21/09/2013,99,100,116,11,13,52
21/09/2013,111,118,117,16,20,53
21/09/2013,96,96,104,10,11,37
21/09/2013,120,118,125,20,20,65
21/09/2013,99,100,104,11,13,37
21/09/2013,104,107,95,13,16,28
21/09/2013,101,98,118,12,12,55
21/09/2013,108,112,124,15,18,63
21/09/2013,72,86,89,3,7,23
21/09/2013,81,73,100,5,3,33
21/09/2013,117,141,121,19,25,60
21/09/2013,106,98,112,14,12,46
21/09/2013,123,110,124,21,17,63
21/09/2013,101,98,100,12,12,33
21/09/2013,137,141,136,24,25,74
21/09/2013,113,110,112,17,17,46
21/09/2013,111,98,119,16,12,57
21/09/2013,96,102,111,10,14,45
21/09/2013,117,121,121,19,21,59
21/09/2013,111,100,104,16,13,38
21/09/2013,101,105,120,12,15,58
21/09/2013,111,105,113,16,15,48
21/09/2013,81,102,91,5,14,25
21/09/2013,93,107,104,9,16,38
21/09/2013,123,112,129,21,18,68
21/09/2013,108,91,106,15,9,40
21/09/2013,113,102,118,17,14,55
21/09/2013,126,121,134,22,21,72
21/09/2013,90,91,102,8,9,35
21/09/2013,85,73,71,6,3,12
21/09/2013,111,115,116,16,19,51
21/09/2013,104,118,105,13,20,39
21/09/2013,113,118,119,17,20,57
21/09/2013,99,96,108,11,11,42
21/09/2013,137,136,118,24,24,54
21/09/2013,115,105,114,18,15,49
21/09/2013,126,118,119,22,20,57
21/09/2013,99,110,112,11,17,46
21/09/2013,111,107,112,16,16,46
28/09/2013,106,105,105,14,15,39
28/09/2013,117,115,119,19,19,57
28/09/2013,120,102,125,20,14,64
28/09/2013,108,110,120,15,17,58
28/09/2013,106,112,121,14,18,59
28/09/2013,120,107,119,20,16,56
28/09/2013,120,115,103,20,19,36
28/09/2013,111,115,118,16,19,54
28/09/2013,126,130,125,22,23,65
28/09/2013,117,115,123,19,19,62
28/09/2013,111,121,121,16,21,60
28/09/2013,137,136,125,24,24,64
28/09/2013,104,112,104,13,18,37
28/09/2013,115,118,122,18,20,61
28/09/2013,137,121,136,24,21,73
28/09/2013,123,112,122,21,18,61
28/09/2013,85,110,102,6,17,35
28/09/2013,108,110,113,15,17,47
28/09/2013,101,100,111,12,13,45
28/09/2013,108,96,101,15,11,34
28/09/2013,108,100,121,15,13,59
28/09/2013,115,115,119,18,19,57
28/09/2013,104,115,125,13,19,64
28/09/2013,85,100,94,6,13,27
28/09/2013,96,98,104,10,12,37
28/09/2013,115,107,103,18,16,36
28/09/2013,101,91,111,12,9,45
28/09/2013,104,102,116,13,14,52
28/09/2013,99,102,106,11,14,40
28/09/2013,72,96,124,3,11,63
28/09/2013,106,94,107,14,10,41
28/09/2013,106,115,117,14,19,53
28/09/2013,117,124,129,19,22,68
28/09/2013,90,100,107,8,13,41
28/09/2013,96,107,113,10,16,48
28/09/2013,132,141,138,23,26,75
28/09/2013,85,94,90,6,10,24
28/09/2013,117,110,124,19,17,63
28/09/2013,111,124,126,16,22,66
28/09/2013,113,100,120,17,13,58
28/09/2013,106,98,112,14,12,46
28/09/2013,117,98,116,19,12,51
28/09/2013,111,107,117,16,16,53
28/09/2013,106,118,119,14,20,57
28/09/2013,117,118,119,19,20,56
28/09/2013,120,102,118,20,14,55
28/09/2013,106,112,110,14,18,44
28/09/2013,96,86,89,10,7,23
28/09/2013,101,112,117,12,18,53
28/09/2013,120,102,116,20,14,51
28/09/2013,113,112,119,17,18,56
28/09/2013,115,96,121,18,11,60
28/09/2013,108,102,90,15,14,24
28/09/2013,123,130,128,21,23,67
28/09/2013,137,130,129,24,23,68
28/09/2013,104,91,116,13,9,52
28/09/2013,126,141,134,22,26,72
28/09/2013,115,107,97,18,16,30
28/09/2013,106,110,118,14,17,54
28/09/2013,96,102,115,10,14,50
28/09/2013,115,107,104,18,16,37
28/09/2013,113,107,117,17,16,53
28/09/2013,101,121,124,12,21,63
28/09/2013,104,105,101,13,15,34
28/09/2013,77,79,88,4,5,22
28/09/2013,81,96,113,5,11,47
28/09/2013,72,102,91,3,14,25
28/09/2013,106,115,101,14,19,34
28/09/2013,88,98,97,7,12,30
28/09/2013,111,110,106,16,17,40
28/09/2013,113,110,107,17,17,41
28/09/2013,117,110,112,19,17,46
28/09/2013,104,121,119,13,21,56
28/09/2013,115,107,108,18,16,42
28/09/2013,113,96,116,17,11,51
28/09/2013,137,121,129,24,21,68
28/09/2013,113,102,121,17,14,59
28/09/2013,106,112,114,14,18,49
28/09/2013,111,118,113,16,20,47
28/09/2013,96,79,106,10,5,40
28/09/2013,85,86,101,6,7,34
28/09/2013,96,94,100,10,10,33
28/09/2013,120,112,134,20,18,72
28/09/2013,99,130,111,11,23,45
28/09/2013,115,105,118,18,15,55
28/09/2013,88,83,97,7,6,30
28/09/2013,96,89,93,10,8,26
28/09/2013,88,102,98,7,14,31
28/09/2013,72,94,89,3,10,23
28/09/2013,90,96,113,8,11,48
28/09/2013,106,102,109,14,14,43
28/09/2013,111,118,111,16,20,45
28/09/2013,132,130,138,23,23,75
28/09/2013,137,141,126,24,25,66
28/09/2013,120,130,118,20,23,55
28/09/2013,126,110,117,22,17,53
28/09/2013,113,100,105,17,13,39
28/09/2013,120,102,121,20,14,60
28/09/2013,113,115,122,17,19,61
28/09/2013,104,105,105,13,15,39
28/09/2013,101,115,115,12,19,50
28/09/2013,99,112,95,11,18,28
28/09/2013,101,102,120,12,14,58
28/09/2013,120,124,130,20,22,69
28/09/2013,132,112,126,23,18,66
28/09/2013,141,141,138,25,25,75
28/09/2013,96,115,102,10,19,35
28/09/2013,111,98,104,16,12,38
28/09/2013,137,112,136,24,18,73
28/09/2013,137,130,138,24,23,75
28/09/2013,113,115,120,17,19,58
28/09/2013,141,136,126,25,24,66
28/09/2013,132,130,141,23,23,77
28/09/2013,123,112,113,21,18,47
28/09/2013,96,112,114,10,18,49
28/09/2013,113,110,105,17,17,39
28/09/2013,104,110,109,13,17,43
28/09/2013,101,94,102,12,10,35
28/09/2013,113,100,113,17,13,47
28/09/2013,106,124,109,14,22,43
28/09/2013,117,124,128,19,22,67
28/09/2013,96,91,102,10,9,35
28/09/2013,85,79,80,6,5,16
28/09/2013,111,102,126,16,14,66
28/09/2013,88,91,90,7,9,24
28/09/2013,99,105,108,11,15,42
28/09/2013,113,112,115,17,18,50
28/09/2013,111,118,112,16,20,46
28/09/2013,108,107,90,15,16,24
28/09/2013,106,100,119,14,13,57
28/09/2013,106,107,117,14,16,53
28/09/2013,69,86,80,2,7,16
28/09/2013,117,110,120,19,17,58
28/09/2013,96,91,87,10,9,21
28/09/2013,93,100,111,9,13,45
28/09/2013,111,105,121,16,15,60
28/09/2013,123,115,121,21,19,60
28/09/2013,111,102,121,16,14,60
28/09/2013,108,94,117,15,10,53
28/09/2013,113,96,113,17,11,47
28/09/2013,90,98,89,8,12,23
28/09/2013,104,105,104,13,15,38
28/09/2013,85,94,97,6,10,30
28/09/2013,123,105,117,21,15,53
28/09/2013,96,96,89,10,11,23
28/09/2013,104,102,109,13,14,43
28/09/2013,96,98,97,10,12,30
28/09/2013,106,107,116,14,16,51
28/09/2013,106,96,101,14,11,34
28/09/2013,99,102,113,11,14,47
28/09/2013,106,112,99,14,18,32
28/09/2013,90,89,100,8,8,33
28/09/2013,104,107,108,13,16,42
28/09/2013,117,112,121,19,18,59
28/09/2013,106,102,123,14,14,62
28/09/2013,106,110,118,14,17,55
28/09/2013,120,141,132,20,25,70
28/09/2013,85,83,91,6,6,25
28/09/2013,123,102,133,21,14,71
28/09/2013,106,118,112,14,20,46
28/09/2013,120,118,132,20,20,70
28/09/2013,108,124,113,15,22,47
28/09/2013,113,121,120,17,21,58
28/09/2013,101,112,107,12,18,41
28/09/2013,120,98,123,20,12,62
28/09/2013,108,118,123,15,20,62
28/09/2013,117,130,125,19,23,65
28/09/2013,123,124,129,21,22,68
28/09/2013,126,118,122,22,20,61
28/09/2013,141,130,133,25,23,71
28/09/2013,113,115,104,17,19,38
28/09/2013,85,94,109,6,10,43
28/09/2013,126,130,128,22,23,67
28/09/2013,115,115,123,18,19,62
28/09/2013,113,118,121,17,20,59
28/09/2013,104,107,105,13,16,39
28/09/2013,93,89,90,9,8,24
28/09/2013,137,124,129,24,22,68
28/09/2013,113,124,118,17,22,55
28/09/2013,120,110,119,20,17,57
28/09/2013,120,107,128,20,16,67
28/09/2013,120,130,138,20,23,75
28/09/2013,113,115,117,17,19,53
28/09/2013,101,105,110,12,15,44
28/09/2013,93,98,118,9,12,54
28/09/2013,93,102,93,9,14,26
28/09/2013,117,107,118,19,16,54
28/09/2013,106,100,100,14,13,33
28/09/2013,104,94,111,13,10,45
28/09/2013,120,121,125,20,21,65
28/09/2013,115,110,117,18,17,53
28/09/2013,137,141,128,24,26,67
28/09/2013,96,98,101,10,12,34
28/09/2013,111,115,125,16,19,64
28/09/2013,99,102,108,11,14,42
28/09/2013,108,115,115,15,19,50
28/09/2013,126,136,125,22,24,64
28/09/2013,123,121,122,21,21,61
28/09/2013,126,118,126,22,20,66
28/09/2013,137,118,123,24,20,62
28/09/2013,132,121,108,23,21,42
28/09/2013,111,115,113,16,19,48
28/09/2013,115,112,108,18,18,42
28/09/2013,111,141,111,16,25,45
28/09/2013,137,141,132,24,26,70
28/09/2013,88,83,95,7,6,28
28/09/2013,90,98,108,8,12,42
28/09/2013,111,102,112,16,14,46
28/09/2013,101,105,116,12,15,52
28/09/2013,104,107,114,13,16,49
28/09/2013,96,86,93,10,7,26
28/09/2013,108,118,114,15,20,49
28/09/2013,113,107,101,17,16,34
28/09/2013,96,118,104,10,20,38
28/09/2013,99,107,107,11,16,41
28/09/2013,111,105,122,16,15,61
28/09/2013,104,115,118,13,19,55
28/09/2013,123,112,126,21,18,66
28/09/2013,106,98,105,14,12,39
28/09/2013,106,118,122,14,20,61
28/09/2013,117,107,108,19,16,42
28/09/2013,113,124,115,17,22,50
28/09/2013,104,115,106,13,19,40
28/09/2013,101,96,105,12,11,39
28/09/2013,126,105,129,22,15,68
28/09/2013,115,118,125,18,20,65
28/09/2013,88,100,103,7,13,36
28/09/2013,126,124,125,22,22,65
28/09/2013,99,96,106,11,11,40
28/09/2013,88,98,101,7,12,34
28/09/2013,115,89,117,18,8,53
28/09/2013,120,130,134,20,23,72
28/09/2013,106,105,99,14,15,32
28/09/2013,120,115,134,20,19,72
28/09/2013,113,98,110,17,12,44
28/09/2013,81,86,88,5,7,22
28/09/2013,126,112,125,22,18,64
28/09/2013,120,115,115,20,19,50
28/09/2013,115,121,110,18,21,44
28/09/2013,126,136,136,22,24,73
28/09/2013,126,98,134,22,12,72
28/09/2013,96,105,103,10,15,36
28/09/2013,137,105,108,24,15,42
28/09/2013,123,121,132,21,21,70
28/09/2013,137,121,141,24,21,76
28/09/2013,115,110,97,18,17,30
28/09/2013,117,110,119,19,17,57
28/09/2013,101,100,114,12,13,49
28/09/2013,137,107,118,24,16,54
28/09/2013,113,110,112,17,17,46
28/09/2013,101,100,115,12,13,50
28/09/2013,113,112,118,17,18,54
28/09/2013,113,105,112,17,15,46
28/09/2013,126,121,136,22,21,74
28/09/2013,111,112,122,16,18,61
28/09/2013,137,124,126,24,22,66
28/09/2013,126,141,116,22,25,52
28/09/2013,120,100,124,20,13,63
28/09/2013,120,100,99,20,13,32
28/09/2013,123,118,105,21,20,39
28/09/2013,126,102,117,22,14,53
28/09/2013,111,98,116,16,12,51
28/09/2013,137,141,138,24,25,75
28/09/2013,115,98,106,18,12,40
28/09/2013,93,91,101,9,9,34
28/09/2013,111,105,109,16,15,43
28/09/2013,117,130,124,19,23,63
28/09/2013,101,96,106,12,11,40
28/09/2013,106,94,103,14,10,36
28/09/2013,106,73,90,14,3,24
28/09/2013,111,118,122,16,20,61
28/09/2013,104,107,99,13,16,32
28/09/2013,108,130,118,15,23,55
28/09/2013,99,105,104,11,15,38
28/09/2013,117,130,121,19,23,60
28/09/2013,106,121,113,14,21,48
28/09/2013,101,136,108,12,24,42
28/09/2013,120,121,133,20,21,71
28/09/2013,104,121,115,13,21,50
28/09/2013,106,69,91,14,1,25
28/09/2013,106,102,109,14,14,43
28/09/2013,108,98,108,15,12,42
28/09/2013,115,107,121,18,16,59
28/09/2013,117,124,121,19,22,60
28/09/2013,104,89,101,13,8,34
28/09/2013,106,112,113,14,18,48
28/09/2013,108,94,107,15,10,41
28/09/2013,111,130,115,16,23,50
28/09/2013,120,121,125,20,21,64
28/09/2013,111,121,123,16,21,62
28/09/2013,88,98,105,7,12,39
28/09/2013,93,86,106,9,7,40
28/09/2013,117,124,129,19,22,68
28/09/2013,104,98,107,13,12,41
28/09/2013,106,105,106,14,15,40
28/09/2013,120,112,129,20,18,68
28/09/2013,106,100,105,14,13,39
28/09/2013,120,115,121,20,19,60
28/09/2013,117,121,114,19,21,49
28/09/2013,104,96,102,13,11,35
28/09/2013,137,110,130,24,17,69
28/09/2013,132,130,126,23,23,66
28/09/2013,115,107,133,18,16,71
28/09/2013,120,130,125,20,23,65
28/09/2013,120,124,129,20,22,68
28/09/2013,106,118,120,14,20,58
28/09/2013,123,112,130,21,18,69
28/09/2013,126,115,136,22,19,73
28/09/2013,117,118,126,19,20,66
28/09/2013,90,94,104,8,10,38
28/09/2013,137,121,125,24,21,65
28/09/2013,111,115,100,16,19,33
28/09/2013,96,94,122,10,10,61
28/09/2013,132,110,134,23,17,72
28/09/2013,123,124,136,21,22,74
28/09/2013,117,115,108,19,19,42
28/09/2013,132,124,133,23,22,71
28/09/2013,117,110,123,19,17,62
28/09/2013,126,118,123,22,20,62
28/09/2013,117,121,120,19,21,58
28/09/2013,126,105,124,22,15,63
28/09/2013,77,96,81,4,11,17
28/09/2013,111,91,111,16,9,45
28/09/2013,117,102,108,19,14,42
28/09/2013,123,124,124,21,22,63
28/09/2013,101,110,111,12,17,45
28/09/2013,93,102,108,9,14,42
28/09/2013,99,83,99,11,6,32
28/09/2013,93,102,102,9,14,35
28/09/2013,96,91,102,10,9,35
28/09/2013,88,89,90,7,8,24
28/09/2013,108,112,121,15,18,60
28/09/2013,126,121,121,22,21,60
28/09/2013,99,86,104,11,7,37
28/09/2013,108,105,107,15,15,41
28/09/2013,96,98,99,10,12,32
28/09/2013,120,107,126,20,16,66
28/09/2013,104,110,114,13,17,49
28/09/2013,115,118,117,18,20,53
28/09/2013,113,115,102,17,19,35
28/09/2013,115,141,141,18,25,76
28/09/2013,113,105,108,17,15,42
28/09/2013,132,141,132,23,25,70
28/09/2013,126,110,129,22,17,68
28/09/2013,101,94,108,12,10,42
28/09/2013,120,110,120,20,17,58
28/09/2013,120,102,107,20,14,41
28/09/2013,106,115,109,14,19,43
28/09/2013,111,112,109,16,18,43
28/09/2013,120,118,121,20,20,60
28/09/2013,88,98,94,7,12,27
28/09/2013,104,118,121,13,20,60
28/09/2013,108,110,112,15,17,46
28/09/2013,117,115,120,19,19,58
28/09/2013,106,124,121,14,22,59
28/09/2013,115,112,111,18,18,45
28/09/2013,117,112,122,19,18,61
28/09/2013,120,112,118,20,18,55
28/09/2013,117,118,103,19,20,36
05/10/2013,106,98,94,14,12,27
05/10/2013,132,121,124,23,21,63
05/10/2013,120,136,133,20,24,71
05/10/2013,113,124,118,17,22,55
05/10/2013,120,124,122,20,22,61
05/10/2013,115,115,122,18,19,61
05/10/2013,101,83,91,12,6,25
05/10/2013,123,121,136,21,21,73
05/10/2013,120,112,126,20,18,66
05/10/2013,126,121,128,22,21,67
05/10/2013,141,110,129,25,17,68
05/10/2013,85,83,97,6,6,30
05/10/2013,108,100,94,15,13,27
05/10/2013,85,96,99,6,11,32
05/10/2013,77,98,82,4,12,18
05/10/2013,72,94,69,3,10,0
05/10/2013,137,141,132,24,25,70
05/10/2013,106,102,113,14,14,48
05/10/2013,101,102,103,12,14,36
05/10/2013,101,98,109,12,12,43
05/10/2013,90,83,95,8,6,28
05/10/2013,101,100,102,12,13,35
05/10/2013,123,110,113,21,17,48
05/10/2013,126,110,124,22,17,63
05/10/2013,120,105,117,20,15,53
05/10/2013,111,112,117,16,18,53
05/10/2013,111,112,104,16,18,37
05/10/2013,93,79,99,9,5,32
05/10/2013,85,89,89,6,8,23
05/10/2013,113,96,115,17,11,50
05/10/2013,88,86,96,7,7,29
05/10/2013,106,110,98,14,17,31
05/10/2013,126,121,129,22,21,68
05/10/2013,96,98,100,10,12,33
05/10/2013,115,112,106,18,18,40
05/10/2013,108,100,119,15,13,56
05/10/2013,113,96,121,17,11,60
05/10/2013,126,130,122,22,23,61
05/10/2013,108,89,107,15,8,41
05/10/2013,111,107,109,16,16,43
05/10/2013,113,102,120,17,14,58
05/10/2013,99,83,102,11,6,35
05/10/2013,126,124,125,22,22,64
05/10/2013,99,79,96,11,5,29
05/10/2013,101,94,110,12,10,44
05/10/2013,111,96,104,16,11,38
05/10/2013,88,83,97,7,6,30
05/10/2013,117,118,130,19,20,69
05/10/2013,104,107,105,13,16,39
05/10/2013,123,118,126,21,20,66
05/10/2013,101,96,107,12,11,41
05/10/2013,117,130,121,19,23,59
05/10/2013,90,121,96,8,21,29
05/10/2013,132,130,133,23,23,71
05/10/2013,123,112,128,21,18,67
05/10/2013,113,100,88,17,13,22
05/10/2013,113,94,101,17,10,34
05/10/2013,123,96,99,21,11,32
05/10/2013,126,115,122,22,19,61
05/10/2013,111,118,121,16,20,59
05/10/2013,106,98,107,14,12,41
05/10/2013,104,89,109,13,8,43
05/10/2013,88,105,88,7,15,22
05/10/2013,81,69,82,5,2,18
05/10/2013,113,112,116,17,18,51
05/10/2013,117,130,118,19,23,55
05/10/2013,90,91,104,8,9,37
05/10/2013,113,98,119,17,12,57
05/10/2013,85,91,90,6,9,24
05/10/2013,106,105,121,14,15,60
05/10/2013,111,110,107,16,17,41
05/10/2013,77,86,69,4,7,11
05/10/2013,72,89,93,3,8,26
05/10/2013,90,91,105,8,9,39
05/10/2013,101,110,112,12,17,46
05/10/2013,93,112,119,9,18,56
05/10/2013,81,91,81,5,9,17
05/10/2013,108,110,100,15,17,33
05/10/2013,123,107,125,21,16,64
05/10/2013,120,110,121,20,17,59
05/10/2013,96,121,116,10,21,51
05/10/2013,115,107,118,18,16,54
05/10/2013,113,124,108,17,22,42
05/10/2013,99,94,96,11,10,29
05/10/2013,104,115,113,13,19,48
05/10/2013,106,110,105,14,17,39
05/10/2013,126,115,138,22,19,75
05/10/2013,104,115,111,13,19,45
05/10/2013,123,112,128,21,18,67
05/10/2013,126,110,115,22,17,50
05/10/2013,111,115,119,16,19,56
05/10/2013,123,115,125,21,19,64
05/10/2013,106,86,101,14,7,34
05/10/2013,120,110,125,20,17,64
05/10/2013,117,110,111,19,17,45
05/10/2013,90,83,91,8,6,25
05/10/2013,93,105,110,9,15,44
05/10/2013,113,107,116,17,16,52
05/10/2013,132,118,136,23,20,74
05/10/2013,113,102,116,17,14,51
05/10/2013,99,86,106,11,7,40
05/10/2013,111,124,124,16,22,63
05/10/2013,108,100,118,15,13,54
05/10/2013,101,112,107,12,18,41
05/10/2013,120,98,117,20,12,53
05/10/2013,126,110,126,22,17,66
05/10/2013,141,141,125,25,25,65
05/10/2013,123,130,134,21,23,72
05/10/2013,106,102,101,14,14,34
05/10/2013,104,124,110,13,22,44
05/10/2013,108,107,120,15,16,58
05/10/2013,85,94,84,6,10,19
05/10/2013,96,115,104,10,19,37
05/10/2013,108,112,125,15,18,64
05/10/2013,111,124,121,16,22,59
05/10/2013,88,94,103,7,10,36
05/10/2013,81,100,69,5,13,9
05/10/2013,108,107,114,15,16,49
05/10/2013,104,110,118,13,17,54
05/10/2013,99,102,111,11,14,45
05/10/2013,93,94,88,9,10,22
05/10/2013,113,107,105,17,16,39
05/10/2013,106,94,96,14,10,29
05/10/2013,99,105,116,11,15,52
05/10/2013,108,102,85,15,14,20
05/10/2013,108,105,116,15,15,51
05/10/2013,99,94,94,11,10,27
05/10/2013,101,86,95,12,7,28
05/10/2013,126,118,121,22,20,59
05/10/2013,85,102,95,6,14,28
05/10/2013,115,115,117,18,19,53
05/10/2013,120,124,121,20,22,59
05/10/2013,115,121,120,18,21,58
05/10/2013,101,105,85,12,15,20
05/10/2013,106,91,113,14,9,47
05/10/2013,104,130,103,13,23,36
05/10/2013,115,98,109,18,12,43
05/10/2013,108,115,122,15,19,61
05/10/2013,81,89,87,5,8,21
05/10/2013,111,130,121,16,23,59
05/10/2013,93,107,116,9,16,51
05/10/2013,123,105,118,21,15,55
05/10/2013,113,121,119,17,21,56
05/10/2013,108,115,118,15,19,54
05/10/2013,106,112,105,14,18,39
05/10/2013,72,69,81,3,2,17
05/10/2013,106,96,104,14,11,38
05/10/2013,101,102,114,12,14,49
05/10/2013,123,130,129,21,23,68
05/10/2013,101,105,118,12,15,54
05/10/2013,120,112,128,20,18,67
05/10/2013,111,102,119,16,14,57
05/10/2013,141,124,136,25,22,73
05/10/2013,117,115,120,19,19,58
05/10/2013,126,115,128,22,19,67
05/10/2013,113,94,116,17,10,51
05/10/2013,123,118,122,21,20,61
05/10/2013,137,118,129,24,20,68
05/10/2013,108,121,109,15,21,43
05/10/2013,104,107,112,13,16,46
05/10/2013,101,115,116,12,19,51
05/10/2013,93,86,102,9,7,35
05/10/2013,106,102,111,14,14,45
05/10/2013,113,110,120,17,17,58
05/10/2013,106,91,118,14,9,54
05/10/2013,111,110,117,16,17,53
05/10/2013,69,86,82,2,7,18
05/10/2013,108,115,109,15,19,43
05/10/2013,113,105,110,17,15,44
05/10/2013,101,98,111,12,12,45
05/10/2013,126,112,128,22,18,67
05/10/2013,85,91,100,6,9,33
05/10/2013,113,112,108,17,18,42
05/10/2013,117,110,125,19,17,64
05/10/2013,99,96,90,11,11,24
05/10/2013,104,96,102,13,11,35
05/10/2013,115,118,115,18,20,50
05/10/2013,101,110,109,12,17,43
05/10/2013,101,96,95,12,11,28
05/10/2013,96,98,91,10,12,25
05/10/2013,104,102,104,13,14,38
05/10/2013,115,130,113,18,23,47
05/10/2013,96,96,81,10,11,17
05/10/2013,101,100,108,12,13,42
05/10/2013,106,112,118,14,18,54
05/10/2013,120,110,129,20,17,68
05/10/2013,115,118,121,18,20,59
05/10/2013,106,121,122,14,21,61
05/10/2013,104,121,102,13,21,35
05/10/2013,113,121,112,17,21,46
05/10/2013,123,130,126,21,23,66
05/10/2013,123,115,119,21,19,56
05/10/2013,117,124,129,19,22,68
05/10/2013,106,118,115,14,20,50
05/10/2013,101,96,104,12,11,37
05/10/2013,117,141,125,19,25,65
05/10/2013,108,136,116,15,24,51
05/10/2013,132,130,125,23,23,65
05/10/2013,108,105,108,15,15,42
05/10/2013,126,121,125,22,21,65
05/10/2013,120,121,120,20,21,58
05/10/2013,120,141,126,20,25,66
05/10/2013,120,141,133,20,25,71
05/10/2013,126,130,136,22,23,73
05/10/2013,108,124,109,15,22,43
05/10/2013,137,141,138,24,26,75
05/10/2013,120,121,124,20,21,63
05/10/2013,126,115,136,22,19,73
05/10/2013,108,112,114,15,18,49
05/10/2013,120,107,130,20,16,69
05/10/2013,126,124,119,22,22,57
05/10/2013,117,112,126,19,18,66
05/10/2013,96,102,103,10,14,36
05/10/2013,108,100,101,15,13,34
05/10/2013,104,102,118,13,14,54
05/10/2013,99,98,101,11,12,34
05/10/2013,120,141,113,20,25,48
05/10/2013,101,105,101,12,15,34
05/10/2013,115,124,132,18,22,70
05/10/2013,93,100,100,9,13,33
05/10/2013,123,124,126,21,22,66
05/10/2013,72,83,99,3,6,32
05/10/2013,85,83,96,6,6,29
05/10/2013,99,102,90,11,14,24
05/10/2013,90,86,101,8,7,34
05/10/2013,115,98,129,18,12,68
05/10/2013,101,107,118,12,16,55
05/10/2013,106,102,114,14,14,49
05/10/2013,115,121,133,18,21,71
05/10/2013,106,118,120,14,20,58
05/10/2013,85,94,95,6,10,28
05/10/2013,96,91,95,10,9,28
05/10/2013,104,110,126,13,17,66
05/10/2013,106,98,110,14,12,44
05/10/2013,132,115,136,23,19,74
05/10/2013,88,100,69,7,13,11
05/10/2013,90,107,100,8,16,33
05/10/2013,93,94,104,9,10,37
05/10/2013,132,141,136,23,26,74
05/10/2013,120,112,118,20,18,55
05/10/2013,115,112,111,18,18,45
05/10/2013,123,115,116,21,19,52
05/10/2013,141,130,132,25,23,70
05/10/2013,108,96,100,15,11,33
05/10/2013,104,107,109,13,16,43
05/10/2013,106,100,101,14,13,34
05/10/2013,117,130,113,19,23,48
05/10/2013,123,130,132,21,23,70
05/10/2013,117,107,114,19,16,49
05/10/2013,115,115,111,18,19,45
05/10/2013,108,112,119,15,18,57
05/10/2013,113,98,124,17,12,63
05/10/2013,113,124,129,17,22,68
05/10/2013,104,98,118,13,12,54
05/10/2013,123,136,138,21,24,75
05/10/2013,104,121,118,13,21,54
05/10/2013,90,98,94,8,12,27
05/10/2013,101,79,97,12,5,30
05/10/2013,88,94,98,7,10,31
05/10/2013,90,112,89,8,18,23
05/10/2013,117,107,118,19,16,54
05/10/2013,106,86,97,14,7,30
05/10/2013,88,112,100,7,18,33
05/10/2013,93,110,104,9,17,38
05/10/2013,111,91,101,16,9,34
05/10/2013,93,94,95,9,10,28
05/10/2013,90,94,91,8,10,25
05/10/2013,99,107,109,11,16,43
05/10/2013,117,105,119,19,15,57
05/10/2013,101,96,109,12,11,43
05/10/2013,117,112,132,19,18,70
05/10/2013,90,100,104,8,13,38
05/10/2013,104,96,113,13,11,48
05/10/2013,104,112,109,13,18,43
05/10/2013,104,102,120,13,14,58
05/10/2013,96,83,101,10,6,34
05/10/2013,132,115,125,23,19,65
05/10/2013,101,102,125,12,14,65
05/10/2013,106,115,113,14,19,47
05/10/2013,113,136,117,17,24,53
05/10/2013,132,118,130,23,20,69
05/10/2013,117,112,113,19,18,48
05/10/2013,111,94,119,16,10,56
05/10/2013,137,110,132,24,17,70
05/10/2013,106,100,113,14,13,47
05/10/2013,132,105,121,23,15,59
05/10/2013,126,130,124,22,23,63
05/10/2013,90,110,112,8,17,46
05/10/2013,123,110,116,21,17,51
05/10/2013,132,118,129,23,20,68
05/10/2013,93,91,85,9,9,20
05/10/2013,120,118,121,20,20,59
05/10/2013,120,136,132,20,24,70
05/10/2013,137,124,128,24,22,67
05/10/2013,108,118,114,15,20,49
05/10/2013,113,100,106,17,13,40
05/10/2013,101,107,107,12,16,41
05/10/2013,111,115,108,16,19,42
05/10/2013,111,118,126,16,20,66
05/10/2013,90,89,95,8,8,28
05/10/2013,99,102,91,11,14,25
05/10/2013,93,94,98,9,10,31
05/10/2013,115,141,125,18,25,65
05/10/2013,111,115,121,16,19,59
05/10/2013,93,91,97,9,9,30
05/10/2013,104,107,108,13,16,42
05/10/2013,120,121,124,20,21,63
05/10/2013,85,100,94,6,13,27
05/10/2013,117,115,121,19,19,60
05/10/2013,120,124,125,20,22,64
05/10/2013,85,110,93,6,17,26
05/10/2013,101,100,107,12,13,41
05/10/2013,96,100,96,10,13,29
05/10/2013,106,112,115,14,18,50
05/10/2013,88,86,89,7,7,23
05/10/2013,120,107,123,20,16,62
05/10/2013,108,105,97,15,15,30
05/10/2013,108,118,104,15,20,38
05/10/2013,117,121,113,19,21,47
05/10/2013,77,79,75,4,5,14
05/10/2013,108,115,121,15,19,59
05/10/2013,141,141,133,25,25,71
12/10/2013,141,130,141,25,23,79
12/10/2013,132,141,133,23,25,71
12/10/2013,115,110,117,18,17,53
12/10/2013,126,136,136,22,24,74
12/10/2013,117,130,134,19,23,72
12/10/2013,132,136,134,23,24,72
12/10/2013,117,110,132,19,17,70
12/10/2013,126,141,136,22,25,74
12/10/2013,90,107,116,8,16,51
12/10/2013,96,98,104,10,12,37
12/10/2013,132,124,122,23,22,61
12/10/2013,113,107,116,17,16,51
12/10/2013,85,100,90,6,13,24
12/10/2013,101,105,106,12,15,40
12/10/2013,96,91,89,10,9,23
12/10/2013,90,86,97,8,7,30
12/10/2013,115,107,128,18,16,67
12/10/2013,101,102,100,12,14,33
12/10/2013,104,115,113,13,19,48
12/10/2013,113,100,116,17,13,52
12/10/2013,99,91,103,11,9,36
12/10/2013,101,130,88,12,23,22
12/10/2013,132,115,133,23,19,71
12/10/2013,88,73,88,7,3,22
12/10/2013,93,79,104,9,5,37
12/10/2013,104,110,113,13,17,47
12/10/2013,132,130,129,23,23,68
12/10/2013,117,112,128,19,18,67
12/10/2013,111,94,111,16,10,45
12/10/2013,117,107,125,19,16,64
12/10/2013,104,96,102,13,11,35
12/10/2013,85,77,102,6,4,35
12/10/2013,77,89,91,4,8,25
12/10/2013,104,105,113,13,15,48
12/10/2013,123,136,130,21,24,69
12/10/2013,111,110,104,16,17,38
12/10/2013,106,115,101,14,19,34
12/10/2013,117,124,119,19,22,56
12/10/2013,73,70,78,3,2,15
12/10/2013,106,102,96,14,14,29
12/10/2013,93,100,107,9,13,41
12/10/2013,111,115,105,16,19,39
12/10/2013,111,94,106,16,10,40
12/10/2013,111,105,121,16,15,60
12/10/2013,96,96,93,10,11,26
12/10/2013,120,118,129,20,20,68
12/10/2013,96,102,112,10,14,46
12/10/2013,126,94,114,22,10,49
12/10/2013,117,112,125,19,18,64
12/10/2013,108,100,111,15,13,45
12/10/2013,117,130,126,19,23,66
12/10/2013,90,105,97,8,15,30
12/10/2013,104,100,108,13,13,42
12/10/2013,126,141,128,22,25,67
12/10/2013,126,141,113,22,26,48
12/10/2013,117,107,116,19,16,51
12/10/2013,132,121,119,23,21,57
12/10/2013,115,98,103,18,12,36
12/10/2013,106,112,106,14,18,40
12/10/2013,88,102,95,7,14,28
12/10/2013,93,100,88,9,13,22
12/10/2013,108,105,119,15,15,56
12/10/2013,93,100,102,9,13,35
12/10/2013,96,96,110,10,11,44
12/10/2013,90,77,81,8,4,17
12/10/2013,81,107,104,5,16,37
12/10/2013,108,121,115,15,21,50
12/10/2013,123,121,106,21,21,40
12/10/2013,93,98,97,9,12,30
12/10/2013,93,91,113,9,9,48
12/10/2013,132,136,133,23,24,71
12/10/2013,90,98,94,8,12,27
12/10/2013,117,136,132,19,24,70
12/10/2013,90,86,84,8,7,19
12/10/2013,96,107,104,10,16,37
12/10/2013,99,102,116,11,14,51
12/10/2013,101,98,110,12,12,44
12/10/2013,117,121,118,19,21,54
12/10/2013,108,91,121,15,9,59
12/10/2013,106,96,105,14,11,39
12/10/2013,120,118,123,20,20,62
12/10/2013,120,118,124,20,20,63
12/10/2013,141,141,141,25,25,77
12/10/2013,126,102,119,22,14,56
12/10/2013,117,105,122,19,15,61
12/10/2013,111,112,119,16,18,56
12/10/2013,96,100,98,10,13,31
12/10/2013,132,124,132,23,22,70
12/10/2013,96,105,100,10,15,33
12/10/2013,115,118,113,18,20,47
12/10/2013,111,121,120,16,21,58
12/10/2013,111,121,113,16,21,48
12/10/2013,141,121,129,25,21,68
12/10/2013,126,124,124,22,22,63
12/10/2013,115,102,112,18,14,46
12/10/2013,123,107,120,21,16,58
12/10/2013,123,121,122,21,21,61
12/10/2013,93,102,93,9,14,26
12/10/2013,113,112,120,17,18,58
12/10/2013,120,136,133,20,24,71
12/10/2013,117,102,116,19,14,52
12/10/2013,120,118,118,20,20,54
12/10/2013,111,124,106,16,22,40
12/10/2013,93,100,117,9,13,53
12/10/2013,137,124,128,24,22,67
12/10/2013,117,100,112,19,13,46
12/10/2013,120,141,110,20,25,44
12/10/2013,117,107,118,19,16,55
12/10/2013,81,79,99,5,5,32
12/10/2013,101,89,109,12,8,43
12/10/2013,113,118,117,17,20,53
12/10/2013,104,100,113,13,13,48
12/10/2013,93,102,103,9,14,36
12/10/2013,117,118,120,19,20,58
12/10/2013,77,89,71,4,8,12
12/10/2013,132,118,124,23,20,63
12/10/2013,111,110,105,16,17,39
12/10/2013,99,102,113,11,14,48
12/10/2013,120,121,134,20,21,72
12/10/2013,88,86,96,7,7,29
12/10/2013,113,115,119,17,19,57
12/10/2013,96,98,120,10,12,58
12/10/2013,123,141,121,21,25,59
12/10/2013,120,141,122,20,25,61
12/10/2013,96,110,112,10,17,46
12/10/2013,85,102,82,6,14,18
12/10/2013,113,118,118,17,20,54
12/10/2013,101,115,111,12,19,45
12/10/2013,77,86,88,4,7,22
12/10/2013,101,91,108,12,9,42
12/10/2013,104,121,125,13,21,64
12/10/2013,108,96,102,15,11,35
12/10/2013,123,115,119,21,19,57
12/10/2013,132,124,129,23,22,68
12/10/2013,81,79,98,5,5,31
12/10/2013,113,110,104,17,17,37
12/10/2013,117,107,136,19,16,74
12/10/2013,90,96,116,8,11,52
12/10/2013,99,96,90,11,11,24
12/10/2013,113,110,118,17,17,54
12/10/2013,137,136,134,24,24,72
12/10/2013,113,121,120,17,21,58
12/10/2013,81,86,91,5,7,25
12/10/2013,111,130,119,16,23,57
12/10/2013,108,130,116,15,23,52
12/10/2013,108,105,111,15,15,45
12/10/2013,141,136,136,25,24,73
12/10/2013,113,118,119,17,20,56
12/10/2013,137,124,121,24,22,60
12/10/2013,111,107,103,16,16,36
12/10/2013,120,124,121,20,22,60
12/10/2013,137,141,136,24,25,74
12/10/2013,120,130,120,20,23,58
12/10/2013,113,110,120,17,17,58
12/10/2013,111,110,108,16,17,42
12/10/2013,108,118,104,15,20,37
12/10/2013,132,130,134,23,23,72
12/10/2013,93,79,100,9,5,33
12/10/2013,96,112,104,10,18,37
12/10/2013,137,141,125,24,25,64
12/10/2013,113,115,118,17,19,54
12/10/2013,126,121,122,22,21,61
12/10/2013,99,124,108,11,22,42
12/10/2013,120,121,133,20,21,71
12/10/2013,113,102,118,17,14,54
12/10/2013,113,121,122,17,21,61
12/10/2013,93,94,91,9,10,25
12/10/2013,104,118,111,13,20,45
12/10/2013,120,105,136,20,15,73
12/10/2013,104,94,95,13,10,28
12/10/2013,123,115,115,21,19,50
12/10/2013,111,130,119,16,23,56
12/10/2013,106,98,105,14,12,39
12/10/2013,104,100,100,13,13,33
12/10/2013,90,91,111,8,9,45
12/10/2013,101,89,108,12,8,42
12/10/2013,99,98,104,11,12,37
12/10/2013,90,79,96,8,5,29
12/10/2013,117,112,128,19,18,67
12/10/2013,99,94,107,11,10,41
12/10/2013,90,79,100,8,5,33
12/10/2013,104,98,111,13,12,45
12/10/2013,96,91,69,10,9,0
12/10/2013,137,141,133,24,25,71
12/10/2013,96,94,85,10,10,20
12/10/2013,90,124,106,8,22,40
12/10/2013,72,105,96,3,15,29
12/10/2013,113,115,121,17,19,60
12/10/2013,99,105,97,11,15,30
12/10/2013,117,102,119,19,14,57
12/10/2013,120,112,125,20,18,65
12/10/2013,113,112,121,17,18,59
12/10/2013,106,107,116,14,16,52
12/10/2013,88,94,103,7,10,36
12/10/2013,113,102,113,17,14,48
12/10/2013,123,112,129,21,18,68
12/10/2013,132,124,125,23,22,64
12/10/2013,104,89,108,13,8,42
12/10/2013,120,100,98,20,13,31
12/10/2013,102,99,103,12,12,36
12/10/2013,123,105,105,21,15,38
12/10/2013,104,110,105,13,17,38
12/10/2013,113,130,126,17,23,66
12/10/2013,104,105,121,13,15,59
12/10/2013,102,94,105,12,10,38
12/10/2013,111,107,108,16,16,42
12/10/2013,115,101,124,18,13,63
12/10/2013,106,103,104,14,14,37
12/10/2013,108,113,111,15,18,45
12/10/2013,106,107,104,14,16,37
12/10/2013,99,92,100,11,9,33
12/10/2013,91,105,96,8,15,29
12/10/2013,104,113,108,13,18,41
12/10/2013,99,83,99,11,6,32
12/10/2013,81,80,87,5,5,21
12/10/2013,91,105,103,8,15,36
12/10/2013,118,118,112,19,20,46
12/10/2013,106,118,117,14,20,53
12/10/2013,88,110,111,7,17,45
12/10/2013,113,103,112,17,14,46
12/10/2013,123,115,125,21,19,64
12/10/2013,120,113,123,20,18,62
12/10/2013,120,110,118,20,17,54
12/10/2013,115,105,122,18,15,60
12/10/2013,102,101,101,12,13,34
12/10/2013,108,107,109,15,16,43
12/10/2013,73,92,69,3,9,9
12/10/2013,102,94,120,12,10,58
12/10/2013,91,101,102,8,13,35
12/10/2013,111,110,128,16,17,67
12/10/2013,94,103,100,9,14,33
12/10/2013,81,89,96,5,8,29
12/10/2013,113,130,132,17,23,70
12/10/2013,126,110,121,22,17,59
12/10/2013,132,115,121,23,19,59
12/10/2013,99,98,107,11,12,41
12/10/2013,132,121,128,23,21,67
12/10/2013,123,118,125,21,20,65
12/10/2013,111,118,123,16,20,62
12/10/2013,85,100,99,6,13,32
12/10/2013,93,91,90,9,9,24
12/10/2013,115,115,120,18,19,58
12/10/2013,132,110,134,23,17,72
12/10/2013,126,110,122,22,17,61
12/10/2013,132,130,133,23,23,71
12/10/2013,117,121,118,19,21,55
12/10/2013,126,141,132,22,25,70
12/10/2013,123,124,125,21,22,64
12/10/2013,117,102,113,19,14,48
12/10/2013,123,112,126,21,18,66
12/10/2013,126,130,126,22,23,66
12/10/2013,137,121,125,24,21,65
12/10/2013,108,110,107,15,17,41
12/10/2013,141,124,136,25,22,73
12/10/2013,106,102,102,14,14,35
12/10/2013,88,92,95,7,9,28
12/10/2013,73,94,92,3,10,25
12/10/2013,104,103,106,13,14,39
12/10/2013,115,105,104,18,15,37
12/10/2013,91,103,103,8,14,36
12/10/2013,104,92,95,13,9,28
12/10/2013,108,124,117,15,22,53
12/10/2013,108,83,109,15,6,43
12/10/2013,113,105,112,17,15,46
12/10/2013,106,94,87,14,10,21
12/10/2013,91,113,114,8,18,48
12/10/2013,123,124,126,21,22,65
12/10/2013,111,118,110,16,20,44
12/10/2013,88,105,104,7,15,37
12/10/2013,126,136,134,22,24,72
12/10/2013,106,121,128,14,21,67
12/10/2013,111,86,100,16,7,33
12/10/2013,102,99,100,12,12,33
12/10/2013,108,96,97,15,11,30
12/10/2013,106,101,102,14,13,35
12/10/2013,106,103,106,14,14,39
12/10/2013,118,118,116,19,20,51
12/10/2013,94,96,90,9,11,23
12/10/2013,108,118,119,15,20,57
12/10/2013,102,101,106,12,13,39
12/10/2013,69,83,76,2,6,14
12/10/2013,118,115,122,19,19,60
12/10/2013,88,101,99,7,13,32
12/10/2013,108,124,120,15,22,58
12/10/2013,94,96,98,9,11,31
12/10/2013,123,121,125,21,21,64
12/10/2013,126,124,130,22,22,69
12/10/2013,123,136,130,21,24,69
12/10/2013,111,124,122,16,22,61
12/10/2013,93,94,97,9,10,30
12/10/2013,113,118,119,17,20,56
12/10/2013,108,102,116,15,14,51
12/10/2013,113,107,116,17,16,51
12/10/2013,99,115,116,11,19,52
12/10/2013,108,121,125,15,21,64
12/10/2013,123,118,136,21,20,73
12/10/2013,106,99,106,14,12,39
12/10/2013,108,101,102,15,13,35
12/10/2013,132,130,134,23,23,72
12/10/2013,132,124,119,23,22,56
12/10/2013,137,136,130,24,24,69
12/10/2013,113,107,101,17,16,34
12/10/2013,118,124,105,19,22,38
12/10/2013,102,99,99,12,12,32
12/10/2013,132,115,113,23,19,47
12/10/2013,81,77,88,5,4,22
12/10/2013,81,77,76,5,4,14
12/10/2013,113,118,112,17,20,46
12/10/2013,104,115,121,13,19,59
12/10/2013,108,105,110,15,15,44
12/10/2013,111,103,120,16,14,58
12/10/2013,120,110,122,20,17,61
12/10/2013,108,94,104,15,10,37
12/10/2013,111,118,121,16,20,59
12/10/2013,85,105,103,6,15,36
12/10/2013,126,121,132,22,21,70
12/10/2013,111,118,116,16,20,52
12/10/2013,123,124,136,21,22,73
12/10/2013,94,110,100,9,17,33
12/10/2013,106,105,119,14,15,57
12/10/2013,104,113,87,13,18,21
12/10/2013,102,105,103,12,15,36
12/10/2013,94,96,104,9,11,37
12/10/2013,120,113,113,20,18,47
12/10/2013,141,130,139,25,23,75
12/10/2013,97,99,95,10,12,28
12/10/2013,104,96,113,13,11,47
12/10/2013,97,105,109,10,15,43
12/10/2013,126,130,124,22,23,63
12/10/2013,94,107,106,9,16,39
12/10/2013,88,96,94,7,11,27
12/10/2013,94,86,97,9,7,30
12/10/2013,115,107,122,18,16,60
12/10/2013,118,118,129,19,20,68
12/10/2013,106,103,115,14,14,50
12/10/2013,108,107,125,15,16,64
12/10/2013,108,107,116,15,16,51
12/10/2013,118,115,122,19,19,61
12/10/2013,104,113,108,13,18,41
19/10/2013,126,121,119,22,21,57
19/10/2013,113,118,133,17,20,71
19/10/2013,97,110,108,10,17,41
19/10/2013,91,73,113,8,3,47
19/10/2013,113,99,119,17,12,57
19/10/2013,106,110,115,14,17,50
19/10/2013,108,121,128,15,21,67
19/10/2013,126,115,114,22,19,49
19/10/2013,104,99,114,13,12,49
19/10/2013,137,107,121,24,16,59
19/10/2013,111,96,105,16,11,38
19/10/2013,137,130,121,24,23,59
19/10/2013,94,94,98,9,10,31
19/10/2013,97,103,108,10,14,42
19/10/2013,108,118,102,15,20,35
19/10/2013,111,130,119,16,23,56
19/10/2013,91,83,99,8,6,32
19/10/2013,141,121,133,25,21,71
19/10/2013,106,107,113,14,16,47
19/10/2013,115,124,126,18,22,66
19/10/2013,132,130,124,23,23,63
19/10/2013,106,103,109,14,14,43
19/10/2013,108,107,103,15,16,36
19/10/2013,97,103,120,10,14,58
19/10/2013,106,80,114,14,5,48
19/10/2013,85,94,98,6,10,31
19/10/2013,106,103,100,14,14,33
19/10/2013,115,105,106,18,15,39
19/10/2013,102,99,114,12,12,49
19/10/2013,115,101,112,18,13,46
19/10/2013,97,130,95,10,23,28
19/10/2013,113,105,121,17,15,59
19/10/2013,115,121,124,18,21,63
19/10/2013,132,136,129,23,24,68
19/10/2013,132,136,130,23,24,69
19/10/2013,88,94,91,7,10,24
19/10/2013,104,89,114,13,8,48
19/10/2013,106,96,105,14,11,38
19/10/2013,85,86,104,6,7,37
19/10/2013,99,121,114,11,21,49
19/10/2013,102,92,94,12,9,27
19/10/2013,94,94,94,9,10,27
19/10/2013,104,99,117,13,12,53
19/10/2013,102,89,100,12,8,33
19/10/2013,108,115,116,15,19,52
19/10/2013,85,80,98,6,5,31
19/10/2013,106,92,108,14,9,42
19/10/2013,106,96,119,14,11,56
19/10/2013,104,101,115,13,13,50
19/10/2013,137,121,124,24,21,63
19/10/2013,126,130,129,22,23,68
19/10/2013,137,124,133,24,22,71
19/10/2013,115,110,120,18,17,58
19/10/2013,102,107,116,12,16,51
19/10/2013,118,113,121,19,18,59
19/10/2013,118,115,106,19,19,39
19/10/2013,123,121,128,21,21,67
19/10/2013,113,113,130,17,18,69
19/10/2013,104,110,94,13,17,27
19/10/2013,106,107,94,14,16,27
19/10/2013,111,124,128,16,22,67
19/10/2013,141,130,136,25,23,73
19/10/2013,111,110,119,16,17,55
19/10/2013,126,124,126,22,22,66
19/10/2013,126,121,130,22,21,69
19/10/2013,137,124,132,24,22,70
19/10/2013,97,96,94,10,11,27
19/10/2013,104,101,106,13,13,39
19/10/2013,113,110,105,17,17,38
19/10/2013,120,110,124,20,17,63
19/10/2013,102,99,101,12,12,34
19/10/2013,106,107,108,14,16,41
19/10/2013,123,103,126,21,14,66
19/10/2013,111,94,122,16,10,60
19/10/2013,120,130,119,20,23,57
19/10/2013,102,101,121,12,13,59
19/10/2013,99,107,108,11,16,42
19/10/2013,108,96,99,15,11,32
19/10/2013,97,94,98,10,10,31
19/10/2013,115,103,110,18,14,44
19/10/2013,120,113,109,20,18,43
19/10/2013,113,105,113,17,15,47
19/10/2013,102,77,92,12,4,25
19/10/2013,85,89,73,6,8,13
19/10/2013,99,99,93,11,12,26
19/10/2013,123,115,134,21,19,72
19/10/2013,104,107,125,13,16,64
19/10/2013,88,89,101,7,8,34
19/10/2013,81,101,98,5,13,31
19/10/2013,106,118,119,14,20,55
19/10/2013,104,113,119,13,18,55
19/10/2013,99,96,107,11,11,40
19/10/2013,120,141,129,20,25,68
19/10/2013,81,89,93,5,8,26
19/10/2013,77,86,73,4,7,13
19/10/2013,123,101,129,21,13,68
19/10/2013,106,105,116,14,15,52
19/10/2013,108,103,116,15,14,52
19/10/2013,113,113,126,17,18,65
19/10/2013,120,103,114,20,14,49
19/10/2013,104,121,117,13,21,53
19/10/2013,97,107,109,10,16,43
19/10/2013,108,124,105,15,22,38
19/10/2013,102,101,109,12,13,43
19/10/2013,102,110,103,12,17,36
19/10/2013,120,94,116,20,10,51
19/10/2013,97,99,95,10,12,28
19/10/2013,113,124,125,17,22,64
19/10/2013,115,110,104,18,17,37
19/10/2013,126,103,117,22,14,53
19/10/2013,126,110,113,22,17,47
19/10/2013,137,141,141,24,26,79
19/10/2013,118,94,104,19,10,37
19/10/2013,111,105,103,16,15,36
19/10/2013,115,115,124,18,19,63
19/10/2013,115,103,108,18,14,41
19/10/2013,91,107,114,8,16,49
19/10/2013,137,141,123,24,26,62
19/10/2013,115,110,109,18,17,43
19/10/2013,123,130,133,21,23,71
19/10/2013,120,103,94,20,14,27
19/10/2013,120,124,122,20,22,60
19/10/2013,94,80,95,9,5,28
19/10/2013,126,115,122,22,19,60
19/10/2013,94,99,114,9,12,48
19/10/2013,137,136,130,24,24,69
19/10/2013,120,113,108,20,18,42
19/10/2013,120,113,116,20,18,51
19/10/2013,132,107,114,23,16,48
19/10/2013,99,107,106,11,16,39
19/10/2013,123,118,132,21,20,70
19/10/2013,99,115,118,11,19,55
19/10/2013,104,96,100,13,11,33
19/10/2013,104,83,104,13,6,37
19/10/2013,91,96,102,8,11,35
19/10/2013,88,99,103,7,12,36
19/10/2013,104,70,88,13,2,22
19/10/2013,106,94,102,14,10,35
19/10/2013,99,103,101,11,14,34
19/10/2013,81,89,107,5,8,40
19/10/2013,102,110,111,12,17,45
19/10/2013,97,83,99,10,6,32
19/10/2013,102,107,108,12,16,42
19/10/2013,91,105,90,8,15,23
19/10/2013,88,77,97,7,4,30
19/10/2013,111,113,113,16,18,47
19/10/2013,137,130,122,24,23,61
19/10/2013,115,124,124,18,22,63
19/10/2013,111,103,96,16,14,29
19/10/2013,108,124,113,15,22,47
19/10/2013,102,118,119,12,20,56
19/10/2013,108,113,109,15,18,43
19/10/2013,94,115,110,9,19,44
19/10/2013,137,141,136,24,25,73
19/10/2013,118,105,126,19,15,65
19/10/2013,126,124,136,22,22,73
19/10/2013,126,113,122,22,18,60
19/10/2013,108,103,104,15,14,37
19/10/2013,106,105,104,14,15,37
19/10/2013,123,96,124,21,11,63
19/10/2013,126,103,137,22,14,74
19/10/2013,123,115,116,21,19,51
19/10/2013,120,121,130,20,21,69
19/10/2013,99,86,103,11,7,36
19/10/2013,111,118,122,16,20,60
19/10/2013,118,113,134,19,18,72
19/10/2013,118,118,124,19,20,63
19/10/2013,123,113,126,21,18,66
19/10/2013,126,118,122,22,20,61
19/10/2013,108,99,110,15,12,44
19/10/2013,113,113,113,17,18,47
19/10/2013,115,141,123,18,25,62
19/10/2013,123,118,128,21,20,67
19/10/2013,123,130,136,21,23,73
19/10/2013,104,115,108,13,19,42
19/10/2013,111,96,107,16,11,40
19/10/2013,102,118,126,12,20,65
19/10/2013,102,101,99,12,13,32
19/10/2013,115,130,108,18,23,41
19/10/2013,126,121,136,22,21,73
19/10/2013,108,118,107,15,20,40
19/10/2013,104,89,83,13,8,18
19/10/2013,118,118,128,19,20,67
19/10/2013,102,121,122,12,21,61
19/10/2013,81,103,111,5,14,45
19/10/2013,111,121,122,16,21,60
19/10/2013,108,115,109,15,19,43
19/10/2013,137,124,124,24,22,63
19/10/2013,99,94,100,11,10,33
19/10/2013,77,77,78,4,4,15
19/10/2013,97,105,116,10,15,51
19/10/2013,102,136,113,12,24,47
19/10/2013,137,121,130,24,21,69
19/10/2013,118,113,113,19,18,47
19/10/2013,113,103,120,17,14,58
19/10/2013,120,115,134,20,19,72
19/10/2013,94,89,107,9,8,40
19/10/2013,113,110,112,17,17,46
19/10/2013,123,103,121,21,14,59
19/10/2013,104,105,116,13,15,52
19/10/2013,108,105,111,15,15,45
19/10/2013,113,121,123,17,21,62
19/10/2013,85,89,92,6,8,25
19/10/2013,106,96,111,14,11,45
19/10/2013,88,92,90,7,9,23
19/10/2013,132,107,126,23,16,66
19/10/2013,118,107,124,19,16,63
19/10/2013,118,115,111,19,19,45
19/10/2013,108,121,119,15,21,56
19/10/2013,104,115,122,13,19,61
19/10/2013,91,103,96,8,14,29
19/10/2013,99,101,111,11,13,45
19/10/2013,111,107,114,16,16,48
19/10/2013,126,115,113,22,19,47
19/10/2013,118,124,130,19,22,69
19/10/2013,118,118,124,19,20,63
19/10/2013,111,115,122,16,19,60
19/10/2013,111,107,117,16,16,53
19/10/2013,108,101,106,15,13,39
19/10/2013,106,105,98,14,15,31
19/10/2013,126,141,122,22,26,61
19/10/2013,91,96,95,8,11,28
19/10/2013,99,110,107,11,17,40
19/10/2013,120,118,113,20,20,47
19/10/2013,118,96,111,19,11,45
19/10/2013,118,105,122,19,15,60
19/10/2013,94,94,96,9,10,29
19/10/2013,118,118,118,19,20,54
19/10/2013,104,107,101,13,16,34
19/10/2013,115,99,94,18,12,27
19/10/2013,115,110,109,18,17,43
19/10/2013,81,92,92,5,9,25
19/10/2013,111,103,122,16,14,60
19/10/2013,106,113,111,14,18,45
19/10/2013,123,115,134,21,19,72
19/10/2013,97,69,86,10,1,20
19/10/2013,126,113,123,22,18,62
19/10/2013,123,124,126,21,22,66
19/10/2013,111,107,114,16,16,48
19/10/2013,91,92,107,8,9,40
19/10/2013,113,115,110,17,19,44
19/10/2013,115,115,134,18,19,72
19/10/2013,113,115,125,17,19,64
19/10/2013,108,110,126,15,17,65
19/10/2013,120,115,119,20,19,57
19/10/2013,104,118,107,13,20,40
19/10/2013,81,92,90,5,9,23
19/10/2013,118,130,112,19,23,46
19/10/2013,126,124,132,22,22,70
19/10/2013,126,124,136,22,22,73
19/10/2013,113,110,122,17,17,60
19/10/2013,126,121,128,22,21,67
19/10/2013,97,96,101,10,11,34
19/10/2013,120,110,130,20,17,69
19/10/2013,106,101,110,14,13,44
19/10/2013,102,107,108,12,16,41
19/10/2013,118,121,128,19,21,67
19/10/2013,111,107,106,16,16,39
19/10/2013,123,103,116,21,14,51
19/10/2013,97,96,110,10,11,44
19/10/2013,137,121,132,24,21,70
19/10/2013,115,110,103,18,17,36
19/10/2013,123,124,120,21,22,58
19/10/2013,99,94,108,11,10,41
19/10/2013,126,110,122,22,17,61
19/10/2013,88,83,99,7,6,32
19/10/2013,94,115,102,9,19,35
19/10/2013,111,118,110,16,20,44
19/10/2013,111,92,114,16,9,49
19/10/2013,104,86,116,13,7,52
19/10/2013,123,121,119,21,21,56
19/10/2013,126,141,124,22,26,63
19/10/2013,115,110,121,18,17,59
19/10/2013,111,121,114,16,21,49
19/10/2013,137,130,121,24,23,59
19/10/2013,126,121,118,22,21,54
19/10/2013,99,107,103,11,16,36
19/10/2013,94,99,93,9,12,26
19/10/2013,111,113,126,16,18,65
19/10/2013,91,105,98,8,15,31
19/10/2013,99,113,108,11,18,42
19/10/2013,104,107,118,13,16,54
19/10/2013,111,115,116,16,19,52
19/10/2013,102,99,95,12,12,28
19/10/2013,94,110,97,9,17,30
19/10/2013,91,101,109,8,13,43
19/10/2013,104,92,97,13,9,30
19/10/2013,113,130,119,17,23,55
19/10/2013,123,110,126,21,17,66
19/10/2013,97,94,114,10,10,48
19/10/2013,81,110,86,5,17,20
19/10/2013,111,113,111,16,18,45
19/10/2013,104,113,114,13,18,49
19/10/2013,126,130,126,22,23,65
19/10/2013,113,92,101,17,9,34
19/10/2013,132,103,118,23,14,54
19/10/2013,132,136,128,23,24,67
19/10/2013,120,124,124,20,22,63
19/10/2013,104,115,111,13,19,45
19/10/2013,99,121,119,11,21,57
19/10/2013,106,105,119,14,15,57
19/10/2013,113,105,109,17,15,43
19/10/2013,123,105,116,21,15,52
19/10/2013,137,141,130,24,26,69
19/10/2013,126,107,119,22,16,56
19/10/2013,115,101,126,18,13,65
19/10/2013,111,110,109,16,17,43
19/10/2013,126,136,139,22,24,75
19/10/2013,91,89,105,8,8,38
19/10/2013,141,141,141,25,26,76
19/10/2013,115,105,109,18,15,43
19/10/2013,104,83,100,13,6,33
19/10/2013,120,124,123,20,22,62
19/10/2013,123,99,124,21,12,63
19/10/2013,126,113,125,22,18,64
19/10/2013,120,115,125,20,19,64
19/10/2013,126,113,122,22,18,61
19/10/2013,99,101,104,11,13,37
19/10/2013,118,115,119,19,19,56
19/10/2013,123,121,125,21,21,64
19/10/2013,126,136,122,22,24,61
19/10/2013,132,124,126,23,22,65
19/10/2013,106,115,108,14,19,41
19/10/2013,137,124,137,24,22,74
19/10/2013,104,101,99,13,13,32
19/10/2013,108,110,114,15,17,48
19/10/2013,102,110,104,12,17,37
19/10/2013,97,101,100,10,13,33
19/10/2013,91,107,92,8,16,25
19/10/2013,102,99,113,12,12,47
19/10/2013,91,96,93,8,11,26
19/10/2013,85,83,86,6,6,20
19/10/2013,77,101,93,4,13,26
19/10/2013,120,110,122,20,17,60
19/10/2013,132,118,124,23,20,63
19/10/2013,111,115,119,16,19,55
19/10/2013,102,115,108,12,19,41
19/10/2013,102,115,100,12,19,33
19/10/2013,120,121,128,20,21,67
19/10/2013,97,92,114,10,9,48
19/10/2013,99,107,110,11,16,44
19/10/2013,81,94,106,5,10,39
19/10/2013,99,89,95,11,8,28
19/10/2013,97,101,110,10,13,44
19/10/2013,97,80,99,10,5,32
19/10/2013,108,101,108,15,13,41
19/10/2013,126,130,119,22,23,56
19/10/2013,108,110,104,15,17,37
19/10/2013,120,118,116,20,20,51
19/10/2013,94,94,96,9,10,29
19/10/2013,99,96,108,11,11,42
19/10/2013,118,96,116,19,11,52
19/10/2013,108,107,116,15,16,52
19/10/2013,113,115,122,17,19,61
19/10/2013,91,89,95,8,8,28
19/10/2013,91,105,99,8,15,32
19/10/2013,97,99,93,10,12,26
19/10/2013,88,89,91,7,8,24
19/10/2013,126,121,119,22,21,57
19/10/2013,126,130,126,22,23,65
19/10/2013,102,94,106,12,10,39
19/10/2013,73,77,86,3,4,20
19/10/2013,108,86,114,15,7,49
19/10/2013,126,136,130,22,24,69
19/10/2013,94,107,104,9,16,37
19/10/2013,85,103,106,6,14,39
19/10/2013,111,103,107,16,14,40
19/10/2013,94,89,81,9,8,17
19/10/2013,97,110,88,10,17,22
19/10/2013,115,121,119,18,21,56
26/10/2013,97,96,104,10,11,37
26/10/2013,115,115,129,18,19,68
26/10/2013,137,124,139,24,22,75
26/10/2013,118,110,114,19,17,49
26/10/2013,118,124,119,19,22,57
26/10/2013,120,101,106,20,13,39
26/10/2013,111,121,104,16,21,37
26/10/2013,132,136,126,23,24,66
26/10/2013,120,121,108,20,21,41
26/10/2013,126,130,125,22,23,64
26/10/2013,115,118,108,18,20,42
26/10/2013,141,141,139,25,26,75
26/10/2013,108,101,117,15,13,53
26/10/2013,88,77,81,7,4,17
26/10/2013,94,89,88,9,8,22
26/10/2013,141,136,126,25,24,65
26/10/2013,106,89,108,14,8,41
26/10/2013,97,105,101,10,15,34
26/10/2013,108,121,119,15,21,55
26/10/2013,106,121,108,14,21,41
26/10/2013,99,89,95,11,8,28
26/10/2013,120,107,116,20,16,51
26/10/2013,99,107,103,11,16,36
26/10/2013,111,121,119,16,21,55
26/10/2013,99,118,86,11,20,20
26/10/2013,123,118,123,21,20,62
26/10/2013,99,99,110,11,12,44
26/10/2013,108,107,115,15,16,50
26/10/2013,91,96,101,8,11,34
26/10/2013,91,115,107,8,19,40
26/10/2013,111,124,121,16,22,59
26/10/2013,120,124,128,20,22,67
26/10/2013,111,113,114,16,18,49
26/10/2013,118,101,121,19,13,59
26/10/2013,99,96,91,11,11,24
26/10/2013,104,107,104,13,16,37
26/10/2013,111,124,119,16,22,55
26/10/2013,108,94,96,15,10,29
26/10/2013,120,130,119,20,23,55
26/10/2013,113,115,128,17,19,67
26/10/2013,88,92,97,7,9,30
26/10/2013,120,107,128,20,16,67
26/10/2013,106,101,114,14,13,48
26/10/2013,97,94,96,10,10,29
26/10/2013,123,113,126,21,18,65
26/10/2013,108,105,116,15,15,51
26/10/2013,104,99,105,13,12,38
26/10/2013,99,103,114,11,14,49
26/10/2013,91,105,97,8,15,30
26/10/2013,115,107,93,18,16,26
26/10/2013,120,110,114,20,17,49
26/10/2013,123,136,136,21,24,73
26/10/2013,106,110,112,14,17,46
26/10/2013,120,118,129,20,20,68
26/10/2013,123,96,111,21,11,45
26/10/2013,113,103,112,17,14,46
26/10/2013,106,92,92,14,9,25
26/10/2013,111,103,119,16,14,56
26/10/2013,115,107,116,18,16,51
26/10/2013,97,103,95,10,14,28
26/10/2013,108,110,105,15,17,38
26/10/2013,115,107,108,18,16,42
26/10/2013,120,115,125,20,19,64
26/10/2013,102,101,108,12,13,42
26/10/2013,88,107,99,7,16,32
26/10/2013,73,89,98,3,8,31
26/10/2013,94,94,91,9,10,24
26/10/2013,106,103,95,14,14,28
26/10/2013,77,94,100,4,10,33
26/10/2013,104,99,96,13,12,29
26/10/2013,132,124,133,23,22,71
26/10/2013,123,124,122,21,22,61
26/10/2013,104,118,116,13,20,52
26/10/2013,85,115,99,6,19,32
26/10/2013,115,99,103,18,12,36
26/10/2013,115,107,122,18,16,60
26/10/2013,106,136,119,14,24,57
26/10/2013,104,110,116,13,17,51
26/10/2013,106,113,109,14,18,43
26/10/2013,118,130,126,19,23,65
26/10/2013,108,115,109,15,19,43
26/10/2013,99,113,102,11,18,35
26/10/2013,94,80,98,9,5,31
26/10/2013,99,86,95,11,7,28
26/10/2013,123,124,130,21,22,69
26/10/2013,132,130,132,23,23,70
26/10/2013,111,103,117,16,14,53
26/10/2013,104,101,114,13,13,49
26/10/2013,106,107,114,14,16,49
26/10/2013,104,105,95,13,15,28
26/10/2013,111,101,105,16,13,38
26/10/2013,111,101,105,16,13,38
26/10/2013,88,101,99,7,13,32
26/10/2013,102,96,87,12,11,21
26/10/2013,94,89,99,9,8,32
26/10/2013,120,105,126,20,15,65
26/10/2013,104,107,108,13,16,42
26/10/2013,118,110,122,19,17,61
26/10/2013,118,115,120,19,19,58
26/10/2013,108,113,112,15,18,46
26/10/2013,118,113,122,19,18,61
26/10/2013,126,113,129,22,18,68
26/10/2013,137,121,134,24,21,72
26/10/2013,123,113,139,21,18,75
26/10/2013,120,118,120,20,20,58
26/10/2013,108,121,113,15,21,47
26/10/2013,120,113,115,20,18,50
26/10/2013,115,121,119,18,21,57
26/10/2013,113,130,112,17,23,46
26/10/2013,106,113,110,14,18,44
26/10/2013,111,96,115,16,11,50
26/10/2013,99,110,110,11,17,44
26/10/2013,118,115,139,19,19,75
26/10/2013,123,115,123,21,19,62
26/10/2013,94,121,99,9,21,32
26/10/2013,115,105,114,18,15,49
26/10/2013,99,86,88,11,7,22
26/10/2013,108,105,120,15,15,58
26/10/2013,94,99,105,9,12,38
26/10/2013,99,83,92,11,6,25
26/10/2013,123,110,123,21,17,62
26/10/2013,123,118,137,21,20,74
26/10/2013,91,92,95,8,9,28
26/10/2013,111,115,78,16,19,15
26/10/2013,88,89,98,7,8,31
26/10/2013,118,113,102,19,18,35
26/10/2013,123,113,121,21,18,59
26/10/2013,111,92,106,16,9,39
26/10/2013,91,103,90,8,14,23
26/10/2013,137,130,136,24,23,73
26/10/2013,102,105,119,12,15,57
26/10/2013,115,130,122,18,23,61
26/10/2013,123,107,120,21,16,58
26/10/2013,113,130,115,17,23,50
26/10/2013,99,118,110,11,20,44
26/10/2013,85,77,100,6,4,33
26/10/2013,97,96,90,10,11,23
26/10/2013,97,99,93,10,12,26
26/10/2013,94,92,98,9,9,31
26/10/2013,111,96,119,16,11,56
26/10/2013,137,124,132,24,22,70
26/10/2013,94,89,97,9,8,30
26/10/2013,123,124,119,21,22,56
26/10/2013,104,92,91,13,9,24
26/10/2013,132,115,120,23,19,58
26/10/2013,132,121,133,23,21,71
26/10/2013,141,110,123,25,17,62
26/10/2013,137,124,116,24,22,51
26/10/2013,104,105,116,13,15,52
26/10/2013,104,113,119,13,18,56
26/10/2013,104,103,124,13,14,63
26/10/2013,113,124,124,17,22,63
26/10/2013,85,89,81,6,8,17
26/10/2013,120,121,139,20,21,75
26/10/2013,137,130,126,24,23,66
26/10/2013,111,101,117,16,13,53
26/10/2013,137,124,136,24,22,73
26/10/2013,102,103,110,12,14,44
26/10/2013,108,96,96,15,11,29
26/10/2013,106,110,116,14,17,52
26/10/2013,85,92,83,6,9,18
26/10/2013,137,130,128,24,23,67
26/10/2013,97,86,103,10,7,36
26/10/2013,113,103,101,17,14,34
26/10/2013,120,121,119,20,21,56
26/10/2013,115,136,132,18,24,70
26/10/2013,126,124,134,22,22,72
26/10/2013,108,83,112,15,6,46
26/10/2013,91,83,84,8,6,19
26/10/2013,99,99,95,11,12,28
26/10/2013,111,105,119,16,15,57
26/10/2013,115,136,121,18,24,59
26/10/2013,111,118,117,16,20,53
26/10/2013,111,101,109,16,13,43
26/10/2013,123,110,122,21,17,61
26/10/2013,111,115,126,16,19,65
26/10/2013,132,115,137,23,19,74
26/10/2013,94,110,97,9,17,30
26/10/2013,118,118,115,19,20,50
26/10/2013,102,86,109,12,7,43
26/10/2013,106,103,113,14,14,47
26/10/2013,120,105,117,20,15,53
26/10/2013,113,118,113,17,20,47
26/10/2013,88,113,90,7,18,23
26/10/2013,106,118,123,14,20,62
26/10/2013,106,124,114,14,22,49
26/10/2013,113,113,117,17,18,53
26/10/2013,137,113,130,24,18,69
26/10/2013,137,118,132,24,20,70
26/10/2013,97,92,101,10,9,34
26/10/2013,137,136,137,24,24,74
26/10/2013,141,130,141,25,23,77
26/10/2013,91,94,103,8,10,36
26/10/2013,120,121,114,20,21,49
26/10/2013,123,124,119,21,22,56
26/10/2013,104,99,111,13,12,45
26/10/2013,113,118,113,17,20,47
26/10/2013,94,83,91,9,6,24
26/10/2013,108,115,105,15,19,38
26/10/2013,126,121,129,22,21,68
26/10/2013,99,94,119,11,10,56
26/10/2013,111,94,122,16,10,60
26/10/2013,81,89,94,5,8,27
26/10/2013,99,92,88,11,9,22
26/10/2013,120,136,124,20,24,63
26/10/2013,106,105,108,14,15,41
26/10/2013,94,92,99,9,9,32
26/10/2013,104,105,102,13,15,35
26/10/2013,104,107,114,13,16,48
26/10/2013,120,124,117,20,22,53
26/10/2013,118,115,106,19,19,39
26/10/2013,88,96,104,7,11,37
26/10/2013,104,105,114,13,15,49
26/10/2013,97,105,118,10,15,54
26/10/2013,120,121,126,20,21,65
26/10/2013,102,94,93,12,10,26
26/10/2013,94,89,92,9,8,25
26/10/2013,102,107,111,12,16,45
26/10/2013,113,96,112,17,11,46
26/10/2013,102,115,119,12,19,56
26/10/2013,123,115,128,21,19,67
26/10/2013,111,113,125,16,18,64
26/10/2013,97,96,98,10,11,31
26/10/2013,113,99,108,17,12,41
26/10/2013,115,113,116,18,18,52
26/10/2013,120,136,126,20,24,65
26/10/2013,99,118,102,11,20,35
26/10/2013,106,113,122,14,18,61
26/10/2013,106,107,102,14,16,35
26/10/2013,118,101,126,19,13,65
26/10/2013,120,118,125,20,20,64
26/10/2013,132,115,141,23,19,76
26/10/2013,132,130,130,23,23,69
26/10/2013,132,121,132,23,21,70
26/10/2013,104,107,86,13,16,20
26/10/2013,106,107,104,14,16,37
26/10/2013,106,113,114,14,18,49
26/10/2013,108,105,97,15,15,30
26/10/2013,108,110,128,15,17,67
26/10/2013,102,103,101,12,14,34
26/10/2013,113,105,112,17,15,46
26/10/2013,120,124,122,20,22,60
26/10/2013,108,115,121,15,19,59
26/10/2013,113,113,116,17,18,52
26/10/2013,94,96,94,9,11,27
26/10/2013,73,83,91,3,6,24
26/10/2013,123,113,124,21,18,63
26/10/2013,115,124,126,18,22,65
26/10/2013,102,89,91,12,8,24
26/10/2013,123,121,129,21,21,68
26/10/2013,97,94,102,10,10,35
26/10/2013,94,80,86,9,5,20
26/10/2013,88,96,104,7,11,37
26/10/2013,118,96,110,19,11,44
26/10/2013,97,94,102,10,10,35
26/10/2013,111,105,126,16,15,66
26/10/2013,97,103,108,10,14,41
26/10/2013,120,110,123,20,17,62
26/10/2013,120,121,126,20,21,66
26/10/2013,97,99,97,10,12,30
26/10/2013,123,113,117,21,18,53
26/10/2013,108,124,118,15,22,54
26/10/2013,113,118,114,17,20,49
26/10/2013,132,121,126,23,21,66
26/10/2013,132,118,130,23,20,69
26/10/2013,102,118,119,12,20,57
26/10/2013,73,96,96,3,11,29
26/10/2013,137,136,128,24,24,67
26/10/2013,120,118,133,20,20,71
26/10/2013,118,118,122,19,20,60
26/10/2013,91,105,104,8,15,37
26/10/2013,120,130,125,20,23,64
26/10/2013,118,107,113,19,16,47
26/10/2013,106,105,97,14,15,30
26/10/2013,132,141,125,23,26,64
26/10/2013,132,113,129,23,18,68
26/10/2013,120,124,123,20,22,62
26/10/2013,126,115,119,22,19,56
26/10/2013,99,86,108,11,7,41
26/10/2013,94,101,92,9,13,25
26/10/2013,118,121,120,19,21,58
26/10/2013,137,118,129,24,20,68
26/10/2013,85,80,97,6,5,30
26/10/2013,97,77,92,10,4,25
26/10/2013,132,136,139,23,24,75
26/10/2013,126,124,115,22,22,50
26/10/2013,104,96,93,13,11,26
26/10/2013,102,110,108,12,17,41
26/10/2013,108,94,109,15,10,43
26/10/2013,120,107,118,20,16,54
26/10/2013,115,124,120,18,22,58
26/10/2013,111,96,116,16,11,52
26/10/2013,115,107,126,18,16,65
26/10/2013,108,113,105,15,18,38
26/10/2013,123,107,122,21,16,61
26/10/2013,115,103,119,18,14,57
26/10/2013,104,103,90,13,14,23
26/10/2013,118,110,121,19,17,59
26/10/2013,113,107,105,17,16,38
26/10/2013,118,115,120,19,19,58
26/10/2013,97,103,103,10,14,36
26/10/2013,120,141,113,20,25,47
26/10/2013,104,96,111,13,11,45
26/10/2013,113,113,126,17,18,66
26/10/2013,97,92,100,10,9,33
26/10/2013,102,121,108,12,21,42
26/10/2013,88,86,91,7,7,24
26/10/2013,118,136,136,19,24,73
26/10/2013,126,103,129,22,14,68
26/10/2013,91,99,87,8,12,21
26/10/2013,94,94,92,9,10,25
26/10/2013,99,101,101,11,13,34
26/10/2013,123,124,123,21,22,62
26/10/2013,104,110,95,13,17,28
26/10/2013,118,115,116,19,19,52
26/10/2013,85,105,78,6,15,15
26/10/2013,94,92,96,9,9,29
02/11/2013,115,118,119,18,20,57
02/11/2013,115,83,92,18,6,25
02/11/2013,126,141,120,22,26,58
02/11/2013,108,105,118,15,15,54
02/11/2013,126,99,103,22,12,36
02/11/2013,118,115,124,19,19,63
02/11/2013,132,113,134,23,18,72
02/11/2013,94,103,109,9,14,43
02/11/2013,123,136,126,21,24,66
02/11/2013,123,118,124,21,20,63
02/11/2013,108,103,128,15,14,67
02/11/2013,94,105,104,9,15,37
02/11/2013,132,136,136,23,24,73
02/11/2013,102,118,113,12,20,47
02/11/2013,113,130,114,17,23,48
02/11/2013,118,110,136,19,17,73
02/11/2013,115,118,129,18,20,68
02/11/2013,115,121,123,18,21,62
02/11/2013,99,101,94,11,13,27
02/11/2013,132,115,116,23,19,52
02/11/2013,132,115,119,23,19,55
02/11/2013,120,121,116,20,21,52
02/11/2013,73,80,87,3,5,21
02/11/2013,108,118,121,15,20,59
02/11/2013,94,96,86,9,11,20
02/11/2013,99,107,114,11,16,49
02/11/2013,137,141,132,24,26,70
02/11/2013,118,103,103,19,14,36
02/11/2013,118,124,108,19,22,42
02/11/2013,104,113,107,13,18,40
02/11/2013,102,101,92,12,13,25
02/11/2013,113,110,114,17,17,49
02/11/2013,106,96,119,14,11,56
02/11/2013,108,105,120,15,15,58
02/11/2013,104,107,110,13,16,44
02/11/2013,108,103,100,15,14,33
02/11/2013,88,99,119,7,12,55
02/11/2013,77,70,83,4,2,18
02/11/2013,106,96,107,14,11,40
02/11/2013,113,107,114,17,16,49
02/11/2013,120,110,115,20,17,50
02/11/2013,94,89,100,9,8,33
02/11/2013,113,113,126,17,18,65
02/11/2013,108,113,117,15,18,53
02/11/2013,102,99,95,12,12,28
02/11/2013,99,118,113,11,20,47
02/11/2013,88,99,99,7,12,32
02/11/2013,120,105,126,20,15,65
02/11/2013,106,94,102,14,10,35
02/11/2013,99,92,90,11,9,23
02/11/2013,123,118,119,21,20,56
02/11/2013,88,99,103,7,12,36
02/11/2013,108,103,103,15,14,36
02/11/2013,126,124,123,22,22,62
02/11/2013,118,103,121,19,14,59
02/11/2013,137,115,125,24,19,64
02/11/2013,108,110,119,15,17,57
02/11/2013,91,96,107,8,11,40
02/11/2013,104,99,106,13,12,39
02/11/2013,120,121,134,20,21,72
02/11/2013,99,105,115,11,15,50
02/11/2013,113,80,101,17,5,34
02/11/2013,120,103,119,20,14,55
02/11/2013,97,103,95,10,14,28
02/11/2013,123,118,123,21,20,62
02/11/2013,123,130,124,21,23,63
02/11/2013,120,107,125,20,16,64
02/11/2013,99,86,84,11,7,19
02/11/2013,120,124,123,20,22,62
02/11/2013,141,136,141,25,24,77
02/11/2013,69,77,98,2,4,31
02/11/2013,97,94,106,10,10,39
02/11/2013,97,92,92,10,9,25
02/11/2013,108,103,114,15,14,49
02/11/2013,108,115,115,15,19,50
02/11/2013,85,83,97,6,6,30
02/11/2013,108,105,101,15,15,34
02/11/2013,91,105,108,8,15,42
02/11/2013,104,99,114,13,12,48
02/11/2013,102,94,111,12,10,45
02/11/2013,111,89,105,16,8,38
02/11/2013,108,110,108,15,17,42
02/11/2013,102,83,97,12,6,30
02/11/2013,91,92,105,8,9,38
02/11/2013,91,99,97,8,12,30
02/11/2013,104,86,92,13,7,25
02/11/2013,99,107,108,11,16,42
02/11/2013,132,124,126,23,22,65
02/11/2013,69,73,80,1,3,16
02/11/2013,118,115,128,19,19,67
02/11/2013,97,113,111,10,18,45
02/11/2013,97,94,83,10,10,18
02/11/2013,104,107,105,13,16,38
02/11/2013,111,103,121,16,14,59
02/11/2013,120,136,129,20,24,68
02/11/2013,106,89,102,14,8,35
02/11/2013,118,113,114,19,18,49
02/11/2013,108,105,114,15,15,49
02/11/2013,113,110,124,17,17,63
02/11/2013,118,107,104,19,16,37
02/11/2013,115,115,132,18,19,70
02/11/2013,102,110,104,12,17,37
02/11/2013,104,118,115,13,20,50
02/11/2013,102,101,106,12,13,39
02/11/2013,111,121,119,16,21,57
02/11/2013,137,115,124,24,19,63
02/11/2013,97,103,92,10,14,25
02/11/2013,120,124,126,20,22,66
02/11/2013,111,115,122,16,19,61
02/11/2013,102,121,113,12,21,47
02/11/2013,91,105,111,8,15,45
02/11/2013,113,115,122,17,19,60
02/11/2013,137,121,136,24,21,73
02/11/2013,102,107,116,12,16,52
02/11/2013,118,124,133,19,22,71
02/11/2013,111,107,121,16,16,59
02/11/2013,106,101,108,14,13,41
02/11/2013,118,118,119,19,20,57
02/11/2013,137,141,125,24,25,64
02/11/2013,115,101,104,18,13,37
02/11/2013,115,105,121,18,15,59
02/11/2013,123,103,129,21,14,68
02/11/2013,126,121,137,22,21,74
02/11/2013,132,124,119,23,22,55
02/11/2013,102,89,113,12,8,47
02/11/2013,132,130,139,23,23,75
02/11/2013,115,115,103,18,19,36
02/11/2013,113,121,123,17,21,62
02/11/2013,132,118,139,23,20,75
02/11/2013,94,96,90,9,11,23
02/11/2013,108,107,108,15,16,42
02/11/2013,115,124,114,18,22,49
02/11/2013,113,103,124,17,14,63
02/11/2013,97,94,98,10,10,31
02/11/2013,69,86,84,1,7,19
02/11/2013,85,136,113,6,24,47
02/11/2013,85,80,87,6,5,21
02/11/2013,94,110,92,9,17,25
02/11/2013,137,121,126,24,21,66
02/11/2013,120,107,123,20,16,62
02/11/2013,120,118,119,20,20,56
02/11/2013,97,89,98,10,8,31
02/11/2013,113,115,113,17,19,47
02/11/2013,118,107,110,19,16,44
02/11/2013,118,124,122,19,22,60
02/11/2013,120,118,123,20,20,62
02/11/2013,106,103,104,14,14,37
02/11/2013,91,94,94,8,10,27
02/11/2013,106,105,107,14,15,40
02/11/2013,104,124,107,13,22,40
02/11/2013,104,101,105,13,13,38
02/11/2013,97,118,104,10,20,37
02/11/2013,118,103,122,19,14,61
02/11/2013,111,99,116,16,12,51
02/11/2013,113,105,114,17,15,48
02/11/2013,106,115,109,14,19,43
02/11/2013,104,115,117,13,19,53
02/11/2013,115,103,110,18,14,44
02/11/2013,94,89,92,9,8,25
02/11/2013,123,130,139,21,23,75
02/11/2013,94,99,91,9,12,24
02/11/2013,106,124,120,14,22,58
02/11/2013,113,107,119,17,16,57
02/11/2013,113,99,112,17,12,46
02/11/2013,111,124,110,16,22,44
02/11/2013,85,103,94,6,14,27
02/11/2013,85,107,98,6,16,31
02/11/2013,115,130,128,18,23,67
02/11/2013,91,110,106,8,17,39
02/11/2013,108,96,108,15,11,41
02/11/2013,77,92,71,4,9,12
02/11/2013,111,105,108,16,15,42
02/11/2013,118,99,103,19,12,36
02/11/2013,120,107,119,20,16,55
02/11/2013,102,103,103,12,14,36
02/11/2013,123,121,139,21,21,75
02/11/2013,97,101,105,10,13,38
02/11/2013,126,124,126,22,22,66
02/11/2013,104,110,115,13,17,50
02/11/2013,106,110,119,14,17,56
02/11/2013,111,115,108,16,19,42
02/11/2013,126,99,113,22,12,47
02/11/2013,123,115,119,21,19,55
02/11/2013,97,105,107,10,15,40
02/11/2013,108,105,112,15,15,46
02/11/2013,111,118,115,16,20,50
02/11/2013,94,89,90,9,8,23
02/11/2013,85,99,101,6,12,34
02/11/2013,99,107,117,11,16,53
02/11/2013,94,101,110,9,13,44
02/11/2013,132,115,130,23,19,69
02/11/2013,106,105,126,14,15,65
02/11/2013,115,103,119,18,14,56
02/11/2013,118,101,123,19,13,62
02/11/2013,104,103,115,13,14,50
02/11/2013,106,130,122,14,23,60
02/11/2013,113,103,119,17,14,57
02/11/2013,94,110,101,9,17,34
02/11/2013,111,124,116,16,22,51
02/11/2013,91,89,96,8,8,29
02/11/2013,104,105,111,13,15,45
02/11/2013,102,118,117,12,20,53
02/11/2013,94,96,93,9,11,26
02/11/2013,120,118,104,20,20,37
02/11/2013,106,96,95,14,11,28
02/11/2013,108,96,100,15,11,33
02/11/2013,126,121,115,22,21,50
02/11/2013,115,103,117,18,14,53
02/11/2013,113,113,116,17,18,51
02/11/2013,118,121,114,19,21,49
02/11/2013,113,103,120,17,14,58
02/11/2013,102,73,101,12,3,34
02/11/2013,106,96,101,14,11,34
02/11/2013,91,113,110,8,18,44
02/11/2013,120,121,129,20,21,68
02/11/2013,115,121,123,18,21,62
02/11/2013,104,103,104,13,14,37
02/11/2013,115,107,117,18,16,53
02/11/2013,123,130,134,21,23,72
02/11/2013,118,113,134,19,18,72
02/11/2013,91,101,95,8,13,28
02/11/2013,126,130,132,22,23,70
02/11/2013,104,107,113,13,16,47
02/11/2013,120,121,124,20,21,63
02/11/2013,99,110,108,11,17,42
02/11/2013,115,83,109,18,6,43
02/11/2013,81,86,108,5,7,42
02/11/2013,102,110,105,12,17,38
02/11/2013,123,136,129,21,24,68
02/11/2013,113,105,124,17,15,63
02/11/2013,132,118,129,23,20,68
02/11/2013,108,107,108,15,16,41
02/11/2013,99,101,88,11,13,22
02/11/2013,97,89,91,10,8,24
02/11/2013,81,86,86,5,7,20
02/11/2013,123,130,134,21,23,72
02/11/2013,88,94,95,7,10,28
02/11/2013,81,86,104,5,7,37
02/11/2013,88,83,95,7,6,28
02/11/2013,104,94,108,13,10,42
02/11/2013,106,118,120,14,20,58
02/11/2013,99,99,108,11,12,42
02/11/2013,115,121,122,18,21,61
02/11/2013,81,89,99,5,8,32
02/11/2013,104,92,117,13,9,53
02/11/2013,115,124,123,18,22,62
02/11/2013,106,107,105,14,16,38
02/11/2013,88,94,98,7,10,31
02/11/2013,118,110,107,19,17,40
02/11/2013,91,89,96,8,8,29
02/11/2013,73,115,95,3,19,28
02/11/2013,97,92,117,10,9,53
02/11/2013,97,94,108,10,10,41
02/11/2013,104,105,103,13,15,36
02/11/2013,102,115,111,12,19,45
02/11/2013,104,92,110,13,9,44
02/11/2013,94,103,98,9,14,31
02/11/2013,118,105,116,19,15,51
02/11/2013,120,113,124,20,18,63
02/11/2013,132,124,133,23,22,71
02/11/2013,123,121,122,21,21,61
02/11/2013,126,141,141,22,26,79
02/11/2013,115,99,121,18,12,59
02/11/2013,115,121,123,18,21,62
02/11/2013,120,124,133,20,22,71
02/11/2013,120,130,128,20,23,67
02/11/2013,123,118,130,21,20,69
02/11/2013,106,94,107,14,10,40
02/11/2013,126,121,126,22,21,66
02/11/2013,91,83,94,8,6,27
02/11/2013,132,115,123,23,19,62
02/11/2013,97,89,97,10,8,30
02/11/2013,113,103,126,17,14,66
02/11/2013,111,110,119,16,17,56
02/11/2013,97,99,108,10,12,41
02/11/2013,111,94,111,16,10,45
02/11/2013,118,130,119,19,23,55
02/11/2013,120,118,116,20,20,52
02/11/2013,91,86,116,8,7,52
02/11/2013,97,115,108,10,19,41
02/11/2013,132,136,130,23,24,69
02/11/2013,88,96,109,7,11,43
02/11/2013,108,113,118,15,18,54
02/11/2013,97,101,106,10,13,39
02/11/2013,97,103,96,10,14,29
02/11/2013,126,124,133,22,22,71
02/11/2013,118,110,108,19,17,42
02/11/2013,111,130,126,16,23,65
02/11/2013,111,141,116,16,25,52
02/11/2013,91,89,95,8,8,28
02/11/2013,85,96,97,6,11,30
02/11/2013,81,110,97,5,17,30
02/11/2013,106,107,104,14,16,37
02/11/2013,113,110,125,17,17,64
02/11/2013,102,92,103,12,9,36
02/11/2013,106,103,113,14,14,47
02/11/2013,99,121,105,11,21,38
02/11/2013,77,92,78,4,9,15
02/11/2013,91,92,97,8,9,30
02/11/2013,120,115,136,20,19,73
02/11/2013,85,110,84,6,17,19
02/11/2013,77,86,91,4,7,24
02/11/2013,106,130,116,14,23,51
02/11/2013,108,99,109,15,12,43
02/11/2013,118,113,122,19,18,60
02/11/2013,118,113,126,19,18,66
02/11/2013,126,141,141,22,25,78
02/11/2013,137,124,121,24,22,59
02/11/2013,111,89,120,16,8,58
02/11/2013,126,124,134,22,22,72
02/11/2013,132,115,134,23,19,72
02/11/2013,141,136,129,25,24,68
02/11/2013,111,118,117,16,20,53
02/11/2013,120,121,109,20,21,43
02/11/2013,123,121,119,21,21,56
02/11/2013,115,105,126,18,15,65
02/11/2013,118,115,107,19,19,40
02/11/2013,126,121,128,22,21,67
02/11/2013,126,118,109,22,20,43
02/11/2013,118,115,122,19,19,61
02/11/2013,115,103,104,18,14,37
02/11/2013,99,121,104,11,21,37
02/11/2013,94,94,96,9,10,29
02/11/2013,132,115,123,23,19,62
02/11/2013,118,124,128,19,22,67
02/11/2013,97,99,92,10,12,25
02/11/2013,108,110,118,15,17,54
02/11/2013,102,107,102,12,16,35
02/11/2013,97,107,88,10,16,22
02/11/2013,115,118,119,18,20,55
02/11/2013,97,124,107,10,22,40
02/11/2013,126,115,103,22,19,36
02/11/2013,106,113,113,14,18,47
02/11/2013,108,103,105,15,14,38
02/11/2013,91,80,98,8,5,31
02/11/2013,104,92,103,13,9,36
02/11/2013,102,115,101,12,19,34
02/11/2013,106,105,110,14,15,44
02/11/2013,108,96,106,15,11,39
02/11/2013,111,124,125,16,22,64
02/11/2013,88,80,97,7,5,30
02/11/2013,108,105,119,15,15,56
02/11/2013,77,105,114,4,15,48
02/11/2013,102,94,104,12,10,37
02/11/2013,111,99,116,16,12,51
02/11/2013,113,121,116,17,21,51
02/11/2013,123,115,122,21,19,61
02/11/2013,115,101,112,18,13,46
02/11/2013,99,83,104,11,6,37
02/11/2013,104,105,119,13,15,57
02/11/2013,85,92,90,6,9,23
02/11/2013,132,136,133,23,24,71
09/11/2013,104,92,95,13,9,28
09/11/2013,118,110,121,19,17,59
09/11/2013,111,92,112,16,9,46
09/11/2013,115,118,113,18,20,47
09/11/2013,106,99,108,14,12,42
09/11/2013,141,124,134,25,22,72
09/11/2013,141,141,141,25,25,77
09/11/2013,113,107,116,17,16,51
09/11/2013,123,105,114,21,15,49
09/11/2013,108,96,113,15,11,47
09/11/2013,99,89,87,11,8,21
09/11/2013,99,107,107,11,16,40
09/11/2013,99,96,97,11,11,30
09/11/2013,126,136,141,22,24,76
09/11/2013,99,105,109,11,15,43
09/11/2013,126,118,124,22,20,63
09/11/2013,106,99,115,14,12,50
09/11/2013,108,115,117,15,19,53
09/11/2013,108,121,116,15,21,52
09/11/2013,88,105,104,7,15,37
09/11/2013,102,103,94,12,14,27
09/11/2013,97,113,116,10,18,52
09/11/2013,99,107,113,11,16,47
09/11/2013,102,110,108,12,17,42
09/11/2013,118,110,119,19,17,57
09/11/2013,97,101,105,10,13,38
09/11/2013,111,107,114,16,16,48
09/11/2013,111,110,115,16,17,50
09/11/2013,85,96,99,6,11,32
09/11/2013,106,118,120,14,20,58
09/11/2013,123,105,124,21,15,63
09/11/2013,113,115,116,17,19,52
09/11/2013,104,105,100,13,15,33
09/11/2013,97,105,103,10,15,36
09/11/2013,104,105,116,13,15,51
09/11/2013,120,115,116,20,19,51
09/11/2013,115,121,114,18,21,49
09/11/2013,120,121,123,20,21,62
09/11/2013,123,130,122,21,23,60
09/11/2013,97,96,94,10,11,27
09/11/2013,118,110,119,19,17,57
09/11/2013,81,86,81,5,7,17
09/11/2013,73,69,78,3,1,15
09/11/2013,137,124,130,24,22,69
09/11/2013,81,77,88,5,4,22
09/11/2013,126,110,126,22,17,65
09/11/2013,115,121,129,18,21,68
09/11/2013,118,124,122,19,22,60
09/11/2013,123,121,126,21,21,66
09/11/2013,120,130,117,20,23,53
09/11/2013,102,94,108,12,10,41
09/11/2013,118,124,116,19,22,52
09/11/2013,102,96,99,12,11,32
09/11/2013,123,105,123,21,15,62
09/11/2013,104,141,113,13,25,47
09/11/2013,123,130,129,21,23,68
09/11/2013,118,124,130,19,22,69
09/11/2013,106,115,114,14,19,49
09/11/2013,120,121,124,20,21,63
09/11/2013,132,96,124,23,11,63
09/11/2013,123,113,111,21,18,45
09/11/2013,118,124,114,19,22,48
09/11/2013,118,121,124,19,21,63
09/11/2013,118,115,125,19,19,64
09/11/2013,115,136,128,18,24,67
09/11/2013,137,136,134,24,24,72
09/11/2013,111,83,105,16,6,38
09/11/2013,85,77,84,6,4,19
09/11/2013,88,73,92,7,3,25
09/11/2013,102,96,119,12,11,57
09/11/2013,120,113,105,20,18,38
09/11/2013,123,110,117,21,17,53
09/11/2013,118,115,129,19,19,68
09/11/2013,113,136,122,17,24,61
09/11/2013,111,101,97,16,13,30
09/11/2013,115,130,116,18,23,52
09/11/2013,106,105,112,14,15,46
09/11/2013,91,110,104,8,17,37
09/11/2013,81,94,78,5,10,15
09/11/2013,118,130,126,19,23,65
09/11/2013,102,101,108,12,13,42
09/11/2013,113,124,116,17,22,51
09/11/2013,85,86,84,6,7,19
09/11/2013,106,92,108,14,9,42
09/11/2013,108,136,118,15,24,54
09/11/2013,102,99,101,12,12,34
09/11/2013,123,96,114,21,11,48
09/11/2013,91,110,119,8,17,55
09/11/2013,99,94,108,11,10,42
09/11/2013,99,113,113,11,18,47
09/11/2013,111,124,111,16,22,45
09/11/2013,85,99,99,6,12,32
09/11/2013,77,92,98,4,9,31
09/11/2013,115,86,98,18,7,31
09/11/2013,113,101,119,17,13,55
09/11/2013,115,105,114,18,15,49
09/11/2013,102,105,94,12,15,27
09/11/2013,106,101,94,14,13,27
09/11/2013,94,94,88,9,10,22
09/11/2013,97,103,103,10,14,36
09/11/2013,88,80,88,7,5,22
09/11/2013,132,118,136,23,20,73
09/11/2013,111,113,112,16,18,46
09/11/2013,94,94,108,9,10,41
09/11/2013,113,124,114,17,22,48
09/11/2013,113,110,122,17,17,60
09/11/2013,91,96,95,8,11,28
09/11/2013,126,110,126,22,17,65
09/11/2013,113,130,130,17,23,69
09/11/2013,126,124,124,22,22,63
09/11/2013,115,105,122,18,15,60
09/11/2013,99,99,102,11,12,35
09/11/2013,126,118,126,22,20,66
09/11/2013,115,121,133,18,21,71
09/11/2013,115,105,123,18,15,62
09/11/2013,137,130,124,24,23,63
09/11/2013,126,121,141,22,21,76
09/11/2013,141,130,133,25,23,71
09/11/2013,115,103,118,18,14,54
09/11/2013,132,124,126,23,22,66
09/11/2013,120,105,123,20,15,62
09/11/2013,113,103,121,17,14,59
09/11/2013,120,130,126,20,23,66
09/11/2013,113,92,116,17,9,52
09/11/2013,113,96,117,17,11,53
09/11/2013,118,113,122,19,18,60
09/11/2013,104,110,108,13,17,42
09/11/2013,91,113,90,8,18,23
09/11/2013,102,124,119,12,22,56
09/11/2013,115,115,114,18,19,48
09/11/2013,97,94,97,10,10,30
09/11/2013,108,105,116,15,15,52
09/11/2013,123,101,120,21,13,58
09/11/2013,132,124,136,23,22,73
09/11/2013,91,92,88,8,9,22
09/11/2013,104,105,119,13,15,56
09/11/2013,102,107,103,12,16,36
09/11/2013,120,110,128,20,17,67
09/11/2013,132,118,122,23,20,61
09/11/2013,99,115,116,11,19,52
09/11/2013,108,110,118,15,17,54
09/11/2013,104,99,105,13,12,38
09/11/2013,97,110,109,10,17,43
09/11/2013,141,118,126,25,20,65
09/11/2013,85,99,97,6,12,30
09/11/2013,97,103,116,10,14,52
09/11/2013,94,86,84,9,7,19
09/11/2013,111,113,118,16,18,54
09/11/2013,81,86,80,5,7,16
09/11/2013,97,103,106,10,14,39
09/11/2013,111,115,119,16,19,57
09/11/2013,108,115,107,15,19,40
09/11/2013,111,110,116,16,17,52
09/11/2013,137,124,136,24,22,73
09/11/2013,137,136,141,24,24,78
09/11/2013,137,130,137,24,23,74
09/11/2013,106,107,114,14,16,48
09/11/2013,137,124,139,24,22,75
09/11/2013,137,115,126,24,19,65
09/11/2013,118,118,108,19,20,42
09/11/2013,111,115,115,16,19,50
09/11/2013,106,96,107,14,11,40
09/11/2013,113,113,114,17,18,49
09/11/2013,88,69,73,7,1,13
09/11/2013,97,101,111,10,13,45
09/11/2013,111,103,108,16,14,41
09/11/2013,104,105,115,13,15,50
09/11/2013,108,141,117,15,25,53
09/11/2013,99,89,119,11,8,56
09/11/2013,111,113,117,16,18,53
09/11/2013,94,115,104,9,19,37
09/11/2013,126,124,124,22,22,63
09/11/2013,77,80,69,4,5,11
09/11/2013,104,101,94,13,13,27
09/11/2013,118,121,132,19,21,70
09/11/2013,123,118,121,21,20,59
09/11/2013,118,107,113,19,16,47
09/11/2013,120,136,141,20,24,76
09/11/2013,113,110,119,17,17,56
09/11/2013,113,115,119,17,19,55
09/11/2013,99,113,117,11,18,53
09/11/2013,123,115,126,21,19,65
09/11/2013,106,105,116,14,15,52
09/11/2013,111,110,113,16,17,47
09/11/2013,94,113,103,9,18,36
09/11/2013,106,136,119,14,24,55
09/11/2013,111,121,125,16,21,64
09/11/2013,102,103,113,12,14,47
09/11/2013,120,110,129,20,17,68
09/11/2013,106,107,105,14,16,38
09/11/2013,115,105,108,18,15,41
09/11/2013,123,113,130,21,18,69
09/11/2013,120,124,137,20,22,74
09/11/2013,123,118,117,21,20,53
09/11/2013,108,107,115,15,16,50
09/11/2013,106,107,112,14,16,46
09/11/2013,126,124,130,22,22,69
09/11/2013,120,130,132,20,23,70
09/11/2013,97,105,110,10,15,44
09/11/2013,81,86,91,5,7,24
09/11/2013,118,115,115,19,19,50
09/11/2013,99,103,107,11,14,40
09/11/2013,88,115,107,7,19,40
09/11/2013,115,121,130,18,21,69
09/11/2013,123,121,132,21,21,70
09/11/2013,132,130,122,23,23,61
09/11/2013,137,141,122,24,25,60
09/11/2013,106,113,107,14,18,40
09/11/2013,115,115,122,18,19,61
09/11/2013,123,103,128,21,14,67
09/11/2013,111,107,118,16,16,54
09/11/2013,102,99,100,12,12,33
09/11/2013,120,107,108,20,16,41
09/11/2013,123,124,128,21,22,67
09/11/2013,111,110,111,16,17,45
09/11/2013,120,107,123,20,16,62
09/11/2013,81,92,83,5,9,18
09/11/2013,91,73,86,8,3,20
09/11/2013,85,94,94,6,10,27
09/11/2013,111,118,114,16,20,48
09/11/2013,97,101,110,10,13,44
09/11/2013,108,124,118,15,22,54
09/11/2013,94,94,109,9,10,43
09/11/2013,132,118,125,23,20,64
09/11/2013,113,103,119,17,14,57
09/11/2013,108,115,119,15,19,57
09/11/2013,108,110,121,15,17,59
09/11/2013,94,110,95,9,17,28
09/11/2013,113,130,114,17,23,48
09/11/2013,118,124,119,19,22,55
09/11/2013,106,103,110,14,14,44
09/11/2013,104,103,107,13,14,40
09/11/2013,118,113,125,19,18,64
09/11/2013,137,130,134,24,23,72
09/11/2013,111,103,111,16,14,45
09/11/2013,120,118,123,20,20,62
09/11/2013,126,136,132,22,24,70
09/11/2013,123,115,126,21,19,65
09/11/2013,99,113,114,11,18,49
09/11/2013,111,103,108,16,14,42
09/11/2013,132,141,139,23,25,75
09/11/2013,115,105,110,18,15,44
09/11/2013,111,94,114,16,10,49
09/11/2013,111,113,123,16,18,62
09/11/2013,97,80,91,10,5,24
09/11/2013,106,103,105,14,14,38
09/11/2013,108,94,104,15,10,37
09/11/2013,97,94,100,10,10,33
09/11/2013,94,99,107,9,12,40
09/11/2013,97,99,98,10,12,31
09/11/2013,99,103,122,11,14,61
09/11/2013,102,115,103,12,19,36
09/11/2013,97,105,106,10,15,39
09/11/2013,81,73,69,5,3,11
09/11/2013,108,118,119,15,20,56
09/11/2013,106,124,114,14,22,49
09/11/2013,111,103,109,16,14,43
09/11/2013,115,124,102,18,22,35
09/11/2013,123,124,130,21,22,69
09/11/2013,91,92,101,8,9,34
09/11/2013,91,118,119,8,20,56
09/11/2013,120,118,122,20,20,60
09/11/2013,123,115,122,21,19,60
09/11/2013,132,115,118,23,19,54
09/11/2013,97,96,105,10,11,38
09/11/2013,115,110,128,18,17,67
09/11/2013,118,101,112,19,13,46
09/11/2013,123,124,123,21,22,62
09/11/2013,104,113,116,13,18,52
09/11/2013,123,136,136,21,24,73
09/11/2013,106,124,121,14,22,59
09/11/2013,115,115,129,18,19,68
09/11/2013,97,113,103,10,18,36
09/11/2013,132,96,117,23,11,53
09/11/2013,99,103,80,11,14,16
09/11/2013,81,83,84,5,6,19
09/11/2013,126,141,141,22,25,76
09/11/2013,132,121,126,23,21,66
09/11/2013,132,130,141,23,23,76
09/11/2013,106,110,117,14,17,53
09/11/2013,108,110,122,15,17,60
09/11/2013,137,141,134,24,26,72
09/11/2013,115,115,117,18,19,53
09/11/2013,108,113,113,15,18,47
09/11/2013,118,118,114,19,20,48
09/11/2013,118,141,124,19,26,63
09/11/2013,132,141,130,23,25,69
09/11/2013,106,110,119,14,17,55
09/11/2013,77,73,91,4,3,24
09/11/2013,81,77,87,5,4,21
09/11/2013,104,92,88,13,9,22
09/11/2013,106,101,101,14,13,34
09/11/2013,102,89,108,12,8,41
09/11/2013,81,110,98,5,17,31
09/11/2013,99,101,102,11,13,35
09/11/2013,104,113,104,13,18,37
09/11/2013,115,136,123,18,24,62
09/11/2013,94,94,91,9,10,24
09/11/2013,111,107,116,16,16,51
09/11/2013,99,99,98,11,12,31
09/11/2013,99,124,108,11,22,42
09/11/2013,99,107,104,11,16,37
09/11/2013,118,124,115,19,22,50
09/11/2013,108,107,119,15,16,57
09/11/2013,99,107,116,11,16,52
09/11/2013,126,130,137,22,23,74
09/11/2013,91,105,100,8,15,33
09/11/2013,108,115,104,15,19,37
09/11/2013,99,92,119,11,9,55
09/11/2013,102,110,112,12,17,46
09/11/2013,99,80,98,11,5,31
09/11/2013,113,105,119,17,15,57
09/11/2013,104,73,108,13,3,42
09/11/2013,94,92,88,9,9,22
09/11/2013,104,99,119,13,12,56
09/11/2013,104,115,116,13,19,52
09/11/2013,108,99,122,15,12,61
09/11/2013,115,101,121,18,13,59
09/11/2013,106,110,121,14,17,59
09/11/2013,106,107,112,14,16,46
09/11/2013,123,118,125,21,20,64
16/11/2013,118,130,124,19,23,63
16/11/2013,123,113,119,21,18,57
16/11/2013,123,130,126,21,23,65
16/11/2013,132,141,141,23,25,76
16/11/2013,126,124,132,22,22,70
16/11/2013,111,118,123,16,20,62
16/11/2013,115,118,110,18,20,44
16/11/2013,120,130,133,20,23,71
16/11/2013,113,118,141,17,20,78
16/11/2013,126,136,130,22,24,69
16/11/2013,115,105,124,18,15,63
16/11/2013,102,94,100,12,10,33
16/11/2013,120,121,132,20,21,70
16/11/2013,108,110,119,15,17,57
16/11/2013,141,136,132,25,24,70
16/11/2013,126,107,114,22,16,49
16/11/2013,109,89,73,15,8,13
16/11/2013,82,106,104,5,15,37
16/11/2013,111,99,110,16,12,43
16/11/2013,113,108,114,17,16,48
16/11/2013,109,94,101,15,10,33
16/11/2013,127,125,136,22,22,73
16/11/2013,94,101,100,9,13,32
16/11/2013,102,94,107,12,10,40
16/11/2013,118,121,130,19,21,69
16/11/2013,102,121,101,12,21,33
16/11/2013,116,118,119,18,20,56
16/11/2013,111,108,112,16,16,46
16/11/2013,111,77,116,16,4,51
16/11/2013,132,125,124,23,22,63
16/11/2013,102,92,105,12,9,38
16/11/2013,102,99,99,12,12,31
16/11/2013,127,108,130,22,16,69
16/11/2013,113,130,117,17,23,52
16/11/2013,120,118,129,20,20,68
16/11/2013,97,94,91,10,10,24
16/11/2013,111,94,108,16,10,41
16/11/2013,102,101,106,12,13,39
16/11/2013,91,97,93,8,11,26
16/11/2013,116,106,123,18,15,61
16/11/2013,113,115,114,17,19,48
16/11/2013,85,101,80,6,13,16
16/11/2013,82,80,90,5,5,23
16/11/2013,109,97,111,15,11,45
16/11/2013,85,77,93,6,4,26
16/11/2013,113,113,111,17,18,45
16/11/2013,113,105,102,17,15,35
16/11/2013,118,121,124,19,21,63
16/11/2013,115,103,128,18,14,67
16/11/2013,115,118,119,18,20,56
16/11/2013,106,103,116,14,14,52
16/11/2013,115,124,122,18,22,60
16/11/2013,115,115,123,18,19,62
16/11/2013,126,136,133,22,24,71
16/11/2013,113,110,116,17,17,52
16/11/2013,123,130,141,21,23,76
16/11/2013,126,121,133,22,21,71
16/11/2013,106,105,119,14,15,56
16/11/2013,141,136,139,25,24,75
16/11/2013,104,99,117,13,12,53
16/11/2013,123,107,117,21,16,53
16/11/2013,97,97,110,10,11,43
16/11/2013,106,118,101,14,20,34
16/11/2013,97,87,103,10,7,35
16/11/2013,104,97,109,13,11,42
16/11/2013,106,99,110,14,12,44
16/11/2013,102,106,108,12,15,41
16/11/2013,111,94,108,16,10,41
16/11/2013,106,99,112,14,12,46
16/11/2013,99,99,106,11,12,39
16/11/2013,120,110,120,20,17,57
16/11/2013,118,106,115,19,15,49
16/11/2013,97,108,98,10,16,30
16/11/2013,109,113,118,15,18,53
16/11/2013,113,103,117,17,14,52
16/11/2013,109,106,94,15,15,27
16/11/2013,116,121,109,18,21,42
16/11/2013,104,94,99,13,10,31
16/11/2013,102,99,106,12,12,39
16/11/2013,102,118,109,12,20,42
16/11/2013,104,113,110,13,18,44
16/11/2013,111,108,115,16,16,50
16/11/2013,97,80,108,10,5,41
16/11/2013,102,110,103,12,17,36
16/11/2013,137,121,141,24,21,76
16/11/2013,116,118,126,18,20,65
16/11/2013,85,97,83,6,11,18
16/11/2013,97,89,96,10,8,29
16/11/2013,111,99,101,16,12,34
16/11/2013,127,115,121,22,19,59
16/11/2013,102,125,110,12,22,44
16/11/2013,104,92,113,13,9,47
16/11/2013,91,97,115,8,11,50
16/11/2013,73,106,94,3,15,27
16/11/2013,85,101,83,6,13,18
16/11/2013,120,113,124,20,18,63
16/11/2013,120,125,129,20,22,68
16/11/2013,120,125,134,20,22,72
16/11/2013,113,92,122,17,9,60
16/11/2013,97,92,101,10,9,34
16/11/2013,91,113,101,8,18,34
16/11/2013,99,106,115,11,15,50
16/11/2013,120,113,118,20,18,53
16/11/2013,116,108,118,18,16,54
16/11/2013,118,113,118,19,18,54
16/11/2013,127,121,130,22,21,69
16/11/2013,89,92,78,7,9,15
16/11/2013,115,124,115,18,22,50
16/11/2013,97,99,87,10,12,21
16/11/2013,120,130,124,20,23,62
16/11/2013,97,113,112,10,18,46
16/11/2013,118,121,122,19,21,60
16/11/2013,132,125,130,23,22,69
16/11/2013,127,137,121,22,24,59
16/11/2013,109,99,106,15,12,39
16/11/2013,118,113,125,19,18,64
16/11/2013,132,125,134,23,22,72
16/11/2013,127,110,111,22,17,45
16/11/2013,137,141,136,24,25,73
16/11/2013,102,110,105,12,17,38
16/11/2013,99,103,104,11,14,37
16/11/2013,94,89,91,9,8,24
16/11/2013,116,115,116,18,19,51
16/11/2013,106,106,103,14,15,35
16/11/2013,132,110,136,23,17,73
16/11/2013,99,110,95,11,17,28
16/11/2013,97,99,103,10,12,35
16/11/2013,102,97,99,12,11,31
16/11/2013,116,121,130,18,21,69
16/11/2013,116,97,108,18,11,41
16/11/2013,85,110,103,6,17,35
16/11/2013,120,113,130,20,18,69
16/11/2013,82,103,104,5,14,37
16/11/2013,104,106,100,13,15,32
16/11/2013,120,121,121,20,21,59
16/11/2013,120,121,123,20,21,61
16/11/2013,106,99,108,14,12,41
16/11/2013,120,108,124,20,16,63
16/11/2013,97,101,117,10,13,52
16/11/2013,94,70,95,9,2,28
16/11/2013,118,137,119,19,24,55
16/11/2013,132,130,132,23,23,70
16/11/2013,113,106,101,17,15,33
16/11/2013,118,97,120,19,11,57
16/11/2013,123,115,125,21,19,64
16/11/2013,85,89,103,6,8,35
16/11/2013,104,101,99,13,13,31
16/11/2013,102,83,100,12,6,32
16/11/2013,82,113,104,5,18,37
16/11/2013,111,99,103,16,12,35
16/11/2013,109,130,128,15,23,67
16/11/2013,102,106,100,12,15,32
16/11/2013,116,115,110,18,19,44
16/11/2013,116,115,120,18,19,58
16/11/2013,109,118,122,15,20,60
16/11/2013,106,99,110,14,12,43
16/11/2013,97,80,108,10,5,41
16/11/2013,89,101,101,7,13,33
16/11/2013,127,137,119,22,24,56
16/11/2013,118,110,121,19,17,59
16/11/2013,118,125,123,19,22,61
16/11/2013,113,121,119,17,21,55
16/11/2013,141,141,132,25,25,70
16/11/2013,104,89,104,13,8,37
16/11/2013,89,94,93,7,10,26
16/11/2013,118,121,128,19,21,67
16/11/2013,109,115,122,15,19,60
16/11/2013,132,125,121,23,22,59
16/11/2013,99,103,110,11,14,44
16/11/2013,116,89,93,18,8,26
16/11/2013,99,113,101,11,18,33
16/11/2013,102,108,99,12,16,31
16/11/2013,109,103,114,15,14,48
16/11/2013,137,141,141,24,25,78
16/11/2013,97,118,112,10,20,46
16/11/2013,113,115,119,17,19,55
16/11/2013,106,97,106,14,11,39
16/11/2013,102,115,118,12,19,54
16/11/2013,109,110,107,15,17,40
16/11/2013,141,108,124,25,16,62
16/11/2013,127,125,115,22,22,50
16/11/2013,123,118,127,21,20,66
16/11/2013,116,113,121,18,18,59
16/11/2013,111,83,105,16,6,38
16/11/2013,113,101,103,17,13,35
16/11/2013,109,110,118,15,17,53
16/11/2013,132,121,133,23,21,71
16/11/2013,111,121,114,16,21,48
16/11/2013,94,89,91,9,8,24
16/11/2013,104,103,118,13,14,53
16/11/2013,137,118,134,24,20,72
16/11/2013,123,118,124,21,20,63
16/11/2013,97,103,98,10,14,30
16/11/2013,106,97,108,14,11,41
16/11/2013,109,118,137,15,20,74
16/11/2013,120,113,129,20,18,68
16/11/2013,137,141,127,24,25,66
16/11/2013,109,103,115,15,14,50
16/11/2013,99,125,123,11,22,61
16/11/2013,111,137,127,16,24,66
16/11/2013,116,113,124,18,18,63
16/11/2013,113,115,110,17,19,43
16/11/2013,137,141,141,24,25,77
16/11/2013,120,130,130,20,23,69
16/11/2013,127,115,132,22,19,70
16/11/2013,123,121,120,21,21,58
16/11/2013,106,113,110,14,18,44
16/11/2013,106,115,115,14,19,49
16/11/2013,127,141,133,22,25,71
16/11/2013,137,137,136,24,24,73
16/11/2013,118,118,113,19,20,47
16/11/2013,116,141,139,18,25,75
16/11/2013,104,92,110,13,9,44
16/11/2013,106,113,114,14,18,48
16/11/2013,94,89,115,9,8,49
16/11/2013,94,83,88,9,6,22
16/11/2013,97,94,99,10,10,31
16/11/2013,91,113,114,8,18,48
16/11/2013,91,97,95,8,11,28
16/11/2013,106,97,120,14,11,57
16/11/2013,89,101,98,7,13,30
16/11/2013,123,121,116,21,21,51
16/11/2013,120,118,124,20,20,63
16/11/2013,106,106,119,14,15,55
16/11/2013,104,115,115,13,19,49
16/11/2013,97,108,110,10,16,43
16/11/2013,132,130,136,23,23,73
16/11/2013,91,103,96,8,14,29
16/11/2013,99,110,100,11,17,32
16/11/2013,102,89,115,12,8,49
16/11/2013,113,101,104,17,13,37
16/11/2013,104,94,101,13,10,33
16/11/2013,106,101,108,14,13,41
16/11/2013,99,101,86,11,13,20
16/11/2013,118,115,129,19,19,68
16/11/2013,78,106,100,4,15,32
16/11/2013,102,115,108,12,19,41
16/11/2013,123,118,127,21,20,66
16/11/2013,132,118,119,23,20,56
16/11/2013,97,106,107,10,15,40
16/11/2013,116,101,119,18,13,56
16/11/2013,132,125,130,23,22,69
16/11/2013,132,115,120,23,19,57
16/11/2013,141,121,139,25,21,75
16/11/2013,116,130,124,18,23,62
16/11/2013,113,118,125,17,20,64
16/11/2013,120,118,118,20,20,53
16/11/2013,127,113,119,22,18,56
16/11/2013,102,103,113,12,14,47
16/11/2013,89,97,88,7,11,22
16/11/2013,94,97,113,9,11,47
16/11/2013,89,92,104,7,9,37
16/11/2013,127,113,128,22,18,67
16/11/2013,99,125,120,11,22,57
16/11/2013,111,113,118,16,18,54
16/11/2013,120,115,124,20,19,62
16/11/2013,137,130,126,24,23,65
16/11/2013,99,103,111,11,14,45
16/11/2013,106,92,109,14,9,42
16/11/2013,109,121,118,15,21,53
16/11/2013,106,113,115,14,18,49
16/11/2013,94,97,99,9,11,31
16/11/2013,99,106,109,11,15,42
16/11/2013,99,106,110,11,15,43
16/11/2013,104,108,121,13,16,59
16/11/2013,102,110,103,12,17,35
16/11/2013,109,101,118,15,13,54
16/11/2013,120,125,133,20,22,71
16/11/2013,97,103,108,10,14,41
16/11/2013,109,97,105,15,11,38
16/11/2013,106,110,110,14,17,44
16/11/2013,85,83,69,6,6,11
16/11/2013,97,89,91,10,8,24
16/11/2013,120,137,123,20,24,61
16/11/2013,94,92,104,9,9,37
16/11/2013,89,77,92,7,4,25
16/11/2013,102,101,99,12,13,31
16/11/2013,106,89,100,14,8,32
16/11/2013,104,115,115,13,19,49
16/11/2013,116,110,107,18,17,40
16/11/2013,99,92,103,11,9,36
16/11/2013,82,87,92,5,7,25
16/11/2013,91,94,105,8,10,38
16/11/2013,97,73,113,10,3,47
16/11/2013,132,141,133,23,25,71
16/11/2013,109,108,101,15,16,33
16/11/2013,89,89,88,7,8,22
16/11/2013,120,103,116,20,14,51
16/11/2013,116,110,123,18,17,61
16/11/2013,113,118,115,17,20,49
16/11/2013,113,92,115,17,9,49
16/11/2013,118,106,122,19,15,60
16/11/2013,141,125,132,25,22,70
16/11/2013,111,108,120,16,16,58
16/11/2013,127,115,127,22,19,66
16/11/2013,127,141,128,22,25,67
16/11/2013,127,118,126,22,20,65
16/11/2013,127,125,133,22,22,71
16/11/2013,118,106,113,19,15,47
16/11/2013,120,106,120,20,15,58
16/11/2013,120,118,119,20,20,56
16/11/2013,85,92,105,6,9,38
16/11/2013,97,103,113,10,14,47
16/11/2013,109,137,124,15,24,63
16/11/2013,111,103,115,16,14,50
16/11/2013,123,125,141,21,22,76
16/11/2013,120,108,136,20,16,73
16/11/2013,137,130,137,24,23,74
16/11/2013,102,103,108,12,14,41
16/11/2013,127,121,130,22,21,69
16/11/2013,127,115,126,22,19,65
16/11/2013,118,121,121,19,21,59
16/11/2013,91,87,83,8,7,18
16/11/2013,102,113,114,12,18,48
16/11/2013,132,141,120,23,26,57
16/11/2013,102,115,119,12,19,56
16/11/2013,104,89,115,13,8,49
16/11/2013,102,101,119,12,13,56
16/11/2013,99,83,93,11,6,26
16/11/2013,91,108,109,8,16,42
16/11/2013,91,113,103,8,18,36
16/11/2013,85,92,76,6,9,14
16/11/2013,91,73,100,8,3,32
16/11/2013,118,108,119,19,16,56
16/11/2013,123,130,121,21,23,59
16/11/2013,120,115,129,20,19,68
16/11/2013,89,94,84,7,10,19
16/11/2013,94,99,100,9,12,32
16/11/2013,99,103,96,11,14,29
16/11/2013,120,137,124,20,24,62
16/11/2013,127,121,128,22,21,67
16/11/2013,104,118,126,13,20,65
16/11/2013,99,101,88,11,13,22
16/11/2013,118,137,133,19,24,71
16/11/2013,94,106,103,9,15,35
16/11/2013,141,141,136,25,25,73
16/11/2013,113,125,113,17,22,47
16/11/2013,104,108,113,13,16,47
16/11/2013,116,125,124,18,22,63
16/11/2013,91,106,94,8,15,27
16/11/2013,120,118,127,20,20,66
16/11/2013,118,115,120,19,19,57
16/11/2013,120,137,119,20,24,56
16/11/2013,109,108,107,15,16,40
16/11/2013,97,89,93,10,8,26
16/11/2013,116,115,124,18,19,62
23/11/2013,116,118,118,18,20,54
23/11/2013,113,97,113,17,11,47
23/11/2013,94,99,104,9,12,37
23/11/2013,132,115,128,23,19,67
23/11/2013,113,103,124,17,14,62
23/11/2013,106,110,116,14,17,51
23/11/2013,116,113,115,18,18,50
23/11/2013,127,108,119,22,16,55
23/11/2013,113,110,128,17,17,67
23/11/2013,109,99,114,15,12,48
23/11/2013,137,130,123,24,23,61
23/11/2013,118,108,120,19,16,57
23/11/2013,120,118,128,20,20,67
23/11/2013,111,106,113,16,15,47
23/11/2013,111,101,94,16,13,27
23/11/2013,137,121,141,24,21,76
23/11/2013,82,80,73,5,5,13
23/11/2013,116,108,120,18,16,57
23/11/2013,89,94,101,7,10,34
23/11/2013,123,130,132,21,23,70
23/11/2013,104,77,104,13,4,37
23/11/2013,123,137,128,21,24,67
23/11/2013,118,118,129,19,20,68
23/11/2013,97,80,95,10,5,28
23/11/2013,109,113,117,15,18,52
23/11/2013,69,77,94,2,4,27
23/11/2013,97,115,114,10,19,48
23/11/2013,82,70,73,5,2,13
23/11/2013,94,113,84,9,18,19
23/11/2013,94,73,96,9,3,29
23/11/2013,111,97,104,16,11,37
23/11/2013,89,89,76,7,8,14
23/11/2013,118,115,118,19,19,53
23/11/2013,116,115,118,18,19,53
23/11/2013,97,106,100,10,15,32
23/11/2013,111,99,107,16,12,40
23/11/2013,97,83,96,10,6,29
23/11/2013,116,110,122,18,17,60
23/11/2013,118,113,113,19,18,47
23/11/2013,106,106,103,14,15,36
23/11/2013,94,103,114,9,14,48
23/11/2013,116,92,103,18,9,35
23/11/2013,127,121,128,22,21,67
23/11/2013,102,108,105,12,16,38
23/11/2013,99,106,113,11,15,47
23/11/2013,106,115,110,14,19,43
23/11/2013,118,121,116,19,21,51
23/11/2013,111,118,110,16,20,44
23/11/2013,113,108,125,17,16,64
23/11/2013,123,118,122,21,20,60
23/11/2013,109,97,101,15,11,34
23/11/2013,104,87,108,13,7,41
23/11/2013,113,113,124,17,18,62
23/11/2013,97,87,110,10,7,44
23/11/2013,116,130,130,18,23,69
23/11/2013,69,103,76,1,14,14
23/11/2013,137,125,130,24,22,69
23/11/2013,99,99,104,11,12,37
23/11/2013,91,99,99,8,12,31
23/11/2013,120,115,124,20,19,62
23/11/2013,118,110,95,19,17,28
23/11/2013,123,118,119,21,20,56
23/11/2013,111,115,115,16,19,49
23/11/2013,106,113,126,14,18,65
23/11/2013,116,113,110,18,18,44
23/11/2013,118,115,120,19,19,57
23/11/2013,111,92,96,16,9,29
23/11/2013,97,83,92,10,6,25
23/11/2013,94,103,103,9,14,35
23/11/2013,106,118,120,14,20,58
23/11/2013,106,113,112,14,18,46
23/11/2013,109,101,118,15,13,53
23/11/2013,102,110,103,12,17,36
23/11/2013,116,110,115,18,17,50
23/11/2013,99,80,99,11,5,31
23/11/2013,116,121,110,18,21,44
23/11/2013,123,113,119,21,18,56
23/11/2013,113,108,126,17,16,65
23/11/2013,97,101,92,10,13,25
23/11/2013,91,110,117,8,17,52
23/11/2013,109,108,112,15,16,46
23/11/2013,127,121,128,22,21,67
23/11/2013,116,125,110,18,22,43
23/11/2013,106,99,112,14,12,46
23/11/2013,102,115,106,12,19,39
23/11/2013,104,103,95,13,14,28
23/11/2013,120,137,128,20,24,67
23/11/2013,116,103,118,18,14,53
23/11/2013,113,101,122,17,13,60
23/11/2013,102,125,107,12,22,40
23/11/2013,89,99,98,7,12,30
23/11/2013,106,108,111,14,16,45
23/11/2013,118,108,105,19,16,38
23/11/2013,104,99,116,13,12,51
23/11/2013,97,115,120,10,19,57
23/11/2013,102,103,107,12,14,40
23/11/2013,120,125,127,20,22,66
23/11/2013,102,121,127,12,21,66
23/11/2013,118,115,118,19,19,53
23/11/2013,94,113,113,9,18,47
23/11/2013,120,99,114,20,12,48
23/11/2013,106,94,98,14,10,30
23/11/2013,118,141,127,19,25,66
23/11/2013,127,118,125,22,20,64
23/11/2013,113,103,121,17,14,59
23/11/2013,116,101,127,18,13,66
23/11/2013,113,125,116,17,22,51
23/11/2013,132,118,125,23,20,64
23/11/2013,123,121,125,21,21,64
23/11/2013,141,130,128,25,23,67
23/11/2013,123,115,119,21,19,55
23/11/2013,127,130,133,22,23,71
23/11/2013,113,113,116,17,18,51
23/11/2013,116,113,109,18,18,42
23/11/2013,137,141,137,24,25,74
23/11/2013,106,103,118,14,14,53
23/11/2013,104,108,106,13,16,39
23/11/2013,89,80,91,7,5,24
23/11/2013,116,115,120,18,19,57
23/11/2013,99,106,104,11,15,37
23/11/2013,106,118,120,14,20,57
23/11/2013,94,106,105,9,15,38
23/11/2013,89,101,98,7,13,30
23/11/2013,118,121,124,19,21,62
23/11/2013,104,108,119,13,16,55
23/11/2013,102,101,99,12,13,31
23/11/2013,111,110,103,16,17,35
23/11/2013,94,110,114,9,17,48
23/11/2013,89,101,105,7,13,38
23/11/2013,120,118,117,20,20,52
23/11/2013,73,80,91,3,5,24
23/11/2013,123,125,132,21,22,70
23/11/2013,123,130,130,21,23,69
23/11/2013,94,103,100,9,14,32
23/11/2013,123,115,123,21,19,61
23/11/2013,99,106,104,11,15,37
23/11/2013,116,137,101,18,24,33
23/11/2013,97,106,116,10,15,51
23/11/2013,102,70,86,12,2,20
23/11/2013,106,115,124,14,19,62
23/11/2013,91,69,91,8,1,24
23/11/2013,111,101,101,16,13,34
23/11/2013,123,125,124,21,22,63
23/11/2013,132,130,141,23,23,77
23/11/2013,113,94,106,17,10,39
23/11/2013,109,108,118,15,16,53
23/11/2013,120,118,126,20,20,65
23/11/2013,123,141,128,21,25,67
23/11/2013,132,125,128,23,22,67
23/11/2013,94,118,110,9,20,43
23/11/2013,127,137,141,22,24,77
23/11/2013,89,97,92,7,11,25
23/11/2013,127,141,130,22,25,69
23/11/2013,137,130,123,24,23,61
23/11/2013,137,125,128,24,22,67
23/11/2013,106,110,103,14,17,36
23/11/2013,116,103,118,18,14,53
23/11/2013,99,94,96,11,10,29
23/11/2013,99,92,99,11,9,31
23/11/2013,82,77,69,5,4,10
23/11/2013,91,83,95,8,6,28
23/11/2013,106,101,101,14,13,34
23/11/2013,104,108,107,13,16,40
23/11/2013,94,94,101,9,10,33
23/11/2013,123,108,124,21,16,62
23/11/2013,123,118,125,21,20,64
23/11/2013,111,121,127,16,21,66
23/11/2013,104,92,110,13,9,43
23/11/2013,82,110,104,5,17,37
23/11/2013,94,121,110,9,21,43
23/11/2013,89,94,93,7,10,26
23/11/2013,94,99,106,9,12,39
23/11/2013,102,110,111,12,17,45
23/11/2013,102,103,104,12,14,37
23/11/2013,91,101,114,8,13,48
23/11/2013,113,115,121,17,19,59
23/11/2013,132,125,123,23,22,61
23/11/2013,102,103,108,12,14,41
23/11/2013,113,108,119,17,16,56
23/11/2013,89,89,101,7,8,33
23/11/2013,109,137,116,15,24,51
23/11/2013,123,137,132,21,24,70
23/11/2013,97,97,94,10,11,27
23/11/2013,102,97,120,12,11,58
23/11/2013,120,113,125,20,18,64
23/11/2013,78,103,80,4,14,16
23/11/2013,97,113,103,10,18,36
23/11/2013,123,130,127,21,23,66
23/11/2013,109,121,120,15,21,58
23/11/2013,120,121,127,20,21,66
23/11/2013,73,92,92,3,9,25
23/11/2013,82,70,94,5,2,27
23/11/2013,99,89,103,11,8,36
23/11/2013,120,108,100,20,16,32
23/11/2013,132,125,129,23,22,68
23/11/2013,69,69,69,0,0,6
23/11/2013,111,89,108,16,8,41
23/11/2013,116,141,133,18,25,71
23/11/2013,132,141,134,23,26,72
23/11/2013,109,113,119,15,18,55
23/11/2013,104,94,115,13,10,49
23/11/2013,132,118,137,23,20,74
23/11/2013,102,99,94,12,12,27
23/11/2013,94,110,107,9,17,40
23/11/2013,116,113,115,18,18,50
23/11/2013,102,99,98,12,12,30
23/11/2013,109,99,111,15,12,45
23/11/2013,104,108,105,13,16,38
23/11/2013,113,106,118,17,15,54
23/11/2013,97,94,103,10,10,35
23/11/2013,111,121,113,16,21,47
23/11/2013,109,125,114,15,22,48
23/11/2013,97,99,107,10,12,40
23/11/2013,106,87,92,14,7,25
23/11/2013,127,137,134,22,24,72
23/11/2013,127,110,130,22,17,69
23/11/2013,120,101,118,20,13,54
23/11/2013,127,130,136,22,23,73
23/11/2013,91,110,110,8,17,43
23/11/2013,97,106,118,10,15,54
23/11/2013,120,94,125,20,10,64
23/11/2013,132,125,126,23,22,65
23/11/2013,104,106,113,13,15,47
23/11/2013,120,118,123,20,20,61
23/11/2013,127,125,124,22,22,62
23/11/2013,113,115,117,17,19,52
23/11/2013,132,137,126,23,24,65
23/11/2013,123,118,117,21,20,52
23/11/2013,97,106,109,10,15,42
23/11/2013,137,121,136,24,21,73
23/11/2013,116,118,114,18,20,48
23/11/2013,106,108,105,14,16,38
23/11/2013,116,106,119,18,15,56
23/11/2013,116,121,120,18,21,57
23/11/2013,120,108,104,20,16,37
23/11/2013,132,141,133,23,25,71
23/11/2013,132,125,121,23,22,59
23/11/2013,127,110,134,22,17,72
23/11/2013,137,118,126,24,20,65
23/11/2013,104,101,110,13,13,44
23/11/2013,91,99,99,8,12,31
23/11/2013,104,115,115,13,19,49
23/11/2013,99,99,112,11,12,46
23/11/2013,85,99,101,6,12,34
23/11/2013,82,99,96,5,12,29
23/11/2013,104,89,101,13,8,33
23/11/2013,82,92,93,5,9,26
23/11/2013,99,115,96,11,19,29
23/11/2013,102,77,101,12,4,34
23/11/2013,116,125,125,18,22,64
23/11/2013,123,115,123,21,19,61
23/11/2013,91,97,112,8,11,46
23/11/2013,104,125,101,13,22,34
23/11/2013,91,106,105,8,15,38
23/11/2013,106,103,115,14,14,50
23/11/2013,123,118,120,21,20,58
23/11/2013,104,115,104,13,19,37
23/11/2013,120,130,124,20,23,62
23/11/2013,118,118,118,19,20,54
23/11/2013,116,108,112,18,16,46
23/11/2013,132,115,124,23,19,62
23/11/2013,106,108,115,14,16,49
23/11/2013,132,113,122,23,18,60
23/11/2013,113,115,118,17,19,54
23/11/2013,118,115,118,19,19,53
23/11/2013,123,125,121,21,22,59
23/11/2013,102,118,117,12,20,52
23/11/2013,113,103,120,17,14,58
23/11/2013,120,89,105,20,8,38
23/11/2013,102,97,88,12,11,22
23/11/2013,99,115,105,11,19,38
23/11/2013,127,125,126,22,22,65
23/11/2013,123,137,107,21,24,40
23/11/2013,123,121,122,21,21,60
23/11/2013,109,130,128,15,23,67
23/11/2013,141,130,132,25,23,70
23/11/2013,127,137,130,22,24,69
23/11/2013,118,115,124,19,19,63
23/11/2013,127,141,133,22,25,71
23/11/2013,116,99,94,18,12,27
23/11/2013,118,106,121,19,15,59
23/11/2013,73,80,82,3,5,17
23/11/2013,118,118,121,19,20,59
23/11/2013,113,125,124,17,22,63
23/11/2013,127,118,129,22,20,68
23/11/2013,118,113,114,19,18,48
23/11/2013,89,97,103,7,11,35
23/11/2013,127,141,130,22,26,69
23/11/2013,118,103,123,19,14,61
23/11/2013,82,83,95,5,6,28
23/11/2013,102,99,87,12,12,21
23/11/2013,120,121,115,20,21,50
23/11/2013,106,108,101,14,16,34
23/11/2013,89,94,95,7,10,28
23/11/2013,102,97,99,12,11,31
23/11/2013,97,94,103,10,10,36
23/11/2013,111,99,100,16,12,32
23/11/2013,118,87,110,19,7,44
23/11/2013,111,113,117,16,18,52
23/11/2013,104,101,113,13,13,47
23/11/2013,85,99,86,6,12,20
23/11/2013,102,115,118,12,19,53
23/11/2013,85,73,78,6,3,15
23/11/2013,94,106,92,9,15,25
23/11/2013,113,130,116,17,23,51
23/11/2013,82,94,80,5,10,16
23/11/2013,94,121,96,9,21,29
23/11/2013,116,106,122,18,15,60
23/11/2013,104,89,93,13,8,26
23/11/2013,127,130,136,22,23,73
23/11/2013,99,92,96,11,9,29
23/11/2013,104,92,105,13,9,38
23/11/2013,116,108,113,18,16,47
23/11/2013,116,94,107,18,10,40
23/11/2013,123,125,120,21,22,58
23/11/2013,118,106,124,19,15,63
23/11/2013,113,103,122,17,14,60
23/11/2013,113,103,115,17,14,50
23/11/2013,99,103,104,11,14,37
30/11/2013,132,118,133,23,20,71
30/11/2013,82,69,95,5,1,28
30/11/2013,94,113,103,9,18,36
30/11/2013,109,118,101,15,20,33
30/11/2013,113,115,126,17,19,65
30/11/2013,127,130,117,22,23,52
30/11/2013,137,121,123,24,21,61
30/11/2013,132,106,113,23,15,47
30/11/2013,120,110,109,20,17,42
30/11/2013,113,121,112,17,21,46
30/11/2013,113,115,123,17,19,61
30/11/2013,116,113,124,18,18,62
30/11/2013,99,106,115,11,15,49
30/11/2013,118,130,119,19,23,56
30/11/2013,94,87,93,9,7,26
30/11/2013,97,89,90,10,8,23
30/11/2013,109,125,108,15,22,41
30/11/2013,89,99,112,7,12,46
30/11/2013,109,118,124,15,20,63
30/11/2013,102,101,108,12,13,41
30/11/2013,118,113,118,19,18,54
30/11/2013,102,108,118,12,16,53
30/11/2013,99,101,118,11,13,54
30/11/2013,104,73,87,13,3,21
30/11/2013,104,101,106,13,13,39
30/11/2013,118,113,126,19,18,65
30/11/2013,97,89,90,10,8,23
30/11/2013,85,80,98,6,5,30
30/11/2013,109,108,105,15,16,38
30/11/2013,118,125,121,19,22,59
30/11/2013,99,94,98,11,10,30
30/11/2013,99,89,101,11,8,33
30/11/2013,106,110,95,14,17,28
30/11/2013,106,97,103,14,11,36
30/11/2013,104,108,109,13,16,42
30/11/2013,116,118,110,18,20,44
30/11/2013,102,92,103,12,9,36
30/11/2013,120,125,125,20,22,64
30/11/2013,118,115,108,19,19,41
30/11/2013,99,97,99,11,11,31
30/11/2013,123,103,124,21,14,62
30/11/2013,116,110,119,18,17,55
30/11/2013,109,108,110,15,16,44
30/11/2013,97,108,104,10,16,37
30/11/2013,111,121,119,16,21,56
30/11/2013,120,125,130,20,22,69
30/11/2013,116,101,111,18,13,45
30/11/2013,132,125,128,23,22,67
30/11/2013,106,118,112,14,20,46
30/11/2013,132,130,128,23,23,67
30/11/2013,120,137,126,20,24,65
30/11/2013,111,118,128,16,20,67
30/11/2013,109,101,114,15,13,48
30/11/2013,118,118,120,19,20,58
30/11/2013,97,118,120,10,20,58
30/11/2013,127,125,130,22,22,69
30/11/2013,109,113,126,15,18,65
30/11/2013,120,118,120,20,20,57
30/11/2013,106,125,123,14,22,61
30/11/2013,141,137,141,25,24,77
30/11/2013,116,137,117,18,24,52
30/11/2013,99,94,107,11,10,40
30/11/2013,109,99,109,15,12,42
30/11/2013,123,121,118,21,21,53
30/11/2013,132,115,119,23,19,56
30/11/2013,109,103,103,15,14,36
30/11/2013,109,113,119,15,18,56
30/11/2013,85,87,91,6,7,24
30/11/2013,89,89,98,7,8,30
30/11/2013,99,99,93,11,12,26
30/11/2013,120,121,125,20,21,64
30/11/2013,113,106,98,17,15,30
30/11/2013,109,103,95,15,14,28
30/11/2013,106,92,93,14,9,26
30/11/2013,94,103,88,9,14,22
30/11/2013,99,83,92,11,6,25
30/11/2013,99,106,103,11,15,35
30/11/2013,118,118,126,19,20,65
30/11/2013,102,106,108,12,15,41
30/11/2013,104,110,109,13,17,42
30/11/2013,120,113,116,20,18,51
30/11/2013,82,70,84,5,2,19
30/11/2013,104,110,109,13,17,42
30/11/2013,111,110,105,16,17,38
30/11/2013,102,89,92,12,8,25
30/11/2013,104,113,104,13,18,37
30/11/2013,89,101,101,7,13,34
30/11/2013,120,110,119,20,17,56
30/11/2013,102,110,118,12,17,53
30/11/2013,109,99,91,15,12,24
30/11/2013,118,101,124,19,13,63
30/11/2013,73,87,83,3,7,18
30/11/2013,113,103,119,17,14,56
30/11/2013,118,121,134,19,21,72
30/11/2013,118,118,126,19,20,65
30/11/2013,120,110,119,20,17,56
30/11/2013,89,77,93,7,4,26
30/11/2013,132,110,116,23,17,51
30/11/2013,118,110,124,19,17,63
30/11/2013,120,106,124,20,15,62
30/11/2013,111,115,117,16,19,52
30/11/2013,106,113,115,14,18,49
30/11/2013,116,83,115,18,6,49
30/11/2013,102,87,94,12,7,27
30/11/2013,99,92,93,11,9,26
30/11/2013,91,92,108,8,9,41
30/11/2013,113,103,113,17,14,47
30/11/2013,102,108,110,12,16,44
30/11/2013,97,99,92,10,12,25
30/11/2013,102,73,93,12,3,26
30/11/2013,97,99,103,10,12,36
30/11/2013,127,125,128,22,22,67
30/11/2013,113,118,111,17,20,45
30/11/2013,89,92,112,7,9,46
30/11/2013,132,113,120,23,18,58
30/11/2013,97,110,120,10,17,58
30/11/2013,82,99,84,5,12,19
30/11/2013,137,125,123,24,22,61
30/11/2013,118,121,134,19,21,72
30/11/2013,127,110,124,22,17,62
30/11/2013,123,130,132,21,23,70
30/11/2013,89,106,106,7,15,39
30/11/2013,118,125,130,19,22,69
30/11/2013,113,141,124,17,25,63
30/11/2013,132,115,139,23,19,75
30/11/2013,137,115,141,24,19,76
30/11/2013,102,108,105,12,16,38
30/11/2013,113,106,101,17,15,34
30/11/2013,106,110,87,14,17,21
30/11/2013,141,141,141,25,25,77
30/11/2013,123,118,132,21,20,70
30/11/2013,102,103,103,12,14,36
30/11/2013,99,115,91,11,19,24
30/11/2013,99,94,103,11,10,36
30/11/2013,120,108,114,20,16,48
30/11/2013,109,92,104,15,9,37
30/11/2013,97,110,83,10,17,18
30/11/2013,94,87,101,9,7,34
30/11/2013,94,83,98,9,6,30
30/11/2013,106,89,93,14,8,26
30/11/2013,113,137,124,17,24,62
30/11/2013,97,99,96,10,12,29
30/11/2013,106,121,125,14,21,64
30/11/2013,104,106,110,13,15,43
30/11/2013,102,94,119,12,10,56
30/11/2013,99,108,110,11,16,44
30/11/2013,127,130,132,22,23,70
30/11/2013,118,106,120,19,15,58
30/11/2013,99,92,99,11,9,31
30/11/2013,116,125,110,18,22,44
30/11/2013,118,125,132,19,22,70
30/11/2013,102,101,114,12,13,48
30/11/2013,106,106,115,14,15,49
30/11/2013,82,110,88,5,17,22
30/11/2013,85,110,88,6,17,22
30/11/2013,111,97,120,16,11,58
30/11/2013,91,108,108,8,16,41
30/11/2013,123,125,141,21,22,77
30/11/2013,94,99,109,9,12,42
30/11/2013,106,99,104,14,12,37
30/11/2013,104,130,108,13,23,41
30/11/2013,127,130,107,22,23,40
30/11/2013,102,99,116,12,12,51
30/11/2013,99,94,92,11,10,25
30/11/2013,127,110,125,22,17,64
30/11/2013,118,113,130,19,18,69
30/11/2013,104,106,113,13,15,47
30/11/2013,132,130,124,23,23,63
30/11/2013,118,125,123,19,22,61
30/11/2013,137,121,139,24,21,75
30/11/2013,123,113,132,21,18,70
30/11/2013,113,115,121,17,19,59
30/11/2013,137,118,133,24,20,71
30/11/2013,132,121,129,23,21,68
30/11/2013,116,118,123,18,20,61
30/11/2013,78,73,83,4,3,18
30/11/2013,99,110,103,11,17,35
30/11/2013,113,110,128,17,17,67
30/11/2013,104,125,110,13,22,43
30/11/2013,118,115,123,19,19,61
30/11/2013,132,115,122,23,19,60
30/11/2013,113,106,105,17,15,38
30/11/2013,106,92,103,14,9,36
30/11/2013,104,101,96,13,13,29
30/11/2013,111,87,86,16,7,20
30/11/2013,111,115,126,16,19,65
30/11/2013,120,125,125,20,22,64
30/11/2013,113,108,100,17,16,32
30/11/2013,118,118,130,19,20,69
30/11/2013,120,137,123,20,24,61
30/11/2013,109,113,123,15,18,61
30/11/2013,104,101,103,13,13,35
30/11/2013,123,118,121,21,20,59
30/11/2013,111,108,115,16,16,50
30/11/2013,118,115,115,19,19,49
30/11/2013,104,106,115,13,15,50
30/11/2013,91,94,98,8,10,30
30/11/2013,91,97,101,8,11,34
30/11/2013,109,115,111,15,19,45
30/11/2013,123,108,128,21,16,67
30/11/2013,97,83,105,10,6,38
30/11/2013,127,115,134,22,19,72
30/11/2013,109,113,119,15,18,56
30/11/2013,116,130,120,18,23,57
30/11/2013,106,113,122,14,18,60
30/11/2013,99,101,92,11,13,25
30/11/2013,106,103,115,14,14,50
30/11/2013,141,141,137,25,26,74
30/11/2013,104,103,99,13,14,31
30/11/2013,113,108,110,17,16,44
30/11/2013,109,89,112,15,8,46
30/11/2013,91,87,88,8,7,22
30/11/2013,89,106,86,7,15,20
30/11/2013,91,89,87,8,8,21
30/11/2013,99,118,103,11,20,35
30/11/2013,85,94,105,6,10,38
30/11/2013,94,94,99,9,10,31
30/11/2013,109,118,118,15,20,54
30/11/2013,104,83,110,13,6,44
30/11/2013,116,121,120,18,21,58
30/11/2013,116,94,106,18,10,39
30/11/2013,78,101,96,4,13,29
30/11/2013,113,113,128,17,18,67
30/11/2013,99,101,107,11,13,40
30/11/2013,104,108,98,13,16,30
30/11/2013,118,110,110,19,17,43
30/11/2013,85,99,93,6,12,26
30/11/2013,123,115,124,21,19,62
30/11/2013,113,121,124,17,21,63
30/11/2013,118,121,120,19,21,57
30/11/2013,132,115,126,23,19,65
30/11/2013,113,115,132,17,19,70
30/11/2013,132,141,141,23,25,78
30/11/2013,141,110,136,25,17,73
30/11/2013,123,113,127,21,18,66
30/11/2013,102,110,108,12,17,41
30/11/2013,137,125,128,24,22,67
30/11/2013,137,115,134,24,19,72
30/11/2013,127,110,139,22,17,75
30/11/2013,127,110,121,22,17,59
30/11/2013,94,87,94,9,7,27
30/11/2013,85,87,93,6,7,26
30/11/2013,109,87,107,15,7,40
30/11/2013,116,94,112,18,10,46
30/11/2013,141,137,139,25,24,75
30/11/2013,99,101,110,11,13,43
30/11/2013,113,97,124,17,11,63
30/11/2013,113,130,121,17,23,59
30/11/2013,111,106,109,16,15,42
30/11/2013,99,108,87,11,16,21
30/11/2013,102,106,114,12,15,48
30/11/2013,91,92,106,8,9,39
30/11/2013,123,113,119,21,18,55
30/11/2013,109,108,113,15,16,47
30/11/2013,111,118,112,16,20,46
30/11/2013,109,106,115,15,15,49
30/11/2013,102,108,111,12,16,45
30/11/2013,120,110,120,20,17,57
30/11/2013,97,87,103,10,7,35
30/11/2013,111,99,110,16,12,43
30/11/2013,99,113,109,11,18,42
30/11/2013,97,113,124,10,18,63
30/11/2013,120,113,127,20,18,66
30/11/2013,111,113,122,16,18,60
30/11/2013,127,141,134,22,25,72
30/11/2013,118,118,124,19,20,62
30/11/2013,102,118,108,12,20,41
30/11/2013,97,115,110,10,19,44
30/11/2013,106,110,116,14,17,51
30/11/2013,137,121,132,24,21,70
30/11/2013,106,108,98,14,16,30
30/11/2013,123,118,113,21,20,47
30/11/2013,102,92,106,12,9,39
30/11/2013,120,106,115,20,15,50
30/11/2013,116,108,108,18,16,41
30/11/2013,106,113,105,14,18,38
30/11/2013,97,87,95,10,7,28
30/11/2013,123,103,119,21,14,55
30/11/2013,113,130,125,17,23,64
30/11/2013,109,121,119,15,21,55
30/11/2013,132,115,130,23,19,69
30/11/2013,123,113,124,21,18,62
30/11/2013,99,80,107,11,5,40
30/11/2013,118,118,109,19,20,42
30/11/2013,132,137,137,23,24,74
30/11/2013,102,97,96,12,11,29
30/11/2013,102,94,103,12,10,36
30/11/2013,113,121,116,17,21,51
30/11/2013,137,113,130,24,18,69
30/11/2013,102,103,115,12,14,50
30/11/2013,113,113,121,17,18,59
30/11/2013,111,115,124,16,19,62
30/11/2013,89,92,105,7,9,38
30/11/2013,102,103,101,12,14,34
30/11/2013,109,115,124,15,19,63
30/11/2013,118,118,118,19,20,54
30/11/2013,91,83,90,8,6,23
30/11/2013,94,97,98,9,11,30
30/11/2013,97,92,95,10,9,28
30/11/2013,85,94,86,6,10,20
30/11/2013,99,87,96,11,7,29
30/11/2013,111,101,115,16,13,49
30/11/2013,127,108,129,22,16,68
30/11/2013,94,99,110,9,12,43
30/11/2013,120,115,128,20,19,67
30/11/2013,104,89,95,13,8,28
30/11/2013,118,130,121,19,23,59
30/11/2013,118,99,110,19,12,44
30/11/2013,97,106,119,10,15,56
30/11/2013,111,130,129,16,23,68
30/11/2013,113,115,114,17,19,48
30/11/2013,97,94,118,10,10,53
30/11/2013,97,101,106,10,13,39
30/11/2013,111,110,119,16,17,56
30/11/2013,123,110,124,21,17,63
30/11/2013,69,97,96,2,11,29
30/11/2013,104,99,107,13,12,40
30/11/2013,104,110,128,13,17,67
30/11/2013,123,106,119,21,15,55
30/11/2013,99,110,119,11,17,56
07/12/2013,123,121,120,21,21,58
07/12/2013,127,125,115,22,22,50
07/12/2013,118,106,125,19,15,64
07/12/2013,116,121,117,18,21,52
07/12/2013,137,130,130,24,23,69
07/12/2013,137,141,141,24,25,77
07/12/2013,118,115,112,19,19,46
07/12/2013,109,108,123,15,16,61
07/12/2013,123,141,127,21,25,66
07/12/2013,137,137,133,24,24,71
07/12/2013,111,121,111,16,21,45
07/12/2013,94,113,98,9,18,30
07/12/2013,99,113,105,11,18,38
07/12/2013,123,118,124,21,20,63
07/12/2013,102,121,125,12,21,64
07/12/2013,118,108,121,19,16,59
07/12/2013,104,118,118,13,20,54
07/12/2013,97,108,105,10,16,38
07/12/2013,99,97,100,11,11,32
07/12/2013,104,87,106,13,7,39
07/12/2013,104,106,112,13,15,46
07/12/2013,137,141,137,24,25,74
07/12/2013,123,110,105,21,17,38
07/12/2013,85,99,88,6,12,22
07/12/2013,102,92,104,12,9,37
07/12/2013,94,97,118,9,11,53
07/12/2013,85,80,107,6,5,40
07/12/2013,99,118,110,11,20,43
07/12/2013,82,94,98,5,10,30
07/12/2013,116,94,106,18,10,39
07/12/2013,120,103,108,20,14,41
07/12/2013,120,108,114,20,16,48
07/12/2013,109,92,109,15,9,42
07/12/2013,132,113,119,23,18,55
07/12/2013,91,113,101,8,18,34
07/12/2013,141,125,124,25,22,63
07/12/2013,102,92,98,12,9,30
07/12/2013,102,110,101,12,17,34
07/12/2013,97,110,103,10,17,35
07/12/2013,89,83,87,7,6,21
07/12/2013,116,125,127,18,22,66
07/12/2013,109,130,109,15,23,42
07/12/2013,106,106,104,14,15,37
07/12/2013,120,101,129,20,13,68
07/12/2013,113,118,110,17,20,43
07/12/2013,116,115,120,18,19,57
07/12/2013,104,115,107,13,19,40
07/12/2013,106,113,103,14,18,35
07/12/2013,127,125,129,22,22,68
07/12/2013,137,121,132,24,21,70
07/12/2013,109,99,113,15,12,47
07/12/2013,120,99,122,20,12,60
07/12/2013,137,125,124,24,22,63
07/12/2013,123,118,127,21,20,66
07/12/2013,132,118,95,23,20,28
07/12/2013,123,130,128,21,23,67
07/12/2013,132,118,120,23,20,57
07/12/2013,94,89,104,9,8,37
07/12/2013,104,94,110,13,10,44
07/12/2013,91,108,114,8,16,48
07/12/2013,91,73,91,8,3,24
07/12/2013,113,103,123,17,14,61
07/12/2013,89,97,100,7,11,32
07/12/2013,78,92,94,4,9,27
07/12/2013,137,130,133,24,23,71
07/12/2013,94,94,98,9,10,30
07/12/2013,104,108,118,13,16,53
07/12/2013,99,108,110,11,16,43
07/12/2013,91,110,107,8,17,40
07/12/2013,89,83,95,7,6,28
07/12/2013,120,101,118,20,13,53
07/12/2013,94,115,103,9,19,36
07/12/2013,116,97,103,18,11,35
07/12/2013,120,113,113,20,18,47
07/12/2013,94,110,113,9,17,47
07/12/2013,82,115,90,5,19,23
07/12/2013,104,101,103,13,13,36
07/12/2013,118,99,111,19,12,45
07/12/2013,99,92,83,11,9,18
07/12/2013,97,97,103,10,11,36
07/12/2013,97,99,90,10,12,23
07/12/2013,120,137,130,20,24,69
07/12/2013,109,113,106,15,18,39
07/12/2013,109,97,116,15,11,51
07/12/2013,113,113,120,17,18,57
07/12/2013,116,106,119,18,15,56
07/12/2013,97,113,98,10,18,30
07/12/2013,120,115,125,20,19,64
07/12/2013,116,121,109,18,21,42
07/12/2013,118,108,119,19,16,55
07/12/2013,102,103,109,12,14,42
07/12/2013,113,115,112,17,19,46
07/12/2013,111,110,116,16,17,51
07/12/2013,137,125,141,24,22,78
07/12/2013,127,121,122,22,21,60
07/12/2013,106,115,118,14,19,53
07/12/2013,116,106,119,18,15,56
07/12/2013,120,121,119,20,21,56
07/12/2013,89,110,101,7,17,33
07/12/2013,106,130,120,14,23,57
07/12/2013,102,80,117,12,5,52
07/12/2013,127,121,124,22,21,62
07/12/2013,106,106,122,14,15,60
07/12/2013,118,108,129,19,16,68
07/12/2013,99,110,107,11,17,40
07/12/2013,85,77,76,6,4,14
07/12/2013,113,103,111,17,14,45
07/12/2013,113,108,109,17,16,42
07/12/2013,102,87,92,12,7,25
07/12/2013,106,108,101,14,16,34
07/12/2013,104,108,118,13,16,54
07/12/2013,78,101,83,4,13,18
07/12/2013,111,110,107,16,17,40
07/12/2013,113,110,121,17,17,59
07/12/2013,106,99,108,14,12,41
07/12/2013,91,92,87,8,9,21
07/12/2013,94,101,90,9,13,23
07/12/2013,97,83,110,10,6,44
07/12/2013,123,130,120,21,23,58
07/12/2013,109,115,110,15,19,43
07/12/2013,113,113,106,17,18,39
07/12/2013,91,94,104,8,10,37
07/12/2013,97,89,99,10,8,31
07/12/2013,78,80,78,4,5,15
07/12/2013,120,121,119,20,21,56
07/12/2013,97,110,117,10,17,52
07/12/2013,109,108,117,15,16,52
07/12/2013,120,108,134,20,16,72
07/12/2013,116,115,124,18,19,62
07/12/2013,116,121,121,18,21,59
07/12/2013,123,137,130,21,24,69
07/12/2013,116,118,122,18,20,60
07/12/2013,116,106,113,18,15,47
07/12/2013,113,115,113,17,19,47
07/12/2013,116,137,123,18,24,61
07/12/2013,127,121,124,22,21,63
07/12/2013,104,130,110,13,23,44
07/12/2013,123,110,122,21,17,60
07/12/2013,141,141,139,25,25,75
07/12/2013,123,115,133,21,19,71
07/12/2013,91,108,106,8,16,39
07/12/2013,127,137,141,22,24,76
07/12/2013,118,115,124,19,19,63
07/12/2013,127,130,139,22,23,75
07/12/2013,132,137,124,23,24,62
07/12/2013,113,106,125,17,15,64
07/12/2013,113,110,127,17,17,66
07/12/2013,127,130,123,22,23,61
07/12/2013,82,101,84,5,13,19
07/12/2013,118,106,115,19,15,49
07/12/2013,111,87,111,16,7,45
07/12/2013,113,118,124,17,20,62
07/12/2013,120,110,126,20,17,65
07/12/2013,118,121,124,19,21,63
07/12/2013,102,106,109,12,15,42
07/12/2013,116,118,120,18,20,57
07/12/2013,111,108,127,16,16,66
07/12/2013,123,113,116,21,18,51
07/12/2013,99,94,98,11,10,30
07/12/2013,102,87,96,12,7,29
07/12/2013,102,106,104,12,15,37
07/12/2013,106,110,117,14,17,52
07/12/2013,99,87,99,11,7,31
07/12/2013,104,108,104,13,16,37
07/12/2013,132,118,119,23,20,56
07/12/2013,118,113,112,19,18,46
07/12/2013,111,106,113,16,15,47
07/12/2013,109,115,120,15,19,57
07/12/2013,89,89,103,7,8,36
07/12/2013,116,103,109,18,14,42
07/12/2013,113,97,116,17,11,51
07/12/2013,89,106,101,7,15,34
07/12/2013,102,103,110,12,14,44
07/12/2013,141,130,133,25,23,71
07/12/2013,132,130,130,23,23,69
07/12/2013,116,106,114,18,15,48
07/12/2013,91,92,78,8,9,15
07/12/2013,123,103,115,21,14,50
07/12/2013,94,94,93,9,10,26
07/12/2013,113,113,104,17,18,37
07/12/2013,116,125,115,18,22,50
07/12/2013,111,113,120,16,18,57
07/12/2013,99,92,93,11,9,26
07/12/2013,97,73,84,10,3,19
07/12/2013,127,125,121,22,22,59
07/12/2013,106,113,119,14,18,56
07/12/2013,94,110,98,9,17,30
07/12/2013,94,103,98,9,14,30
07/12/2013,109,113,104,15,18,37
07/12/2013,120,106,127,20,15,66
07/12/2013,102,89,99,12,8,31
07/12/2013,106,101,117,14,13,52
07/12/2013,73,80,90,3,5,23
07/12/2013,89,115,96,7,19,29
07/12/2013,85,83,99,6,6,31
07/12/2013,91,99,82,8,12,17
07/12/2013,97,94,100,10,10,32
07/12/2013,127,130,133,22,23,71
07/12/2013,113,113,127,17,18,66
07/12/2013,116,110,122,18,17,60
07/12/2013,116,99,120,18,12,57
07/12/2013,104,110,118,13,17,54
07/12/2013,109,103,108,15,14,41
07/12/2013,118,118,118,19,20,53
07/12/2013,118,103,118,19,14,54
07/12/2013,127,113,128,22,18,67
07/12/2013,118,115,120,19,19,57
07/12/2013,97,110,95,10,17,28
07/12/2013,120,106,123,20,15,61
07/12/2013,132,130,136,23,23,73
07/12/2013,109,121,116,15,21,51
07/12/2013,127,141,133,22,25,71
07/12/2013,123,130,119,21,23,55
07/12/2013,113,108,115,17,16,49
07/12/2013,116,121,118,18,21,54
07/12/2013,111,103,121,16,14,59
07/12/2013,111,101,110,16,13,43
07/12/2013,102,118,109,12,20,42
07/12/2013,113,115,117,17,19,52
07/12/2013,97,92,105,10,9,38
07/12/2013,111,110,103,16,17,35
07/12/2013,99,108,96,11,16,29
07/12/2013,97,97,108,10,11,41
07/12/2013,113,118,124,17,20,62
07/12/2013,91,108,99,8,16,31
07/12/2013,73,94,92,3,10,25
07/12/2013,102,83,108,12,6,41
07/12/2013,116,115,128,18,19,67
07/12/2013,99,113,111,11,18,45
07/12/2013,123,108,115,21,16,50
07/12/2013,109,103,115,15,14,50
07/12/2013,106,110,119,14,17,56
07/12/2013,116,101,120,18,13,57
07/12/2013,111,110,103,16,17,35
07/12/2013,85,101,105,6,13,38
07/12/2013,85,106,96,6,15,29
07/12/2013,109,113,119,15,18,55
07/12/2013,106,94,106,14,10,39
07/12/2013,99,103,116,11,14,51
07/12/2013,111,125,116,16,22,51
07/12/2013,113,110,122,17,17,60
07/12/2013,109,121,110,15,21,44
07/12/2013,106,97,94,14,11,27
07/12/2013,132,137,133,23,24,71
07/12/2013,106,94,110,14,10,43
07/12/2013,109,103,96,15,14,29
07/12/2013,111,110,113,16,17,47
07/12/2013,132,130,127,23,23,66
07/12/2013,106,108,115,14,16,50
07/12/2013,116,118,129,18,20,68
07/12/2013,127,130,141,22,23,79
07/12/2013,102,101,110,12,13,44
07/12/2013,141,118,126,25,20,65
07/12/2013,99,110,104,11,17,37
07/12/2013,113,110,117,17,17,52
07/12/2013,102,89,103,12,8,36
07/12/2013,118,125,123,19,22,61
07/12/2013,104,103,98,13,14,30
07/12/2013,118,110,124,19,17,63
07/12/2013,99,99,99,11,12,31
07/12/2013,102,103,103,12,14,36
07/12/2013,82,97,93,5,11,26
07/12/2013,106,106,101,14,15,34
07/12/2013,91,99,108,8,12,41
07/12/2013,91,80,94,8,5,27
07/12/2013,109,101,104,15,13,37
07/12/2013,89,94,92,7,10,25
07/12/2013,94,113,110,9,18,43
07/12/2013,102,99,106,12,12,39
07/12/2013,85,89,98,6,8,30
07/12/2013,102,89,78,12,8,15
07/12/2013,102,110,93,12,17,26
07/12/2013,91,80,92,8,5,25
07/12/2013,99,103,107,11,14,40
07/12/2013,89,113,95,7,18,28
07/12/2013,94,110,103,9,17,35
07/12/2013,111,141,121,16,25,59
07/12/2013,82,101,88,5,13,22
07/12/2013,91,106,105,8,15,38
07/12/2013,123,125,139,21,22,75
07/12/2013,116,121,120,18,21,58
07/12/2013,89,92,93,7,9,26
07/12/2013,99,99,120,11,12,57
07/12/2013,94,92,98,9,9,30
07/12/2013,94,99,103,9,12,36
07/12/2013,102,101,96,12,13,29
07/12/2013,99,80,110,11,5,43
07/12/2013,116,113,115,18,18,49
14/12/2013,102,97,103,12,11,35
14/12/2013,120,110,121,20,17,59
14/12/2013,127,115,124,22,19,63
14/12/2013,123,103,123,21,14,61
14/12/2013,104,110,106,13,17,39
14/12/2013,120,125,127,20,22,66
14/12/2013,116,115,119,18,19,55
14/12/2013,102,121,118,12,21,54
14/12/2013,116,121,119,18,21,55
14/12/2013,106,125,115,14,22,49
14/12/2013,106,94,110,14,10,44
14/12/2013,120,106,120,20,15,57
14/12/2013,127,103,120,22,14,58
14/12/2013,99,106,106,11,15,39
14/12/2013,99,89,94,11,8,27
14/12/2013,116,130,121,18,23,59
14/12/2013,102,118,118,12,20,53
14/12/2013,97,108,109,10,16,42
14/12/2013,97,101,103,10,13,35
14/12/2013,69,92,84,2,9,19
14/12/2013,109,118,110,15,20,44
14/12/2013,97,97,95,10,11,28
14/12/2013,104,99,103,13,12,35
14/12/2013,116,118,121,18,20,59
14/12/2013,111,118,125,16,20,64
14/12/2013,97,106,108,10,15,41
14/12/2013,123,118,122,21,20,60
14/12/2013,97,101,105,10,13,38
14/12/2013,97,99,96,10,12,29
14/12/2013,116,108,116,18,16,51
14/12/2013,109,94,104,15,10,37
14/12/2013,94,106,104,9,15,37
14/12/2013,111,110,118,16,17,53
14/12/2013,102,92,92,12,9,25
14/12/2013,99,106,110,11,15,44
14/12/2013,97,89,108,10,8,41
14/12/2013,127,121,126,22,21,65
14/12/2013,97,97,86,10,11,20
14/12/2013,89,77,105,7,4,38
14/12/2013,82,99,88,5,12,22
14/12/2013,106,130,96,14,23,29
14/12/2013,102,106,120,12,15,57
14/12/2013,141,125,130,25,22,69
14/12/2013,123,125,128,21,22,67
14/12/2013,116,115,123,18,19,61
14/12/2013,104,130,115,13,23,50
14/12/2013,89,101,109,7,13,42
14/12/2013,116,108,116,18,16,51
14/12/2013,141,141,136,25,25,73
14/12/2013,78,87,99,4,7,31
14/12/2013,116,121,116,18,21,51
14/12/2013,132,125,141,23,22,76
14/12/2013,109,103,110,15,14,43
14/12/2013,104,137,110,13,24,43
14/12/2013,118,121,120,19,21,58
14/12/2013,118,113,125,19,18,64
14/12/2013,97,94,101,10,10,34
14/12/2013,109,101,110,15,13,44
14/12/2013,120,113,120,20,18,58
14/12/2013,120,130,137,20,23,74
14/12/2013,85,113,109,6,18,42
14/12/2013,132,130,136,23,23,73
14/12/2013,141,141,139,25,25,75
14/12/2013,137,125,136,24,22,73
14/12/2013,123,130,129,21,23,68
14/12/2013,127,137,119,22,24,56
14/12/2013,97,108,105,10,16,38
14/12/2013,104,130,126,13,23,65
14/12/2013,127,141,134,22,26,72
14/12/2013,89,106,103,7,15,35
14/12/2013,111,110,111,16,17,45
14/12/2013,111,110,118,16,17,53
14/12/2013,99,106,101,11,15,33
14/12/2013,94,80,101,9,5,33
14/12/2013,97,115,115,10,19,49
14/12/2013,97,110,94,10,17,27
14/12/2013,99,101,94,11,13,27
14/12/2013,82,89,84,5,8,19
14/12/2013,123,137,132,21,24,70
14/12/2013,118,118,121,19,20,59
14/12/2013,111,94,121,16,10,59
14/12/2013,123,137,125,21,24,64
14/12/2013,111,115,111,16,19,45
14/12/2013,102,106,110,12,15,44
14/12/2013,94,97,96,9,11,29
14/12/2013,109,106,101,15,15,34
14/12/2013,113,108,118,17,16,54
14/12/2013,106,108,120,14,16,57
14/12/2013,94,83,101,9,6,33
14/12/2013,97,97,104,10,11,37
14/12/2013,106,87,103,14,7,36
14/12/2013,116,108,112,18,16,46
14/12/2013,118,103,119,19,14,56
14/12/2013,116,106,122,18,15,60
14/12/2013,123,110,115,21,17,50
14/12/2013,141,141,130,25,25,69
14/12/2013,116,118,111,18,20,45
14/12/2013,99,115,111,11,19,45
14/12/2013,123,130,124,21,23,63
14/12/2013,116,110,123,18,17,61
14/12/2013,102,113,114,12,18,48
14/12/2013,106,99,108,14,12,41
14/12/2013,85,89,96,6,8,29
14/12/2013,118,121,133,19,21,71
14/12/2013,120,118,112,20,20,46
14/12/2013,137,137,126,24,24,65
14/12/2013,141,121,127,25,21,66
14/12/2013,123,108,123,21,16,61
14/12/2013,132,121,130,23,21,69
14/12/2013,102,99,105,12,12,38
14/12/2013,137,130,126,24,23,65
14/12/2013,132,137,141,23,24,76
14/12/2013,104,121,112,13,21,46
14/12/2013,137,137,127,24,24,66
14/12/2013,118,101,104,19,13,37
14/12/2013,132,121,128,23,21,67
14/12/2013,94,103,98,9,14,30
14/12/2013,82,95,85,5,10,19
14/12/2013,82,87,98,5,7,30
14/12/2013,100,104,102,11,14,34
14/12/2013,102,125,105,12,22,37
14/12/2013,133,108,119,23,16,55
14/12/2013,111,113,120,16,18,56
14/12/2013,109,119,125,15,20,64
14/12/2013,120,113,120,20,18,57
14/12/2013,113,95,101,17,10,33
14/12/2013,104,99,109,13,12,42
14/12/2013,107,116,115,14,19,49
14/12/2013,89,111,111,7,17,44
14/12/2013,113,106,123,17,15,61
14/12/2013,109,119,122,15,20,60
14/12/2013,111,113,120,16,18,57
14/12/2013,85,80,79,6,5,15
14/12/2013,94,113,120,9,18,56
14/12/2013,111,101,116,16,13,51
14/12/2013,102,122,116,12,21,51
14/12/2013,127,113,123,22,18,61
14/12/2013,91,101,104,8,13,37
14/12/2013,113,119,115,17,20,49
14/12/2013,111,106,114,16,15,47
14/12/2013,116,122,125,18,21,63
14/12/2013,133,113,125,23,18,64
14/12/2013,123,122,114,21,21,48
14/12/2013,133,130,134,23,23,72
14/12/2013,123,130,133,21,23,71
14/12/2013,116,119,127,18,20,66
14/12/2013,113,125,122,17,22,60
14/12/2013,127,130,132,22,23,70
14/12/2013,111,137,132,16,24,70
14/12/2013,120,125,127,20,22,66
14/12/2013,127,121,116,22,21,51
14/12/2013,102,110,106,12,17,39
14/12/2013,118,113,124,19,18,63
14/12/2013,127,115,130,22,19,69
14/12/2013,116,97,119,18,11,55
14/12/2013,111,110,124,16,17,62
14/12/2013,116,106,115,18,15,49
14/12/2013,116,130,125,18,23,64
14/12/2013,132,137,141,23,24,76
14/12/2013,127,130,127,22,23,66
14/12/2013,116,108,116,18,16,50
14/12/2013,104,99,96,13,12,28
14/12/2013,94,101,96,9,13,28
14/12/2013,89,87,92,7,7,25
14/12/2013,85,84,83,6,6,18
14/12/2013,116,125,119,18,22,54
14/12/2013,113,119,116,17,20,51
14/12/2013,116,116,119,18,19,55
14/12/2013,102,95,104,12,10,36
14/12/2013,94,101,100,9,13,32
14/12/2013,100,80,69,11,5,0
14/12/2013,102,104,115,12,14,49
14/12/2013,82,95,94,5,10,26
14/12/2013,109,111,116,15,17,51
14/12/2013,113,113,119,17,18,54
14/12/2013,107,104,110,14,14,43
14/12/2013,100,101,105,11,13,38
14/12/2013,91,113,106,8,18,39
14/12/2013,138,125,124,24,22,62
14/12/2013,85,77,90,6,4,23
14/12/2013,89,108,103,7,16,35
14/12/2013,113,113,121,17,18,58
14/12/2013,113,95,108,17,10,41
14/12/2013,109,122,114,15,21,47
14/12/2013,107,119,114,14,20,48
14/12/2013,102,111,113,12,17,46
14/12/2013,113,116,117,17,19,52
14/12/2013,109,116,104,15,19,36
14/12/2013,138,141,136,24,26,73
14/12/2013,133,137,136,23,24,73
14/12/2013,91,99,91,8,12,24
14/12/2013,109,111,125,15,17,63
14/12/2013,94,95,94,9,10,26
14/12/2013,106,108,121,14,16,59
14/12/2013,116,113,106,18,18,39
14/12/2013,104,103,111,13,14,45
14/12/2013,113,121,124,17,21,62
14/12/2013,120,125,128,20,22,67
14/12/2013,113,113,112,17,18,45
14/12/2013,109,113,111,15,18,44
14/12/2013,91,92,108,8,9,41
14/12/2013,123,141,132,21,25,70
14/12/2013,116,108,119,18,16,54
14/12/2013,109,108,114,15,16,48
14/12/2013,102,108,114,12,16,47
14/12/2013,133,122,131,23,21,69
14/12/2013,133,137,141,23,24,76
14/12/2013,97,90,114,10,8,47
14/12/2013,118,108,114,19,16,48
14/12/2013,127,130,134,22,23,72
14/12/2013,94,101,105,9,13,38
14/12/2013,100,122,115,11,21,49
14/12/2013,116,97,106,18,11,39
14/12/2013,111,113,125,16,18,64
14/12/2013,111,99,114,16,12,48
14/12/2013,82,74,83,5,3,18
14/12/2013,104,113,111,13,18,44
14/12/2013,113,125,119,17,22,55
14/12/2013,94,90,92,9,8,25
14/12/2013,85,108,98,6,16,30
14/12/2013,104,111,121,13,17,59
14/12/2013,113,111,127,17,17,66
14/12/2013,107,90,114,14,8,47
14/12/2013,111,111,128,16,17,67
14/12/2013,100,90,113,11,8,46
14/12/2013,111,108,101,16,16,33
14/12/2013,109,106,120,15,15,56
14/12/2013,97,97,96,10,11,28
14/12/2013,78,74,83,4,3,18
14/12/2013,111,111,108,16,17,41
14/12/2013,97,97,109,10,11,42
14/12/2013,107,108,107,14,16,40
14/12/2013,104,111,116,13,17,51
14/12/2013,102,99,104,12,12,36
14/12/2013,109,104,110,15,14,43
14/12/2013,107,106,119,14,15,55
14/12/2013,133,119,134,23,20,72
14/12/2013,116,119,122,18,20,60
14/12/2013,109,113,123,15,18,61
14/12/2013,104,119,122,13,20,60
14/12/2013,113,119,121,17,20,58
14/12/2013,109,122,124,15,21,62
14/12/2013,133,130,133,23,23,71
14/12/2013,102,116,104,12,19,36
14/12/2013,120,122,125,20,21,63
14/12/2013,133,122,131,23,21,69
14/12/2013,109,108,119,15,16,54
14/12/2013,133,130,137,23,23,74
14/12/2013,133,130,133,23,23,71
14/12/2013,127,119,124,22,20,62
14/12/2013,127,113,125,22,18,63
14/12/2013,116,113,105,18,18,38
14/12/2013,133,141,125,23,25,63
14/12/2013,102,101,103,12,13,35
14/12/2013,85,92,89,6,9,22
14/12/2013,91,111,97,8,17,29
14/12/2013,123,106,120,21,15,57
14/12/2013,113,101,101,17,13,33
14/12/2013,104,90,112,13,8,45
14/12/2013,120,125,125,20,22,64
14/12/2013,100,101,114,11,13,48
14/12/2013,104,106,121,13,15,59
14/12/2013,100,113,111,11,18,44
14/12/2013,99,108,100,11,16,32
14/12/2013,107,106,116,14,15,50
14/12/2013,116,104,116,18,14,50
14/12/2013,120,113,117,20,18,52
14/12/2013,104,119,114,13,20,48
14/12/2013,111,108,117,16,16,52
14/12/2013,118,116,120,19,19,57
14/12/2013,113,130,127,17,23,66
14/12/2013,100,104,117,11,14,52
14/12/2013,94,108,98,9,16,30
14/12/2013,85,92,80,6,9,16
14/12/2013,94,99,105,9,12,37
14/12/2013,120,97,118,20,11,53
14/12/2013,100,108,114,11,16,47
14/12/2013,102,87,106,12,7,39
14/12/2013,107,97,105,14,11,37
14/12/2013,113,104,116,17,14,51
14/12/2013,109,111,102,15,17,34
14/12/2013,91,99,102,8,12,34
14/12/2013,91,99,86,8,12,20
14/12/2013,107,113,120,14,18,56
14/12/2013,109,104,101,15,14,33
14/12/2013,107,92,111,14,9,44
14/12/2013,123,137,125,21,24,64
14/12/2013,111,122,118,16,21,53
14/12/2013,123,137,132,21,24,70
14/12/2013,138,130,126,24,23,65
14/12/2013,113,111,116,17,17,50
14/12/2013,138,119,137,24,20,74
14/12/2013,141,130,141,25,23,77
14/12/2013,102,108,105,12,16,37
14/12/2013,133,137,129,23,24,68
14/12/2013,97,119,107,10,20,40
14/12/2013,127,119,133,22,20,71
14/12/2013,97,108,104,10,16,36
14/12/2013,109,101,112,15,13,45
14/12/2013,113,113,113,17,18,46
14/12/2013,127,119,123,22,20,61
14/12/2013,107,95,108,14,10,41
14/12/2013,102,99,95,12,12,27
14/12/2013,133,137,131,23,24,69
14/12/2013,102,106,114,12,15,48
14/12/2013,104,97,105,13,11,38
14/12/2013,104,108,120,13,16,56
14/12/2013,102,70,100,12,2,32
14/12/2013,100,95,103,11,10,35
14/12/2013,123,106,117,21,15,52
14/12/2013,107,104,114,14,14,48
14/12/2013,94,101,111,9,13,44
14/12/2013,111,130,113,16,23,46
14/12/2013,127,125,122,22,22,60
14/12/2013,109,101,115,15,13,49
14/12/2013,120,101,123,20,13,61
14/12/2013,94,113,113,9,18,46
14/12/2013,82,84,90,5,6,23
14/12/2013,104,111,113,13,17,46
14/12/2013,109,111,108,15,17,41
14/12/2013,102,116,99,12,19,31
14/12/2013,116,116,120,18,19,57
14/12/2013,104,119,107,13,20,40
14/12/2013,113,101,114,17,13,47
14/12/2013,97,97,103,10,11,35
14/12/2013,116,116,133,18,19,71
14/12/2013,97,101,98,10,13,30
14/12/2013,113,97,86,17,11,20
14/12/2013,102,108,100,12,16,32
14/12/2013,123,111,126,21,17,65
14/12/2013,118,113,121,19,18,58
14/12/2013,102,119,103,12,20,35
14/12/2013,111,104,119,16,14,54
14/12/2013,133,130,133,23,23,71
21/12/2013,111,111,119,16,17,55
21/12/2013,118,106,120,19,15,57
21/12/2013,118,119,119,19,20,54
21/12/2013,141,130,134,25,23,72
21/12/2013,123,119,132,21,20,70
21/12/2013,127,125,139,22,22,75
21/12/2013,111,111,119,16,17,54
21/12/2013,118,113,125,19,18,64
21/12/2013,123,137,129,21,24,68
21/12/2013,123,122,122,21,21,60
21/12/2013,120,116,100,20,19,32
21/12/2013,123,125,125,21,22,63
21/12/2013,118,125,114,19,22,48
21/12/2013,118,113,120,19,18,57
21/12/2013,141,122,131,25,21,69
21/12/2013,133,116,105,23,19,37
21/12/2013,111,106,105,16,15,37
21/12/2013,78,90,86,4,8,20
21/12/2013,89,84,83,7,6,18
21/12/2013,120,116,125,20,19,63
21/12/2013,104,95,106,13,10,39
21/12/2013,118,119,120,19,20,57
21/12/2013,113,101,119,17,13,55
21/12/2013,89,90,91,7,8,24
21/12/2013,107,108,110,14,16,43
21/12/2013,104,116,113,13,19,46
21/12/2013,138,116,121,24,19,59
21/12/2013,78,74,92,4,3,25
21/12/2013,104,108,105,13,16,37
21/12/2013,109,113,112,15,18,45
21/12/2013,78,92,97,4,9,29
21/12/2013,109,106,118,15,15,53
21/12/2013,94,106,104,9,15,36
21/12/2013,109,108,105,15,16,38
21/12/2013,94,92,95,9,9,27
21/12/2013,109,92,104,15,9,36
21/12/2013,104,111,105,13,17,37
21/12/2013,100,95,111,11,10,44
21/12/2013,120,137,129,20,24,68
21/12/2013,123,119,125,21,20,64
21/12/2013,89,97,90,7,11,23
21/12/2013,102,95,95,12,10,27
21/12/2013,91,104,104,8,14,36
21/12/2013,111,95,92,16,10,25
21/12/2013,109,116,104,15,19,36
21/12/2013,107,111,107,14,17,40
21/12/2013,123,119,118,21,20,53
21/12/2013,123,101,128,21,13,67
21/12/2013,104,90,119,13,8,55
21/12/2013,111,101,103,16,13,35
21/12/2013,123,97,112,21,11,45
21/12/2013,118,116,120,19,19,56
21/12/2013,138,141,136,24,25,73
21/12/2013,104,99,105,13,12,37
21/12/2013,120,122,127,20,21,66
21/12/2013,102,87,95,12,7,27
21/12/2013,138,130,137,24,23,74
21/12/2013,133,137,141,23,24,77
21/12/2013,133,122,136,23,21,73
21/12/2013,116,104,120,18,14,56
21/12/2013,109,108,119,15,16,54
21/12/2013,120,119,125,20,20,63
21/12/2013,107,108,118,14,16,53
21/12/2013,109,130,120,15,23,56
21/12/2013,120,119,125,20,20,64
21/12/2013,91,106,104,8,15,36
21/12/2013,123,125,124,21,22,62
21/12/2013,102,104,116,12,14,51
21/12/2013,89,84,97,7,6,29
21/12/2013,107,106,95,14,15,27
21/12/2013,85,108,95,6,16,27
21/12/2013,113,106,106,17,15,39
21/12/2013,111,95,111,16,10,44
21/12/2013,109,99,117,15,12,52
21/12/2013,91,99,108,8,12,41
21/12/2013,104,108,110,13,16,43
21/12/2013,91,87,106,8,7,39
21/12/2013,100,104,105,11,14,37
21/12/2013,102,106,105,12,15,38
21/12/2013,116,116,116,18,19,51
21/12/2013,97,101,114,10,13,47
21/12/2013,97,97,119,10,11,55
21/12/2013,100,84,79,11,6,15
21/12/2013,82,70,86,5,2,20
21/12/2013,85,108,107,6,16,40
21/12/2013,85,106,107,6,15,40
21/12/2013,109,84,113,15,6,46
21/12/2013,133,111,119,23,17,54
21/12/2013,109,92,103,15,9,35
21/12/2013,102,92,97,12,9,29
21/12/2013,78,111,95,4,17,27
21/12/2013,116,122,125,18,21,63
21/12/2013,127,130,128,22,23,67
21/12/2013,111,104,105,16,14,37
21/12/2013,107,125,109,14,22,42
21/12/2013,113,119,118,17,20,53
21/12/2013,138,130,134,24,23,72
21/12/2013,102,116,121,12,19,59
21/12/2013,127,125,129,22,22,68
21/12/2013,141,125,136,25,22,73
21/12/2013,120,99,126,20,12,65
21/12/2013,141,122,123,25,21,61
21/12/2013,123,141,134,21,25,72
21/12/2013,127,122,134,22,21,72
21/12/2013,102,104,102,12,14,34
21/12/2013,116,106,120,18,15,57
21/12/2013,120,125,131,20,22,69
21/12/2013,113,122,121,17,21,59
21/12/2013,109,116,125,15,19,63
21/12/2013,127,137,126,22,24,65
21/12/2013,107,111,103,14,17,35
21/12/2013,100,90,104,11,8,36
21/12/2013,78,77,85,4,4,19
21/12/2013,100,125,119,11,22,55
21/12/2013,100,99,105,11,12,38
21/12/2013,97,99,89,10,12,22
21/12/2013,118,95,119,19,10,55
21/12/2013,116,104,107,18,14,40
21/12/2013,111,116,116,16,19,51
21/12/2013,113,113,116,17,18,51
21/12/2013,102,99,105,12,12,37
21/12/2013,102,111,115,12,17,49
21/12/2013,104,106,107,13,15,40
21/12/2013,123,122,126,21,21,65
21/12/2013,118,113,125,19,18,64
21/12/2013,133,122,124,23,21,62
21/12/2013,109,119,106,15,20,39
21/12/2013,94,119,103,9,20,35
21/12/2013,102,116,109,12,19,42
21/12/2013,107,125,113,14,22,46
21/12/2013,127,119,118,22,20,53
21/12/2013,94,113,79,9,18,15
21/12/2013,102,99,109,12,12,42
21/12/2013,109,125,116,15,22,51
21/12/2013,107,99,112,14,12,45
21/12/2013,118,130,125,19,23,64
21/12/2013,85,95,69,6,10,10
21/12/2013,109,125,116,15,22,51
21/12/2013,104,101,99,13,13,31
21/12/2013,109,84,104,15,6,36
21/12/2013,85,87,91,6,7,24
21/12/2013,94,106,110,9,15,43
21/12/2013,116,119,120,18,20,56
21/12/2013,118,106,127,19,15,66
21/12/2013,107,130,121,14,23,58
21/12/2013,120,119,123,20,20,61
21/12/2013,102,99,96,12,12,28
21/12/2013,107,125,121,14,22,59
21/12/2013,111,137,122,16,24,60
21/12/2013,133,141,131,23,26,69
21/12/2013,102,92,96,12,9,28
21/12/2013,118,116,137,19,19,74
21/12/2013,133,113,129,23,18,68
21/12/2013,120,106,115,20,15,49
21/12/2013,123,130,122,21,23,60
21/12/2013,111,99,114,16,12,47
21/12/2013,120,113,132,20,18,70
21/12/2013,133,125,132,23,22,70
21/12/2013,127,125,134,22,22,72
21/12/2013,123,95,119,21,10,54
21/12/2013,100,101,98,11,13,30
21/12/2013,94,87,97,9,7,29
21/12/2013,100,87,109,11,7,42
21/12/2013,102,95,111,12,10,44
21/12/2013,100,104,102,11,14,34
21/12/2013,116,113,120,18,18,56
21/12/2013,91,113,95,8,18,27
21/12/2013,107,119,117,14,20,52
21/12/2013,102,101,102,12,13,34
21/12/2013,94,90,97,9,8,29
21/12/2013,120,122,126,20,21,65
21/12/2013,91,101,116,8,13,51
21/12/2013,97,87,104,10,7,36
21/12/2013,94,95,104,9,10,36
21/12/2013,118,113,121,19,18,59
21/12/2013,104,108,114,13,16,48
21/12/2013,82,84,89,5,6,22
21/12/2013,109,104,114,15,14,48
21/12/2013,141,113,131,25,18,69
21/12/2013,123,125,128,21,22,67
21/12/2013,100,116,108,11,19,41
21/12/2013,100,84,87,11,6,21
21/12/2013,73,69,74,3,1,13
21/12/2013,116,106,118,18,15,53
21/12/2013,116,119,117,18,20,52
21/12/2013,127,141,141,22,25,78
21/12/2013,100,108,106,11,16,39
21/12/2013,123,130,132,21,23,70
21/12/2013,138,119,128,24,20,67
21/12/2013,138,137,119,24,24,54
21/12/2013,120,104,116,20,14,50
21/12/2013,109,97,114,15,11,47
21/12/2013,141,137,125,25,24,64
21/12/2013,123,119,127,21,20,66
21/12/2013,120,119,124,20,20,62
21/12/2013,118,106,118,19,15,53
21/12/2013,109,104,94,15,14,26
21/12/2013,100,84,106,11,6,39
21/12/2013,97,111,83,10,17,18
21/12/2013,104,101,108,13,13,41
21/12/2013,123,116,126,21,19,65
21/12/2013,94,108,108,9,16,41
21/12/2013,113,130,121,17,23,58
21/12/2013,107,95,114,14,10,47
21/12/2013,133,106,124,23,15,62
21/12/2013,85,90,102,6,8,34
21/12/2013,113,95,106,17,10,39
21/12/2013,89,95,99,7,10,31
21/12/2013,120,119,132,20,20,70
21/12/2013,141,125,132,25,22,70
21/12/2013,109,70,95,15,2,27
21/12/2013,85,99,104,6,12,36
21/12/2013,120,116,119,20,19,55
21/12/2013,104,111,120,13,17,57
21/12/2013,89,74,105,7,3,38
21/12/2013,118,99,116,19,12,51
21/12/2013,89,80,103,7,5,35
21/12/2013,133,113,129,23,18,68
21/12/2013,100,113,111,11,18,44
21/12/2013,100,99,105,11,12,37
21/12/2013,133,125,125,23,22,63
21/12/2013,116,111,124,18,17,62
21/12/2013,138,125,132,24,22,70
21/12/2013,127,130,128,22,23,67
21/12/2013,120,119,116,20,20,51
21/12/2013,113,122,106,17,21,39
21/12/2013,78,95,87,4,10,21
21/12/2013,118,113,125,19,18,63
21/12/2013,94,99,109,9,12,42
21/12/2013,133,116,119,23,19,54
21/12/2013,118,106,119,19,15,55
21/12/2013,123,137,134,21,24,72
21/12/2013,127,130,139,22,23,75
21/12/2013,111,111,105,16,17,37
21/12/2013,127,122,129,22,21,68
21/12/2013,97,104,107,10,14,40
21/12/2013,133,116,122,23,19,60
21/12/2013,138,137,137,24,24,74
21/12/2013,89,97,111,7,11,44
21/12/2013,141,137,133,25,24,71
21/12/2013,109,90,100,15,8,32
21/12/2013,118,113,116,19,18,51
21/12/2013,127,119,118,22,20,53
21/12/2013,107,101,108,14,13,41
21/12/2013,141,125,141,25,22,78
21/12/2013,118,108,99,19,16,31
21/12/2013,107,92,121,14,9,58
21/12/2013,91,92,91,8,9,24
21/12/2013,94,101,101,9,13,33
21/12/2013,94,125,112,9,22,45
21/12/2013,94,101,92,9,13,25
21/12/2013,111,104,120,16,14,56
21/12/2013,94,101,100,9,13,32
21/12/2013,123,119,121,21,20,59
21/12/2013,100,84,96,11,6,28
21/12/2013,111,108,91,16,16,24
21/12/2013,118,108,98,19,16,30
21/12/2013,111,92,105,16,9,37
21/12/2013,113,111,112,17,17,45
21/12/2013,113,125,121,17,22,58
21/12/2013,97,97,95,10,11,27
21/12/2013,91,104,104,8,14,36
21/12/2013,97,111,122,10,17,60
21/12/2013,107,104,112,14,14,45
21/12/2013,94,90,100,9,8,32
21/12/2013,116,116,109,18,19,42
21/12/2013,100,87,82,11,7,17
21/12/2013,78,101,97,4,13,29
21/12/2013,91,106,96,8,15,28
21/12/2013,109,108,117,15,16,52
21/12/2013,107,84,99,14,6,31
21/12/2013,89,101,103,7,13,35
21/12/2013,85,106,97,6,15,29
21/12/2013,94,90,103,9,8,35
21/12/2013,133,130,132,23,23,70
21/12/2013,102,104,86,12,14,20
21/12/2013,109,104,124,15,14,62
21/12/2013,113,108,120,17,16,57
21/12/2013,102,99,97,12,12,29
21/12/2013,94,97,96,9,11,28
21/12/2013,133,141,132,23,26,70
21/12/2013,111,111,116,16,17,50
21/12/2013,102,113,98,12,18,30
21/12/2013,120,119,112,20,20,45
21/12/2013,141,130,141,25,23,76
21/12/2013,102,99,102,12,12,34
21/12/2013,127,97,105,22,11,38
21/12/2013,127,125,131,22,22,69
21/12/2013,94,104,104,9,14,36
21/12/2013,133,137,132,23,24,70
21/12/2013,123,122,131,21,21,69
21/12/2013,120,113,116,20,18,51
21/12/2013,127,141,141,22,26,78
21/12/2013,100,116,100,11,19,32
21/12/2013,78,90,100,4,8,32
21/12/2013,91,101,102,8,13,34
21/12/2013,120,125,127,20,22,66
21/12/2013,123,111,116,21,17,50
21/12/2013,104,101,117,13,13,52
21/12/2013,109,106,111,15,15,44
21/12/2013,107,119,119,14,20,55
21/12/2013,113,137,116,17,24,51
21/12/2013,91,108,112,8,16,45
21/12/2013,120,106,113,20,15,46
21/12/2013,109,111,116,15,17,51
21/12/2013,133,125,129,23,22,68
21/12/2013,94,97,106,9,11,39
21/12/2013,118,111,133,19,17,71
21/12/2013,123,122,129,21,21,68
21/12/2013,111,111,114,16,17,48
21/12/2013,107,108,114,14,16,48
21/12/2013,107,84,94,14,6,26
21/12/2013,104,97,109,13,11,42
21/12/2013,133,122,119,23,21,55
21/12/2013,118,130,119,19,23,55
21/12/2013,109,122,119,15,21,54
21/12/2013,102,97,114,12,11,47
21/12/2013,100,77,97,11,4,29
21/12/2013,102,101,104,12,13,36
21/12/2013,127,116,128,22,19,67
21/12/2013,109,113,116,15,18,51
21/12/2013,133,113,129,23,18,68
21/12/2013,109,113,114,15,18,47
21/12/2013,104,101,103,13,13,35
21/12/2013,116,122,126,18,21,65
28/12/2013,133,125,128,23,22,67
28/12/2013,120,101,111,20,13,44
28/12/2013,104,108,115,13,16,49
28/12/2013,91,101,85,8,13,19
28/12/2013,120,116,120,20,19,56
28/12/2013,100,111,109,11,17,42
28/12/2013,127,122,126,22,21,65
28/12/2013,85,87,98,6,7,30
28/12/2013,116,111,118,18,17,53
28/12/2013,100,92,106,11,9,39
28/12/2013,118,116,116,19,19,51
28/12/2013,97,90,95,10,8,27
28/12/2013,100,92,104,11,9,36
28/12/2013,94,122,110,9,21,43
28/12/2013,78,97,98,4,11,30
28/12/2013,111,130,122,16,23,60
28/12/2013,94,92,95,9,9,27
28/12/2013,133,108,116,23,16,51
28/12/2013,109,104,107,15,14,40
28/12/2013,116,116,113,18,19,46
28/12/2013,107,106,115,14,15,49
28/12/2013,94,87,90,9,7,23
28/12/2013,100,108,107,11,16,40
28/12/2013,109,77,91,15,4,24
28/12/2013,113,101,109,17,13,42
28/12/2013,111,106,105,16,15,37
28/12/2013,100,99,106,11,12,39
28/12/2013,94,111,105,9,17,38
28/12/2013,118,137,133,19,24,71
28/12/2013,118,122,113,19,21,46
28/12/2013,120,111,119,20,17,54
28/12/2013,104,80,94,13,5,26
28/12/2013,113,99,115,17,12,49
28/12/2013,111,99,106,16,12,39
28/12/2013,120,125,120,20,22,57
28/12/2013,109,99,116,15,12,50
28/12/2013,97,97,95,10,11,27
28/12/2013,104,99,104,13,12,36
28/12/2013,104,104,98,13,14,30
28/12/2013,100,97,101,11,11,33
28/12/2013,94,99,114,9,12,48
28/12/2013,94,108,97,9,16,29
28/12/2013,102,87,103,12,7,35
28/12/2013,107,122,118,14,21,53
28/12/2013,97,92,101,10,9,33
28/12/2013,97,137,104,10,24,36
28/12/2013,120,116,128,20,19,67
28/12/2013,138,106,123,24,15,61
28/12/2013,107,108,119,14,16,54
28/12/2013,91,108,99,8,16,31
28/12/2013,113,113,120,17,18,57
28/12/2013,104,92,113,13,9,46
28/12/2013,116,113,115,18,18,49
28/12/2013,133,125,124,23,22,62
28/12/2013,138,125,137,24,22,74
28/12/2013,133,116,133,23,19,71
28/12/2013,127,116,119,22,19,55
28/12/2013,78,70,87,4,2,21
28/12/2013,120,122,124,20,21,62
28/12/2013,100,95,105,11,10,38
28/12/2013,102,113,100,12,18,32
28/12/2013,107,119,109,14,20,42
28/12/2013,91,87,100,8,7,32
28/12/2013,120,111,103,20,17,35
28/12/2013,104,90,107,13,8,40
28/12/2013,109,119,117,15,20,52
28/12/2013,107,125,113,14,22,46
28/12/2013,107,106,115,14,15,49
28/12/2013,120,104,122,20,14,60
28/12/2013,116,125,131,18,22,69
28/12/2013,97,104,101,10,14,33
28/12/2013,123,113,119,21,18,55
28/12/2013,89,116,111,7,19,44
28/12/2013,116,119,125,18,20,64
28/12/2013,102,116,105,12,19,37
28/12/2013,100,92,90,11,9,23
28/12/2013,100,87,96,11,7,28
28/12/2013,97,92,110,10,9,43
28/12/2013,123,125,127,21,22,66
28/12/2013,109,111,112,15,17,45
28/12/2013,89,92,95,7,9,27
28/12/2013,100,99,119,11,12,54
28/12/2013,107,113,114,14,18,47
28/12/2013,109,90,97,15,8,29
28/12/2013,123,137,133,21,24,71
28/12/2013,100,122,108,11,21,41
28/12/2013,138,122,127,24,21,66
28/12/2013,127,104,127,22,14,66
28/12/2013,123,137,122,21,24,60
28/12/2013,109,104,108,15,14,41
28/12/2013,123,122,117,21,21,52
28/12/2013,97,92,105,10,9,37
28/12/2013,82,74,90,5,3,23
28/12/2013,91,113,104,8,18,36
28/12/2013,116,122,118,18,21,53
28/12/2013,118,116,118,19,19,53
28/12/2013,118,119,123,19,20,61
28/12/2013,113,101,103,17,13,35
28/12/2013,91,119,105,8,20,37
28/12/2013,104,104,106,13,14,39
28/12/2013,97,90,105,10,8,37
28/12/2013,89,97,94,7,11,26
28/12/2013,91,95,100,8,10,32
28/12/2013,91,87,69,8,7,11
28/12/2013,104,111,119,13,17,55
28/12/2013,113,111,116,17,17,51
28/12/2013,116,113,129,18,18,68
28/12/2013,102,97,95,12,11,27
28/12/2013,111,113,113,16,18,46
28/12/2013,111,90,107,16,8,40
28/12/2013,113,97,115,17,11,49
28/12/2013,111,119,109,16,20,42
28/12/2013,107,125,107,14,22,40
28/12/2013,127,122,121,22,21,58
28/12/2013,123,137,127,21,24,66
28/12/2013,120,119,133,20,20,71
28/12/2013,120,111,121,20,17,58
28/12/2013,107,99,115,14,12,49
28/12/2013,100,111,114,11,17,47
28/12/2013,133,116,141,23,19,76
28/12/2013,97,113,102,10,18,34
28/12/2013,113,116,120,17,19,56
28/12/2013,69,84,80,2,6,16
28/12/2013,113,104,125,17,14,63
28/12/2013,91,97,106,8,11,39
28/12/2013,97,95,116,10,10,50
28/12/2013,138,137,139,24,24,75
28/12/2013,123,137,137,21,24,74
28/12/2013,141,122,133,25,21,71
28/12/2013,120,116,122,20,19,60
28/12/2013,111,111,123,16,17,61
28/12/2013,138,122,125,24,21,64
28/12/2013,113,106,111,17,15,44
28/12/2013,118,113,119,19,18,55
28/12/2013,107,106,97,14,15,29
28/12/2013,91,104,100,8,14,32
28/12/2013,100,101,104,11,13,36
28/12/2013,116,130,127,18,23,66
28/12/2013,97,92,106,10,9,39
28/12/2013,109,101,120,15,13,56
28/12/2013,138,137,141,24,24,76
28/12/2013,127,119,131,22,20,69
28/12/2013,116,101,114,18,13,48
28/12/2013,107,90,100,14,8,32
28/12/2013,133,141,134,23,25,72
28/12/2013,100,104,117,11,14,52
28/12/2013,111,101,106,16,13,39
28/12/2013,104,125,107,13,22,40
28/12/2013,94,99,101,9,12,33
28/12/2013,120,113,127,20,18,66
28/12/2013,109,104,109,15,14,42
28/12/2013,111,116,117,16,19,52
28/12/2013,82,101,108,5,13,41
28/12/2013,113,108,105,17,16,37
28/12/2013,97,108,109,10,16,42
28/12/2013,89,106,104,7,15,36
28/12/2013,123,104,124,21,14,62
28/12/2013,118,97,117,19,11,52
28/12/2013,107,104,116,14,14,51
28/12/2013,107,99,112,14,12,45
28/12/2013,113,101,118,17,13,53
28/12/2013,133,141,137,23,25,74
28/12/2013,120,116,109,20,19,42
28/12/2013,116,90,106,18,8,39
28/12/2013,118,108,125,19,16,64
28/12/2013,111,108,114,16,16,47
28/12/2013,120,125,131,20,22,69
28/12/2013,107,99,111,14,12,44
28/12/2013,85,74,83,6,3,18
28/12/2013,138,116,136,24,19,73
28/12/2013,109,116,121,15,19,58
28/12/2013,113,99,124,17,12,62
28/12/2013,138,141,129,24,25,68
28/12/2013,109,97,112,15,11,45
28/12/2013,127,116,131,22,19,69
28/12/2013,104,84,108,13,6,41
28/12/2013,133,125,128,23,22,67
28/12/2013,100,108,114,11,16,47
28/12/2013,94,99,100,9,12,32
28/12/2013,111,101,108,16,13,41
28/12/2013,89,92,100,7,9,32
28/12/2013,97,95,107,10,10,40
28/12/2013,85,95,92,6,10,25
28/12/2013,104,106,104,13,15,36
28/12/2013,113,116,111,17,19,44
28/12/2013,107,99,104,14,12,36
28/12/2013,133,130,129,23,23,68
28/12/2013,102,111,112,12,17,45
28/12/2013,127,141,136,22,25,73
28/12/2013,82,90,102,5,8,34
28/12/2013,100,111,103,11,17,35
28/12/2013,104,116,109,13,19,42
28/12/2013,78,80,82,4,5,17
28/12/2013,107,97,111,14,11,44
28/12/2013,97,87,99,10,7,31
28/12/2013,127,125,129,22,22,68
28/12/2013,104,108,103,13,16,35
28/12/2013,116,108,117,18,16,52
28/12/2013,100,104,102,11,14,34
28/12/2013,133,137,136,23,24,73
28/12/2013,133,130,134,23,23,72
28/12/2013,118,122,128,19,21,67
28/12/2013,141,137,141,25,24,77
28/12/2013,107,116,117,14,19,52
28/12/2013,127,130,136,22,23,73
28/12/2013,78,87,83,4,7,18
28/12/2013,85,90,92,6,8,25
28/12/2013,91,101,94,8,13,26
28/12/2013,102,101,112,12,13,45
28/12/2013,109,122,132,15,21,70
28/12/2013,107,119,115,14,20,49
28/12/2013,138,116,134,24,19,72
28/12/2013,100,99,97,11,12,29
28/12/2013,113,116,117,17,19,52
28/12/2013,113,116,113,17,19,46
28/12/2013,94,116,110,9,19,43
28/12/2013,109,108,108,15,16,41
28/12/2013,100,87,106,11,7,39
28/12/2013,82,84,91,5,6,24
28/12/2013,102,90,89,12,8,22
28/12/2013,127,116,120,22,19,57
28/12/2013,107,113,107,14,18,40
28/12/2013,118,101,124,19,13,62
28/12/2013,118,130,120,19,23,57
28/12/2013,111,113,118,16,18,53
28/12/2013,109,119,108,15,20,41
28/12/2013,111,125,120,16,22,56
28/12/2013,102,113,115,12,18,49
28/12/2013,100,97,116,11,11,51
28/12/2013,113,122,125,17,21,63
28/12/2013,120,108,118,20,16,53
28/12/2013,94,113,105,9,18,38
28/12/2013,120,125,117,20,22,52
28/12/2013,104,113,112,13,18,45
28/12/2013,69,69,69,0,0,10
28/12/2013,97,90,89,10,8,22
28/12/2013,107,106,112,14,15,45
28/12/2013,118,111,124,19,17,62
28/12/2013,116,108,125,18,16,64
28/12/2013,123,137,120,21,24,56
28/12/2013,91,95,105,8,10,37
28/12/2013,111,101,110,16,13,43
28/12/2013,116,106,116,18,15,50
28/12/2013,109,113,114,15,18,48
28/12/2013,109,119,125,15,20,63
28/12/2013,113,116,117,17,19,52
28/12/2013,111,99,116,16,12,51
28/12/2013,82,104,97,5,14,29
28/12/2013,113,99,109,17,12,42
28/12/2013,113,106,105,17,15,37
28/12/2013,118,108,124,19,16,62
28/12/2013,133,130,137,23,23,74
28/12/2013,109,111,126,15,17,65
28/12/2013,97,111,113,10,17,46
28/12/2013,91,116,98,8,19,30
28/12/2013,116,116,126,18,19,65
28/12/2013,138,137,141,24,24,77
28/12/2013,133,137,131,23,24,69
28/12/2013,104,122,110,13,21,43
28/12/2013,97,104,114,10,14,48
28/12/2013,73,87,74,3,7,13
28/12/2013,102,106,106,12,15,39
28/12/2013,104,108,103,13,16,35
28/12/2013,97,95,115,10,10,49
28/12/2013,120,130,108,20,23,41
28/12/2013,116,141,137,18,26,74
28/12/2013,102,99,97,12,12,29
28/12/2013,97,111,96,10,17,28
28/12/2013,107,77,105,14,4,38
28/12/2013,113,106,109,17,15,42
28/12/2013,107,116,111,14,19,44
28/12/2013,111,119,109,16,20,42
28/12/2013,89,77,92,7,4,25
28/12/2013,100,97,110,11,11,43
28/12/2013,100,113,111,11,18,44
28/12/2013,109,108,114,15,16,47
28/12/2013,69,70,69,1,2,9
28/12/2013,100,101,109,11,13,42
28/12/2013,85,108,102,6,16,34
28/12/2013,107,101,111,14,13,44
28/12/2013,123,113,119,21,18,55
28/12/2013,118,130,127,19,23,66
28/12/2013,85,104,96,6,14,28
28/12/2013,109,97,117,15,11,52
28/12/2013,127,113,132,22,18,70
28/12/2013,118,113,121,19,18,59
28/12/2013,100,122,103,11,21,35
28/12/2013,118,116,115,19,19,49
28/12/2013,85,90,94,6,8,26
28/12/2013,85,111,113,6,17,46
28/12/2013,107,108,114,14,16,47
28/12/2013,104,119,109,13,20,42
28/12/2013,118,119,128,19,20,67
28/12/2013,123,137,129,21,24,68
28/12/2013,109,122,122,15,21,60
28/12/2013,94,95,104,9,10,36
28/12/2013,100,101,102,11,13,34
28/12/2013,111,108,106,16,16,39
04/01/2014,118,125,119,19,22,54
04/01/2014,127,125,141,22,22,78
04/01/2014,127,108,126,22,16,65
04/01/2014,118,116,117,19,19,52
04/01/2014,133,125,119,23,22,54
04/01/2014,113,111,117,17,17,52
04/01/2014,116,116,124,18,19,62
04/01/2014,116,111,133,18,17,71
04/01/2014,100,90,91,11,8,24
04/01/2014,100,104,96,11,14,28
04/01/2014,100,84,91,11,6,24
04/01/2014,118,101,115,19,13,49
04/01/2014,109,97,113,15,11,46
04/01/2014,120,119,134,20,20,72
04/01/2014,91,99,109,8,12,42
04/01/2014,113,106,96,17,15,28
04/01/2014,107,106,106,14,15,39
04/01/2014,109,97,97,15,11,29
04/01/2014,91,101,105,8,13,38
04/01/2014,100,95,103,11,10,35
04/01/2014,109,104,116,15,14,51
04/01/2014,85,87,102,6,7,34
04/01/2014,91,104,105,8,14,38
04/01/2014,107,122,113,14,21,46
04/01/2014,127,101,123,22,13,61
04/01/2014,116,99,112,18,12,45
04/01/2014,123,125,124,21,22,62
04/01/2014,138,122,125,24,21,63
04/01/2014,102,111,103,12,17,35
04/01/2014,127,119,131,22,20,69
04/01/2014,127,116,112,22,19,45
04/01/2014,94,97,99,9,11,31
04/01/2014,116,111,107,18,17,40
04/01/2014,127,122,125,22,21,63
04/01/2014,107,101,102,14,13,34
04/01/2014,118,125,127,19,22,66
04/01/2014,123,130,133,21,23,71
04/01/2014,116,111,128,18,17,67
04/01/2014,113,116,124,17,19,62
04/01/2014,133,116,139,23,19,75
04/01/2014,123,122,125,21,21,63
04/01/2014,138,104,125,24,14,64
04/01/2014,127,141,136,22,25,73
04/01/2014,82,90,94,5,8,26
04/01/2014,118,122,120,19,21,56
04/01/2014,107,113,119,14,18,54
04/01/2014,97,87,113,10,7,46
04/01/2014,100,104,114,11,14,48
04/01/2014,116,111,125,18,17,64
04/01/2014,89,97,89,7,11,22
04/01/2014,104,92,115,13,9,49
04/01/2014,111,108,116,16,16,50
04/01/2014,102,99,119,12,12,54
04/01/2014,73,97,80,3,11,16
04/01/2014,85,99,95,6,12,27
04/01/2014,116,125,131,18,22,69
04/01/2014,97,99,106,10,12,39
04/01/2014,100,108,105,11,16,37
04/01/2014,100,97,108,11,11,41
04/01/2014,97,84,98,10,6,30
04/01/2014,109,111,127,15,17,66
04/01/2014,109,104,102,15,14,34
04/01/2014,127,122,125,22,21,63
04/01/2014,118,111,107,19,17,40
04/01/2014,123,108,131,21,16,69
04/01/2014,113,119,114,17,20,48
04/01/2014,91,97,100,8,11,32
04/01/2014,89,119,104,7,20,36
04/01/2014,100,77,94,11,4,26
04/01/2014,113,111,116,17,17,51
04/01/2014,89,97,95,7,11,27
04/01/2014,89,80,92,7,5,25
04/01/2014,133,130,141,23,23,76
04/01/2014,120,113,119,20,18,54
04/01/2014,109,108,118,15,16,53
04/01/2014,113,116,115,17,19,49
04/01/2014,111,104,113,16,14,46
04/01/2014,116,111,114,18,17,47
04/01/2014,133,125,133,23,22,71
04/01/2014,118,99,116,19,12,51
04/01/2014,89,99,90,7,12,23
04/01/2014,113,108,116,17,16,50
04/01/2014,97,104,116,10,14,50
04/01/2014,133,116,119,23,19,55
04/01/2014,107,97,120,14,11,56
04/01/2014,116,101,115,18,13,49
04/01/2014,118,108,107,19,16,40
04/01/2014,138,122,128,24,21,67
04/01/2014,138,141,141,24,25,76
04/01/2014,133,101,110,23,13,43
04/01/2014,116,125,120,18,22,56
04/01/2014,100,95,114,11,10,48
04/01/2014,109,111,111,15,17,44
04/01/2014,94,106,114,9,15,47
04/01/2014,111,104,106,16,14,39
04/01/2014,111,113,103,16,18,35
04/01/2014,102,97,94,12,11,26
04/01/2014,120,125,123,20,22,61
04/01/2014,89,95,89,7,10,22
04/01/2014,100,101,98,11,13,30
04/01/2014,85,87,83,6,7,18
04/01/2014,91,101,92,8,13,25
04/01/2014,104,106,116,13,15,51
04/01/2014,118,137,125,19,24,64
04/01/2014,97,97,104,10,11,36
04/01/2014,116,101,102,18,13,34
04/01/2014,100,95,104,11,10,36
04/01/2014,109,101,115,15,13,49
04/01/2014,82,108,98,5,16,30
04/01/2014,113,122,116,17,21,51
04/01/2014,123,119,121,21,20,59
04/01/2014,133,106,133,23,15,71
04/01/2014,89,108,92,7,16,25
04/01/2014,94,87,110,9,7,43
04/01/2014,102,130,109,12,23,42
04/01/2014,141,125,136,25,22,73
04/01/2014,97,99,104,10,12,36
04/01/2014,102,111,120,12,17,56
04/01/2014,104,111,106,13,17,39
04/01/2014,111,90,103,16,8,35
04/01/2014,118,122,114,19,21,48
04/01/2014,104,97,119,13,11,54
04/01/2014,109,77,107,15,4,40
04/01/2014,82,97,97,5,11,29
04/01/2014,91,97,91,8,11,24
04/01/2014,94,92,110,9,9,43
04/01/2014,120,141,137,20,25,74
04/01/2014,116,106,113,18,15,46
04/01/2014,133,122,134,23,21,72
04/01/2014,111,116,120,16,19,56
04/01/2014,102,113,120,12,18,57
04/01/2014,104,101,111,13,13,44
04/01/2014,111,92,107,16,9,40
04/01/2014,91,90,91,8,8,24
04/01/2014,102,116,114,12,19,48
04/01/2014,116,137,134,18,24,72
04/01/2014,102,113,108,12,18,41
04/01/2014,109,116,119,15,19,55
04/01/2014,118,130,119,19,23,55
04/01/2014,123,113,121,21,18,58
04/01/2014,111,122,123,16,21,61
04/01/2014,107,104,109,14,14,42
04/01/2014,104,97,111,13,11,44
04/01/2014,113,106,125,17,15,63
04/01/2014,100,97,105,11,11,37
04/01/2014,94,95,112,9,10,45
04/01/2014,107,113,115,14,18,49
04/01/2014,109,108,120,15,16,57
04/01/2014,111,111,128,16,17,67
04/01/2014,123,113,134,21,18,72
04/01/2014,97,97,104,10,11,36
04/01/2014,100,95,94,11,10,26
04/01/2014,104,108,109,13,16,42
04/01/2014,127,113,112,22,18,45
04/01/2014,127,130,125,22,23,63
04/01/2014,118,125,131,19,22,69
04/01/2014,94,99,97,9,12,29
04/01/2014,107,104,111,14,14,44
04/01/2014,91,90,99,8,8,31
04/01/2014,123,113,119,21,18,54
04/01/2014,111,101,117,16,13,52
04/01/2014,107,101,118,14,13,53
04/01/2014,111,108,108,16,16,41
04/01/2014,111,111,114,16,17,48
04/01/2014,97,116,116,10,19,51
04/01/2014,82,104,89,5,14,22
04/01/2014,102,111,115,12,17,49
04/01/2014,113,122,129,17,21,68
04/01/2014,118,119,129,19,20,68
04/01/2014,116,116,119,18,19,55
04/01/2014,111,125,125,16,22,63
04/01/2014,118,101,115,19,13,49
04/01/2014,113,111,98,17,17,30
04/01/2014,123,119,132,21,20,70
04/01/2014,141,130,136,25,23,73
04/01/2014,109,108,120,15,16,57
04/01/2014,78,106,89,4,15,22
04/01/2014,116,113,120,18,18,56
04/01/2014,138,116,126,24,19,65
04/01/2014,123,125,121,21,22,58
04/01/2014,116,111,110,18,17,43
04/01/2014,116,111,118,18,17,53
04/01/2014,104,106,110,13,15,43
04/01/2014,94,90,98,9,8,30
04/01/2014,141,116,131,25,19,69
04/01/2014,107,104,120,14,14,56
04/01/2014,109,84,111,15,6,44
04/01/2014,120,137,132,20,24,70
04/01/2014,116,116,107,18,19,40
04/01/2014,102,108,119,12,16,55
04/01/2014,91,101,95,8,13,27
04/01/2014,107,113,102,14,18,34
04/01/2014,109,111,113,15,17,46
04/01/2014,107,95,97,14,10,29
04/01/2014,102,95,102,12,10,34
04/01/2014,133,119,124,23,20,62
04/01/2014,91,122,107,8,21,40
04/01/2014,118,122,121,19,21,58
04/01/2014,102,116,111,12,19,44
04/01/2014,100,97,92,11,11,25
04/01/2014,118,113,107,19,18,40
04/01/2014,91,97,100,8,11,32
04/01/2014,111,108,122,16,16,60
04/01/2014,82,74,115,5,3,49
04/01/2014,107,122,121,14,21,58
04/01/2014,104,104,116,13,14,51
04/01/2014,116,95,117,18,10,52
04/01/2014,109,108,109,15,16,42
04/01/2014,102,101,104,12,13,36
04/01/2014,94,108,116,9,16,50
04/01/2014,133,125,131,23,22,69
04/01/2014,89,104,97,7,14,29
04/01/2014,133,122,119,23,21,55
04/01/2014,97,84,80,10,6,16
04/01/2014,123,125,133,21,22,71
04/01/2014,120,97,120,20,11,57
04/01/2014,138,141,137,24,26,74
04/01/2014,100,97,108,11,11,41
04/01/2014,127,116,132,22,19,70
04/01/2014,120,122,129,20,21,68
04/01/2014,104,125,120,13,22,57
04/01/2014,118,122,121,19,21,59
04/01/2014,120,119,122,20,20,60
04/01/2014,111,106,117,16,15,52
04/01/2014,116,125,125,18,22,63
04/01/2014,120,119,126,20,20,65
04/01/2014,127,106,119,22,15,54
04/01/2014,120,122,125,20,21,64
04/01/2014,127,122,125,22,21,64
04/01/2014,97,106,92,10,15,25
04/01/2014,104,122,118,13,21,53
04/01/2014,102,97,94,12,11,26
04/01/2014,133,130,141,23,23,76
04/01/2014,91,87,91,8,7,24
04/01/2014,120,141,128,20,25,67
04/01/2014,116,111,133,18,17,71
04/01/2014,100,111,116,11,17,50
04/01/2014,100,74,101,11,3,33
04/01/2014,94,92,85,9,9,19
04/01/2014,118,113,121,19,18,58
04/01/2014,82,80,92,5,5,25
04/01/2014,138,97,125,24,11,64
04/01/2014,111,111,111,16,17,44
04/01/2014,97,90,92,10,8,25
04/01/2014,118,125,125,19,22,64
04/01/2014,104,116,122,13,19,60
04/01/2014,85,97,89,6,11,22
04/01/2014,100,101,103,11,13,35
04/01/2014,123,125,125,21,22,63
04/01/2014,133,130,137,23,23,74
04/01/2014,69,69,90,0,0,23
04/01/2014,107,101,111,14,13,44
04/01/2014,116,108,120,18,16,57
04/01/2014,,,,,,
04/01/2014,116,101,114,18,13,48
04/01/2014,116,104,113,18,14,46
04/01/2014,116,116,121,18,19,59
04/01/2014,113,125,120,17,22,57
04/01/2014,97,95,110,10,10,43
04/01/2014,107,104,119,14,14,54
04/01/2014,113,108,119,17,16,55
04/01/2014,113,130,114,17,23,47
04/01/2014,120,116,125,20,19,63
04/01/2014,102,97,103,12,11,35
04/01/2014,138,116,125,24,19,64
04/01/2014,100,87,89,11,7,22
04/01/2014,82,74,98,5,3,30
04/01/2014,102,99,104,12,12,36
04/01/2014,107,108,97,14,16,29
04/01/2014,120,116,124,20,19,62
04/01/2014,120,119,116,20,20,50
04/01/2014,118,125,120,19,22,56
04/01/2014,138,125,137,24,22,74
04/01/2014,113,104,99,17,14,31
04/01/2014,104,92,100,13,9,32
04/01/2014,118,130,124,19,23,62
04/01/2014,104,101,89,13,13,22
04/01/2014,113,116,120,17,19,57
04/01/2014,118,116,117,19,19,52
04/01/2014,111,125,118,16,22,53
04/01/2014,109,119,114,15,20,47
04/01/2014,104,99,113,13,12,46
04/01/2014,91,84,91,8,6,24
04/01/2014,89,84,86,7,6,20
04/01/2014,111,108,113,16,16,46
04/01/2014,111,108,107,16,16,40
04/01/2014,113,111,116,17,17,50
04/01/2014,91,92,99,8,9,31
04/01/2014,120,125,134,20,22,72
04/01/2014,85,97,83,6,11,18
04/01/2014,104,104,110,13,14,43
04/01/2014,91,95,99,8,10,31
04/01/2014,104,108,116,13,16,51
04/01/2014,104,108,118,13,16,53
04/01/2014,89,87,98,7,7,30
04/01/2014,85,77,99,6,4,31
04/01/2014,118,116,116,19,19,51
04/01/2014,82,97,83,5,11,18
04/01/2014,107,111,118,14,17,53
04/01/2014,116,99,114,18,12,48
04/01/2014,120,90,116,20,8,51
04/01/2014,91,108,110,8,16,43
11/01/2014,113,116,125,17,19,63
11/01/2014,113,108,116,17,16,51
11/01/2014,116,113,114,18,18,48
11/01/2014,123,137,133,21,24,71
11/01/2014,120,122,128,20,21,67
11/01/2014,85,90,94,6,8,26
11/01/2014,104,108,119,13,16,55
11/01/2014,138,130,137,24,23,74
11/01/2014,133,119,125,23,20,64
11/01/2014,73,99,96,3,12,28
11/01/2014,123,141,125,21,25,64
11/01/2014,138,119,125,24,20,63
11/01/2014,120,108,128,20,16,67
11/01/2014,107,113,96,14,18,28
11/01/2014,82,95,90,5,10,23
11/01/2014,113,108,119,17,16,55
11/01/2014,85,77,94,6,4,26
11/01/2014,100,111,105,11,17,37
11/01/2014,111,113,125,16,18,64
11/01/2014,120,137,117,20,24,52
11/01/2014,107,108,104,14,16,36
11/01/2014,89,113,103,7,18,35
11/01/2014,91,97,90,8,11,23
11/01/2014,111,90,108,16,8,41
11/01/2014,120,122,112,20,21,45
11/01/2014,94,101,97,9,13,29
11/01/2014,104,99,110,13,12,43
11/01/2014,102,113,110,12,18,43
11/01/2014,109,99,116,15,12,50
11/01/2014,102,87,96,12,7,28
11/01/2014,109,130,116,15,23,51
11/01/2014,107,116,113,14,19,46
11/01/2014,141,141,136,25,25,73
11/01/2014,94,101,105,9,13,38
11/01/2014,100,113,108,11,18,41
11/01/2014,100,92,94,11,9,26
11/01/2014,97,108,105,10,16,37
11/01/2014,116,104,118,18,14,53
11/01/2014,85,92,100,6,9,32
11/01/2014,85,95,87,6,10,21
11/01/2014,102,92,98,12,9,30
11/01/2014,102,104,113,12,14,46
11/01/2014,94,99,94,9,12,26
11/01/2014,109,122,124,15,21,62
11/01/2014,123,119,119,21,20,55
11/01/2014,111,84,92,16,6,25
11/01/2014,113,108,118,17,16,53
11/01/2014,116,108,119,18,16,55
11/01/2014,116,125,102,18,22,34
11/01/2014,118,104,125,19,14,64
11/01/2014,107,99,97,14,12,29
11/01/2014,123,137,124,21,24,62
11/01/2014,100,111,101,11,17,33
11/01/2014,127,122,123,22,21,61
11/01/2014,120,95,125,20,10,64
11/01/2014,116,122,125,18,21,64
11/01/2014,120,106,131,20,15,69
11/01/2014,127,113,112,22,18,45
11/01/2014,109,130,117,15,23,52
11/01/2014,100,97,94,11,11,26
11/01/2014,127,116,136,22,19,73
11/01/2014,89,108,110,7,16,43
11/01/2014,120,116,119,20,19,55
11/01/2014,127,119,129,22,20,68
11/01/2014,120,116,134,20,19,72
11/01/2014,138,141,137,24,26,74
11/01/2014,123,108,110,21,16,43
11/01/2014,120,119,127,20,20,66
11/01/2014,109,116,118,15,19,53
11/01/2014,107,104,121,14,14,58
11/01/2014,69,90,74,1,8,13
11/01/2014,94,92,94,9,9,26
11/01/2014,100,104,116,11,14,51
11/01/2014,107,108,97,14,16,29
11/01/2014,116,137,119,18,24,55
11/01/2014,104,95,105,13,10,37
11/01/2014,97,104,108,10,14,41
11/01/2014,85,90,97,6,8,29
11/01/2014,104,92,110,13,9,43
11/01/2014,94,90,105,9,8,37
11/01/2014,97,104,110,10,14,43
11/01/2014,111,122,119,16,21,54
11/01/2014,109,111,116,15,17,51
11/01/2014,133,130,127,23,23,66
11/01/2014,127,122,132,22,21,70
11/01/2014,107,116,114,14,19,47
11/01/2014,97,99,92,10,12,25
11/01/2014,107,116,119,14,19,55
11/01/2014,97,108,89,10,16,22
11/01/2014,127,119,134,22,20,72
11/01/2014,116,122,129,18,21,68
11/01/2014,120,122,133,20,21,71
11/01/2014,102,104,96,12,14,28
11/01/2014,113,119,116,17,20,50
11/01/2014,91,92,89,8,9,22
11/01/2014,107,113,113,14,18,46
11/01/2014,113,111,109,17,17,42
11/01/2014,97,101,108,10,13,41
11/01/2014,120,125,124,20,22,62
11/01/2014,127,119,119,22,20,55
11/01/2014,120,119,118,20,20,53
11/01/2014,118,116,126,19,19,65
11/01/2014,116,122,119,18,21,55
11/01/2014,123,122,128,21,21,67
11/01/2014,111,106,104,16,15,36
11/01/2014,118,141,139,19,25,75
11/01/2014,100,116,105,11,19,37
11/01/2014,138,130,126,24,23,65
11/01/2014,133,125,126,23,22,65
11/01/2014,104,99,102,13,12,34
11/01/2014,133,125,134,23,22,72
11/01/2014,113,125,128,17,22,67
11/01/2014,138,130,133,24,23,71
11/01/2014,113,116,108,17,19,41
11/01/2014,133,130,125,23,23,63
11/01/2014,127,108,116,22,16,50
11/01/2014,111,113,125,16,18,64
11/01/2014,118,113,119,19,18,55
11/01/2014,111,99,112,16,12,45
11/01/2014,104,99,94,13,12,26
11/01/2014,104,111,108,13,17,41
11/01/2014,97,97,105,10,11,38
11/01/2014,109,108,105,15,16,38
11/01/2014,123,108,121,21,16,59
11/01/2014,73,90,87,3,8,21
11/01/2014,118,111,127,19,17,66
11/01/2014,118,104,121,19,14,58
11/01/2014,120,108,114,20,16,48
11/01/2014,111,141,117,16,25,52
11/01/2014,109,116,119,15,19,54
11/01/2014,118,111,125,19,17,63
11/01/2014,100,92,108,11,9,41
11/01/2014,111,97,106,16,11,39
11/01/2014,85,116,112,6,19,45
11/01/2014,89,99,100,7,12,32
11/01/2014,85,90,90,6,8,23
11/01/2014,97,99,87,10,12,21
11/01/2014,109,122,124,15,21,62
11/01/2014,120,111,119,20,17,55
11/01/2014,102,111,106,12,17,39
11/01/2014,104,113,98,13,18,30
11/01/2014,100,104,105,11,14,37
11/01/2014,102,108,112,12,16,45
11/01/2014,120,113,119,20,18,55
11/01/2014,111,116,125,16,19,64
11/01/2014,109,113,104,15,18,36
11/01/2014,94,90,83,9,8,18
11/01/2014,116,111,111,18,17,44
11/01/2014,111,111,109,16,17,42
11/01/2014,107,106,105,14,15,38
11/01/2014,113,99,120,17,12,56
11/01/2014,107,113,111,14,18,44
11/01/2014,97,106,90,10,15,23
11/01/2014,97,101,100,10,13,32
11/01/2014,118,122,136,19,21,73
11/01/2014,113,111,125,17,17,64
11/01/2014,133,122,125,23,21,63
11/01/2014,113,111,116,17,17,51
11/01/2014,138,111,129,24,17,68
11/01/2014,118,104,98,19,14,30
11/01/2014,133,122,125,23,21,64
11/01/2014,118,130,134,19,23,72
11/01/2014,111,119,120,16,20,57
11/01/2014,123,125,125,21,22,63
11/01/2014,102,106,114,12,15,47
11/01/2014,113,106,122,17,15,60
11/01/2014,91,87,90,8,7,23
11/01/2014,100,122,107,11,21,40
11/01/2014,102,104,118,12,14,53
11/01/2014,133,141,137,23,26,74
11/01/2014,102,108,106,12,16,39
11/01/2014,109,116,117,15,19,52
11/01/2014,120,108,119,20,16,54
11/01/2014,97,106,116,10,15,51
11/01/2014,73,90,89,3,8,22
11/01/2014,100,90,99,11,8,31
11/01/2014,85,92,79,6,9,15
11/01/2014,113,108,121,17,16,58
11/01/2014,91,87,99,8,7,31
11/01/2014,102,111,109,12,17,42
11/01/2014,123,116,117,21,19,52
11/01/2014,116,104,118,18,14,53
11/01/2014,102,101,107,12,13,40
11/01/2014,89,92,89,7,9,22
11/01/2014,113,119,121,17,20,58
11/01/2014,109,119,114,15,20,47
11/01/2014,120,137,132,20,24,70
11/01/2014,133,113,129,23,18,68
11/01/2014,102,95,110,12,10,43
11/01/2014,116,108,128,18,16,67
11/01/2014,118,111,115,19,17,49
11/01/2014,107,125,115,14,22,49
11/01/2014,107,113,110,14,18,43
11/01/2014,113,99,113,17,12,46
11/01/2014,123,125,131,21,22,69
11/01/2014,111,108,116,16,16,50
11/01/2014,109,101,117,15,13,52
11/01/2014,123,116,129,21,19,68
11/01/2014,82,119,114,5,20,47
11/01/2014,113,122,118,17,21,53
11/01/2014,133,116,141,23,19,76
11/01/2014,104,116,107,13,19,40
11/01/2014,111,116,118,16,19,53
11/01/2014,118,125,125,19,22,63
11/01/2014,138,137,134,24,24,72
11/01/2014,123,141,139,21,25,75
11/01/2014,91,101,97,8,13,29
11/01/2014,133,122,141,23,21,76
11/01/2014,141,137,134,25,24,72
11/01/2014,107,101,118,14,13,53
11/01/2014,97,104,100,10,14,32
11/01/2014,97,87,99,10,7,31
11/01/2014,127,122,119,22,21,55
11/01/2014,113,130,132,17,23,70
11/01/2014,120,119,117,20,20,52
11/01/2014,102,99,110,12,12,43
11/01/2014,118,113,120,19,18,56
11/01/2014,94,99,92,9,12,25
11/01/2014,94,99,120,9,12,56
11/01/2014,104,97,98,13,11,30
11/01/2014,123,108,110,21,16,43
11/01/2014,94,104,103,9,14,35
11/01/2014,89,104,100,7,14,32
11/01/2014,127,125,128,22,22,67
11/01/2014,118,116,123,19,19,61
11/01/2014,107,113,116,14,18,50
11/01/2014,123,125,125,21,22,64
11/01/2014,138,141,133,24,25,71
11/01/2014,116,130,123,18,23,61
11/01/2014,118,108,129,19,16,68
11/01/2014,107,104,109,14,14,42
11/01/2014,97,108,112,10,16,45
11/01/2014,109,119,109,15,20,42
11/01/2014,104,77,76,13,4,14
11/01/2014,127,125,122,22,22,60
11/01/2014,91,104,112,8,14,45
11/01/2014,89,90,103,7,8,35
11/01/2014,111,97,112,16,11,45
11/01/2014,133,122,133,23,21,71
11/01/2014,104,111,100,13,17,32
11/01/2014,113,130,118,17,23,53
11/01/2014,118,130,133,19,23,71
11/01/2014,138,137,141,24,24,76
11/01/2014,89,92,91,7,9,24
11/01/2014,133,137,136,23,24,73
11/01/2014,104,104,80,13,14,16
11/01/2014,133,116,136,23,19,73
11/01/2014,109,122,122,15,21,60
11/01/2014,112,122,110,16,21,43
11/01/2014,107,109,117,14,16,51
11/01/2014,95,97,85,9,11,19
11/01/2014,123,111,128,21,17,67
11/01/2014,112,109,108,16,16,40
11/01/2014,92,78,93,8,4,25
11/01/2014,107,97,117,14,11,51
11/01/2014,112,106,119,16,15,54
11/01/2014,116,119,121,18,20,58
11/01/2014,114,111,126,17,17,65
11/01/2014,118,131,115,19,23,49
11/01/2014,105,114,115,13,18,49
11/01/2014,141,141,141,25,25,77
11/01/2014,92,97,102,8,11,34
11/01/2014,95,102,100,9,13,32
11/01/2014,107,97,116,14,11,50
11/01/2014,127,125,126,22,22,64
11/01/2014,114,137,118,17,24,53
11/01/2014,133,131,123,23,23,61
11/01/2014,95,100,111,9,12,44
11/01/2014,78,78,89,4,4,22
11/01/2014,112,93,84,16,9,18
11/01/2014,86,111,97,6,17,29
11/01/2014,100,104,102,11,14,34
11/01/2014,103,109,118,12,16,53
11/01/2014,123,141,131,21,25,69
11/01/2014,127,137,141,22,24,76
11/01/2014,107,114,104,14,18,36
11/01/2014,100,95,108,11,10,40
11/01/2014,95,111,113,9,17,46
11/01/2014,121,114,126,20,18,64
11/01/2014,116,111,105,18,17,37
11/01/2014,109,102,110,15,13,43
11/01/2014,120,116,120,20,19,56
11/01/2014,109,108,105,15,16,38
11/01/2014,116,108,119,18,16,54
11/01/2014,123,137,117,21,24,52
11/01/2014,127,113,113,22,18,46
11/01/2014,120,106,128,20,15,67
11/01/2014,127,122,127,22,21,66
11/01/2014,123,119,132,21,20,70
11/01/2014,107,108,115,14,16,49
11/01/2014,133,141,137,23,25,74
11/01/2014,127,125,121,22,22,59
11/01/2014,127,141,141,22,26,76
11/01/2014,113,111,120,17,17,56
11/01/2014,118,106,114,19,15,48
11/01/2014,120,113,121,20,18,58
11/01/2014,100,106,121,11,15,59
11/01/2014,97,106,106,10,15,39
11/01/2014,107,106,86,14,15,20
11/01/2014,109,109,112,15,16,45
11/01/2014,98,114,109,10,18,42
11/01/2014,116,122,119,18,21,55
11/01/2014,92,104,106,8,14,38
11/01/2014,123,109,126,21,16,64
11/01/2014,138,125,130,24,22,68
11/01/2014,109,100,104,15,12,36
11/01/2014,138,125,133,24,22,71
11/01/2014,123,114,118,21,18,53
11/01/2014,107,114,106,14,18,38
11/01/2014,116,111,115,18,17,49
11/01/2014,112,109,104,16,16,36
11/01/2014,105,111,104,13,17,36
11/01/2014,112,95,104,16,10,36
11/01/2014,98,100,110,10,12,43
11/01/2014,109,95,116,15,10,50
11/01/2014,109,122,108,15,21,41
11/01/2014,127,141,120,22,25,56
11/01/2014,114,122,120,17,21,56
11/01/2014,98,119,114,10,20,48
11/01/2014,138,125,137,24,22,73
11/01/2014,105,100,108,13,12,41
11/01/2014,78,71,84,4,2,18
11/01/2014,98,104,97,10,14,29
11/01/2014,112,137,116,16,24,50
11/01/2014,123,122,133,21,21,70
11/01/2014,121,100,116,20,12,50
11/01/2014,109,95,107,15,10,39
11/01/2014,121,111,120,20,17,56
11/01/2014,109,114,117,15,18,51
11/01/2014,113,104,119,17,14,54
18/01/2014,113,113,99,17,18,31
18/01/2014,107,97,118,14,11,53
18/01/2014,123,119,124,21,20,62
18/01/2014,118,119,125,19,20,63
18/01/2014,89,104,108,7,14,41
18/01/2014,138,111,125,24,17,63
18/01/2014,100,109,116,11,16,50
18/01/2014,107,122,120,14,21,57
18/01/2014,127,125,130,22,22,68
18/01/2014,127,131,133,22,23,71
18/01/2014,127,106,137,22,15,74
18/01/2014,109,100,119,15,12,54
18/01/2014,123,109,126,21,16,65
18/01/2014,118,111,126,19,17,65
18/01/2014,95,106,114,9,15,47
18/01/2014,105,104,110,13,14,43
18/01/2014,133,122,133,23,21,70
18/01/2014,86,102,99,6,13,31
18/01/2014,103,90,121,12,8,58
18/01/2014,82,81,94,5,5,26
18/01/2014,78,84,85,4,6,19
18/01/2014,100,100,100,11,12,32
18/01/2014,98,109,96,10,16,28
18/01/2014,121,106,108,20,15,41
18/01/2014,95,106,103,9,15,35
18/01/2014,121,141,137,20,25,74
18/01/2014,95,87,93,9,7,25
18/01/2014,100,104,97,11,14,29
18/01/2014,103,100,110,12,12,43
18/01/2014,98,87,79,10,7,15
18/01/2014,107,119,114,14,20,47
18/01/2014,116,114,131,18,18,69
18/01/2014,116,122,123,18,21,61
18/01/2014,107,102,120,14,13,56
18/01/2014,98,95,108,10,10,41
18/01/2014,73,97,95,3,11,27
18/01/2014,103,104,96,12,14,28
18/01/2014,116,122,124,18,21,62
18/01/2014,107,109,109,14,16,42
18/01/2014,92,104,84,8,14,18
18/01/2014,105,114,126,13,18,64
18/01/2014,118,122,134,19,21,72
18/01/2014,127,119,130,22,20,68
18/01/2014,114,116,120,17,19,56
18/01/2014,98,102,108,10,13,40
18/01/2014,121,122,126,20,21,65
18/01/2014,121,122,111,20,21,44
18/01/2014,123,131,128,21,23,67
18/01/2014,141,122,137,25,21,73
18/01/2014,92,95,109,8,10,42
18/01/2014,107,116,118,14,19,53
18/01/2014,112,106,112,16,15,45
18/01/2014,100,97,119,11,11,55
18/01/2014,105,122,119,13,21,54
18/01/2014,107,100,113,14,12,46
18/01/2014,107,109,112,14,16,45
18/01/2014,133,137,131,23,24,69
18/01/2014,118,122,131,19,21,69
18/01/2014,112,116,117,16,19,52
18/01/2014,118,131,133,19,23,71
18/01/2014,82,78,94,5,4,26
18/01/2014,100,106,88,11,15,21
18/01/2014,82,87,93,5,7,25
18/01/2014,98,100,102,10,12,34
18/01/2014,141,141,141,25,25,78
18/01/2014,114,100,111,17,12,44
18/01/2014,127,114,123,22,18,61
18/01/2014,114,111,116,17,17,50
18/01/2014,114,104,131,17,14,69
18/01/2014,112,106,120,16,15,56
18/01/2014,133,125,122,23,22,59
18/01/2014,109,122,121,15,21,58
18/01/2014,89,95,82,7,10,17
18/01/2014,103,104,107,12,14,39
18/01/2014,127,119,120,22,20,57
18/01/2014,123,119,119,21,20,54
18/01/2014,86,102,100,6,13,32
18/01/2014,107,125,122,14,22,60
18/01/2014,105,102,118,13,13,53
18/01/2014,89,95,95,7,10,27
18/01/2014,114,125,131,17,22,69
18/01/2014,100,102,104,11,13,36
18/01/2014,100,106,109,11,15,42
18/01/2014,133,141,139,23,25,75
18/01/2014,82,116,100,5,19,32
18/01/2014,121,116,131,20,19,69
18/01/2014,103,106,105,12,15,37
18/01/2014,95,106,110,9,15,43
18/01/2014,92,93,100,8,9,32
18/01/2014,78,104,106,4,14,38
18/01/2014,116,111,125,18,17,63
18/01/2014,107,100,104,14,12,36
18/01/2014,95,111,108,9,17,40
18/01/2014,103,109,112,12,16,45
18/01/2014,103,100,101,12,12,33
18/01/2014,109,97,104,15,11,36
18/01/2014,133,104,125,23,14,63
18/01/2014,133,131,130,23,23,68
18/01/2014,105,109,102,13,16,34
18/01/2014,89,111,111,7,17,44
18/01/2014,138,137,131,24,24,69
18/01/2014,138,125,141,24,22,78
18/01/2014,127,131,131,22,23,69
18/01/2014,107,116,122,14,19,59
18/01/2014,103,106,101,12,15,33
18/01/2014,78,81,88,4,5,21
18/01/2014,123,131,122,21,23,60
18/01/2014,133,131,130,23,23,68
18/01/2014,121,119,121,20,20,58
18/01/2014,116,106,108,18,15,40
18/01/2014,116,97,96,18,11,28
18/01/2014,118,111,119,19,17,54
18/01/2014,114,106,117,17,15,51
18/01/2014,100,90,99,11,8,31
18/01/2014,118,119,112,19,20,45
18/01/2014,86,104,85,6,14,19
18/01/2014,86,87,101,6,7,33
18/01/2014,123,116,124,21,19,62
18/01/2014,109,114,121,15,18,58
18/01/2014,100,104,108,11,14,41
18/01/2014,118,116,123,19,19,61
18/01/2014,107,106,120,14,15,57
18/01/2014,73,84,105,3,6,37
18/01/2014,107,111,110,14,17,43
18/01/2014,98,78,101,10,4,33
18/01/2014,121,102,113,20,13,46
18/01/2014,118,97,115,19,11,49
18/01/2014,78,69,92,4,1,24
18/01/2014,105,125,112,13,22,45
18/01/2014,121,111,120,20,17,56
18/01/2014,109,109,110,15,16,43
18/01/2014,112,114,119,16,18,54
18/01/2014,109,114,117,15,18,51
18/01/2014,86,93,100,6,9,32
18/01/2014,116,109,119,18,16,54
18/01/2014,100,93,108,11,9,41
18/01/2014,78,69,79,4,0,15
18/01/2014,89,97,92,7,11,24
18/01/2014,98,95,104,10,10,36
18/01/2014,95,84,98,9,6,30
18/01/2014,127,100,120,22,12,57
18/01/2014,114,114,124,17,18,62
18/01/2014,114,119,118,17,20,53
18/01/2014,118,109,123,19,16,61
18/01/2014,105,106,108,13,15,41
18/01/2014,98,90,79,10,8,15
18/01/2014,105,90,123,13,8,61
18/01/2014,100,69,100,11,0,32
18/01/2014,133,119,115,23,20,49
18/01/2014,116,102,126,18,13,64
18/01/2014,127,119,133,22,20,71
18/01/2014,141,137,137,25,24,74
18/01/2014,112,97,104,16,11,36
18/01/2014,82,87,89,5,7,22
18/01/2014,114,125,133,17,22,70
18/01/2014,138,119,137,24,20,74
18/01/2014,95,104,107,9,14,39
18/01/2014,121,125,133,20,22,71
18/01/2014,118,116,134,19,19,72
18/01/2014,127,116,126,22,19,65
18/01/2014,127,137,131,22,24,69
18/01/2014,116,116,123,18,19,61
18/01/2014,92,84,93,8,6,25
18/01/2014,92,104,118,8,14,53
18/01/2014,114,109,106,17,16,38
18/01/2014,107,100,110,14,12,43
18/01/2014,121,119,123,20,20,61
18/01/2014,89,97,102,7,11,34
18/01/2014,73,114,87,3,18,20
18/01/2014,121,131,122,20,23,60
18/01/2014,112,114,121,16,18,58
18/01/2014,121,111,125,20,17,63
18/01/2014,95,78,91,9,4,23
18/01/2014,82,95,100,5,10,32
18/01/2014,98,106,105,10,15,37
18/01/2014,86,84,99,6,6,31
18/01/2014,98,104,95,10,14,27
18/01/2014,103,109,109,12,16,42
18/01/2014,121,104,114,20,14,47
18/01/2014,114,102,113,17,13,46
18/01/2014,95,97,94,9,11,26
18/01/2014,116,119,130,18,20,68
18/01/2014,114,106,95,17,15,27
18/01/2014,86,104,101,6,14,33
18/01/2014,92,97,93,8,11,25
18/01/2014,127,122,137,22,21,74
18/01/2014,123,111,126,21,17,64
18/01/2014,95,87,85,9,7,19
18/01/2014,100,114,100,11,18,32
18/01/2014,127,137,122,22,24,59
18/01/2014,89,97,109,7,11,42
18/01/2014,109,102,95,15,13,27
18/01/2014,127,119,126,22,20,65
18/01/2014,112,119,127,16,20,66
18/01/2014,141,131,137,25,23,74
18/01/2014,107,116,109,14,19,42
18/01/2014,123,125,126,21,22,64
18/01/2014,116,125,125,18,22,63
18/01/2014,118,111,117,19,17,52
18/01/2014,105,116,112,13,19,45
18/01/2014,112,116,131,16,19,69
18/01/2014,105,97,100,13,11,32
18/01/2014,100,81,103,11,5,35
18/01/2014,123,141,113,21,25,46
18/01/2014,109,119,108,15,20,41
18/01/2014,89,84,103,7,6,35
18/01/2014,127,125,133,22,22,70
18/01/2014,114,109,120,17,16,56
18/01/2014,100,90,87,11,8,20
18/01/2014,123,131,124,21,23,62
18/01/2014,116,137,114,18,24,48
18/01/2014,107,100,111,14,12,44
18/01/2014,69,69,82,2,0,17
18/01/2014,118,111,126,19,17,65
18/01/2014,133,122,118,23,21,53
18/01/2014,98,102,108,10,13,40
18/01/2014,103,114,119,12,18,55
18/01/2014,105,109,118,13,16,53
18/01/2014,95,116,104,9,19,36
18/01/2014,127,102,128,22,13,67
18/01/2014,127,137,116,22,24,50
18/01/2014,112,106,107,16,15,39
18/01/2014,127,122,130,22,21,68
18/01/2014,133,141,130,23,26,68
18/01/2014,127,141,141,22,25,77
18/01/2014,127,125,125,22,22,63
18/01/2014,138,114,130,24,18,68
18/01/2014,123,137,126,21,24,65
18/01/2014,118,137,114,19,24,47
18/01/2014,138,141,139,24,25,75
18/01/2014,127,131,131,22,23,69
18/01/2014,116,111,122,18,17,59
18/01/2014,109,114,117,15,18,52
18/01/2014,112,119,116,16,20,50
18/01/2014,112,116,117,16,19,52
18/01/2014,105,100,110,13,12,43
18/01/2014,103,87,105,12,7,37
18/01/2014,105,106,114,13,15,47
18/01/2014,112,102,97,16,13,29
18/01/2014,98,111,114,10,17,47
18/01/2014,114,111,124,17,17,62
18/01/2014,127,87,110,22,7,43
18/01/2014,118,119,118,19,20,53
18/01/2014,107,100,106,14,12,38
18/01/2014,73,84,95,3,6,27
18/01/2014,116,116,114,18,19,48
18/01/2014,98,106,93,10,15,25
18/01/2014,112,109,99,16,16,31
18/01/2014,100,116,109,11,19,42
18/01/2014,118,137,118,19,24,53
18/01/2014,107,87,108,14,7,40
18/01/2014,109,116,116,15,19,50
18/01/2014,116,114,105,18,18,37
18/01/2014,105,106,117,13,15,52
18/01/2014,98,78,92,10,4,24
18/01/2014,114,104,119,17,14,55
18/01/2014,109,111,109,15,17,42
18/01/2014,123,125,121,21,22,58
18/01/2014,127,131,120,22,23,57
18/01/2014,103,87,105,12,7,37
18/01/2014,86,100,119,6,12,55
18/01/2014,100,104,109,11,14,42
18/01/2014,116,119,117,18,20,52
18/01/2014,89,97,111,7,11,44
18/01/2014,114,109,119,17,16,55
18/01/2014,95,87,97,9,7,29
18/01/2014,109,111,111,15,17,44
18/01/2014,141,122,134,25,21,72
18/01/2014,98,116,100,10,19,32
18/01/2014,107,102,97,14,13,29
18/01/2014,107,106,112,14,15,45
18/01/2014,118,116,126,19,19,65
18/01/2014,109,119,130,15,20,68
18/01/2014,133,141,119,23,25,54
18/01/2014,118,122,117,19,21,51
18/01/2014,133,125,121,23,22,58
18/01/2014,121,114,119,20,18,54
18/01/2014,121,106,123,20,15,61
18/01/2014,114,109,122,17,16,60
18/01/2014,121,125,122,20,22,60
18/01/2014,133,137,137,23,24,74
18/01/2014,138,131,130,24,23,68
18/01/2014,118,137,133,19,24,71
18/01/2014,107,116,116,14,19,50
18/01/2014,141,137,134,25,24,72
18/01/2014,114,137,125,17,24,63
18/01/2014,116,119,125,18,20,63
18/01/2014,121,125,97,20,22,29
18/01/2014,103,109,111,12,16,44
18/01/2014,121,102,124,20,13,62
18/01/2014,100,93,98,11,9,30
18/01/2014,109,100,94,15,12,26
18/01/2014,112,95,94,16,10,26
18/01/2014,100,106,113,11,15,46
18/01/2014,109,104,110,15,14,43
18/01/2014,109,141,116,15,25,50
18/01/2014,105,116,117,13,19,52
18/01/2014,100,109,98,11,16,30
18/01/2014,95,102,104,9,13,36
18/01/2014,86,95,87,6,10,20
18/01/2014,100,102,108,11,13,41
18/01/2014,107,95,120,14,10,56
18/01/2014,98,102,96,10,13,28
18/01/2014,107,141,120,14,25,56
18/01/2014,127,125,126,22,22,64
18/01/2014,114,137,123,17,24,61
18/01/2014,109,100,110,15,12,43
18/01/2014,100,90,102,11,8,34
18/01/2014,109,137,121,15,24,58
18/01/2014,89,109,103,7,16,35
18/01/2014,109,93,105,15,9,37
18/01/2014,107,97,115,14,11,49
18/01/2014,86,78,94,6,4,26
18/01/2014,127,137,133,22,24,70
18/01/2014,112,116,119,16,19,54
25/01/2014,98,102,120,10,13,57
25/01/2014,121,122,127,20,21,66
25/01/2014,138,122,128,24,21,67
25/01/2014,127,116,126,22,19,65
25/01/2014,118,119,131,19,20,69
25/01/2014,109,102,112,15,13,45
25/01/2014,123,106,137,21,15,73
25/01/2014,133,122,137,23,21,73
25/01/2014,127,116,124,22,19,62
25/01/2014,133,106,131,23,15,69
25/01/2014,127,111,120,22,17,56
25/01/2014,127,122,126,22,21,65
25/01/2014,100,95,112,11,10,45
25/01/2014,123,116,126,21,19,65
25/01/2014,86,97,100,6,11,32
25/01/2014,121,125,122,20,22,60
25/01/2014,112,114,118,16,18,53
25/01/2014,107,109,109,14,16,42
25/01/2014,127,109,130,22,16,68
25/01/2014,107,97,105,14,11,37
25/01/2014,141,116,125,25,19,63
25/01/2014,123,119,127,21,20,66
25/01/2014,121,97,124,20,11,62
25/01/2014,116,114,115,18,18,49
25/01/2014,133,141,131,23,26,69
25/01/2014,127,125,126,22,22,65
25/01/2014,109,100,117,15,12,51
25/01/2014,116,122,108,18,21,41
25/01/2014,86,114,110,6,18,43
25/01/2014,89,100,97,7,12,29
25/01/2014,86,87,77,6,7,14
25/01/2014,95,104,103,9,14,35
25/01/2014,98,109,101,10,16,33
25/01/2014,127,131,126,22,23,65
25/01/2014,107,97,97,14,11,29
25/01/2014,100,93,96,11,9,28
25/01/2014,109,114,120,15,18,56
25/01/2014,100,109,114,11,16,47
25/01/2014,89,97,91,7,11,23
25/01/2014,78,100,96,4,12,28
25/01/2014,100,90,77,11,8,14
25/01/2014,141,131,133,25,23,71
25/01/2014,95,102,108,9,13,41
25/01/2014,86,90,93,6,8,25
25/01/2014,109,116,128,15,19,67
25/01/2014,116,100,105,18,12,37
25/01/2014,133,125,131,23,22,69
25/01/2014,95,114,107,9,18,39
25/01/2014,100,95,103,11,10,35
25/01/2014,103,102,110,12,13,43
25/01/2014,98,104,91,10,14,23
25/01/2014,107,122,118,14,21,53
25/01/2014,109,111,126,15,17,65
25/01/2014,103,104,110,12,14,43
25/01/2014,107,114,120,14,18,57
25/01/2014,118,114,119,19,18,54
25/01/2014,98,106,101,10,15,33
25/01/2014,133,122,134,23,21,72
25/01/2014,118,119,137,19,20,73
25/01/2014,100,90,108,11,8,41
25/01/2014,121,106,117,20,15,51
25/01/2014,127,137,133,22,24,70
25/01/2014,107,100,106,14,12,38
25/01/2014,95,95,100,9,10,32
25/01/2014,118,119,133,19,20,70
25/01/2014,107,97,117,14,11,52
25/01/2014,116,111,115,18,17,49
25/01/2014,141,137,141,25,24,76
25/01/2014,121,119,131,20,20,69
25/01/2014,121,141,133,20,25,70
25/01/2014,121,114,112,20,18,45
25/01/2014,109,114,112,15,18,45
25/01/2014,107,90,108,14,8,40
25/01/2014,112,116,117,16,19,51
25/01/2014,92,100,118,8,12,53
25/01/2014,103,111,114,12,17,48
25/01/2014,127,109,114,22,16,48
25/01/2014,118,106,126,19,15,65
25/01/2014,127,122,122,22,21,59
25/01/2014,121,97,126,20,11,64
25/01/2014,107,106,116,14,15,50
25/01/2014,121,106,103,20,15,35
25/01/2014,127,106,122,22,15,59
25/01/2014,116,116,123,18,19,61
25/01/2014,116,119,114,18,20,48
25/01/2014,86,100,92,6,12,24
25/01/2014,95,87,111,9,7,44
25/01/2014,114,125,119,17,22,55
25/01/2014,107,100,111,14,12,44
25/01/2014,127,119,120,22,20,57
25/01/2014,109,95,97,15,10,29
25/01/2014,109,102,107,15,13,39
25/01/2014,103,109,106,12,16,38
25/01/2014,112,102,113,16,13,46
25/01/2014,100,106,106,11,15,38
25/01/2014,92,114,100,8,18,32
25/01/2014,105,93,117,13,9,51
25/01/2014,103,90,99,12,8,31
25/01/2014,114,114,123,17,18,61
25/01/2014,86,93,103,6,9,35
25/01/2014,107,111,113,14,17,46
25/01/2014,116,102,120,18,13,56
25/01/2014,112,125,117,16,22,52
25/01/2014,89,71,69,7,2,4
25/01/2014,127,125,133,22,22,71
25/01/2014,127,131,133,22,23,70
25/01/2014,82,97,79,5,11,15
25/01/2014,98,81,87,10,5,20
25/01/2014,121,119,121,20,20,58
25/01/2014,73,81,89,3,5,22
25/01/2014,89,95,89,7,10,22
25/01/2014,73,84,77,3,6,14
25/01/2014,100,97,91,11,11,23
25/01/2014,100,87,99,11,7,31
25/01/2014,98,119,117,10,20,52
25/01/2014,127,119,122,22,20,60
25/01/2014,107,102,108,14,13,41
25/01/2014,103,95,105,12,10,37
25/01/2014,103,102,111,12,13,44
25/01/2014,141,141,133,25,26,71
25/01/2014,112,106,120,16,15,56
25/01/2014,109,119,110,15,20,43
25/01/2014,103,102,104,12,13,36
25/01/2014,138,137,141,24,24,76
25/01/2014,121,122,125,20,21,63
25/01/2014,103,104,114,12,14,47
25/01/2014,127,141,141,22,25,76
25/01/2014,100,100,99,11,12,31
25/01/2014,112,111,126,16,17,64
25/01/2014,133,137,141,23,24,76
25/01/2014,123,125,127,21,22,66
25/01/2014,133,137,125,23,24,63
25/01/2014,109,125,124,15,22,62
25/01/2014,118,114,123,19,18,61
25/01/2014,123,114,125,21,18,63
25/01/2014,69,69,81,2,1,16
25/01/2014,112,137,114,16,24,48
25/01/2014,105,71,85,13,2,19
25/01/2014,107,116,111,14,19,44
25/01/2014,109,100,113,15,12,46
25/01/2014,103,104,101,12,14,33
25/01/2014,118,95,113,19,10,46
25/01/2014,109,100,120,15,12,57
25/01/2014,141,137,130,25,24,68
25/01/2014,112,116,120,16,19,57
25/01/2014,123,111,125,21,17,63
25/01/2014,107,93,114,14,9,48
25/01/2014,116,122,122,18,21,59
25/01/2014,98,97,95,10,11,27
25/01/2014,114,137,118,17,24,53
25/01/2014,133,106,130,23,15,68
25/01/2014,73,69,69,3,0,0
25/01/2014,121,125,127,20,22,66
25/01/2014,112,87,96,16,7,28
25/01/2014,92,84,87,8,6,20
25/01/2014,100,97,108,11,11,41
25/01/2014,109,122,122,15,21,60
25/01/2014,114,137,122,17,24,60
25/01/2014,112,122,128,16,21,67
25/01/2014,114,104,111,17,14,44
25/01/2014,116,106,116,18,15,50
25/01/2014,112,102,119,16,13,54
25/01/2014,103,116,111,12,19,44
25/01/2014,114,119,105,17,20,37
25/01/2014,123,122,128,21,21,67
25/01/2014,107,102,111,14,13,44
25/01/2014,109,106,102,15,15,34
25/01/2014,118,116,114,19,19,47
25/01/2014,123,102,122,21,13,59
25/01/2014,95,114,107,9,18,39
25/01/2014,100,97,108,11,11,40
25/01/2014,121,119,125,20,20,63
25/01/2014,127,125,137,22,22,73
25/01/2014,109,122,111,15,21,44
25/01/2014,138,141,141,24,25,76
25/01/2014,105,116,119,13,19,54
25/01/2014,127,122,123,22,21,61
25/01/2014,114,104,111,17,14,44
25/01/2014,133,141,127,23,25,66
25/01/2014,127,141,123,22,25,61
25/01/2014,116,104,106,18,14,38
25/01/2014,100,97,105,11,11,37
25/01/2014,107,102,104,14,13,36
25/01/2014,109,100,109,15,12,42
25/01/2014,100,137,108,11,24,40
25/01/2014,118,119,123,19,20,61
25/01/2014,92,106,112,8,15,45
25/01/2014,116,125,128,18,22,67
25/01/2014,133,111,127,23,17,66
25/01/2014,123,125,139,21,22,75
25/01/2014,127,131,125,22,23,63
25/01/2014,118,111,117,19,17,51
25/01/2014,92,71,97,8,2,29
25/01/2014,100,106,105,11,15,37
25/01/2014,107,102,114,14,13,47
25/01/2014,89,90,77,7,8,14
25/01/2014,103,119,114,12,20,47
25/01/2014,118,125,122,19,22,59
25/01/2014,116,119,121,18,20,58
25/01/2014,138,141,133,24,25,71
25/01/2014,141,116,141,25,19,78
25/01/2014,123,137,133,21,24,70
25/01/2014,116,106,118,18,15,53
25/01/2014,112,106,123,16,15,61
25/01/2014,107,104,119,14,14,55
25/01/2014,123,119,126,21,20,65
25/01/2014,107,119,122,14,20,60
25/01/2014,118,102,126,19,13,64
25/01/2014,123,137,128,21,24,67
25/01/2014,109,95,127,15,10,66
25/01/2014,123,131,133,21,23,71
25/01/2014,116,125,101,18,22,33
25/01/2014,114,104,115,17,14,49
25/01/2014,118,119,125,19,20,63
25/01/2014,121,111,117,20,17,51
25/01/2014,103,106,126,12,15,65
25/01/2014,138,122,141,24,21,76
25/01/2014,123,122,117,21,21,52
25/01/2014,105,97,114,13,11,47
25/01/2014,118,116,125,19,19,63
25/01/2014,98,78,84,10,4,18
25/01/2014,105,102,99,13,13,31
25/01/2014,103,100,101,12,12,33
25/01/2014,98,106,95,10,15,27
25/01/2014,127,137,137,22,24,74
25/01/2014,98,93,103,10,9,35
25/01/2014,100,87,91,11,7,23
25/01/2014,103,116,111,12,19,44
25/01/2014,105,97,94,13,11,26
25/01/2014,109,95,116,15,10,50
25/01/2014,95,90,100,9,8,32
25/01/2014,103,114,114,12,18,48
25/01/2014,98,104,108,10,14,41
25/01/2014,112,114,114,16,18,48
25/01/2014,95,84,92,9,6,24
25/01/2014,114,97,113,17,11,46
25/01/2014,121,125,120,20,22,56
25/01/2014,118,137,131,19,24,69
25/01/2014,118,114,120,19,18,57
25/01/2014,109,109,117,15,16,51
25/01/2014,121,114,133,20,18,70
25/01/2014,95,90,110,9,8,43
25/01/2014,95,97,104,9,11,36
25/01/2014,100,93,101,11,9,33
25/01/2014,89,97,98,7,11,30
25/01/2014,105,119,107,13,20,39
25/01/2014,116,95,111,18,10,44
25/01/2014,109,122,115,15,21,49
25/01/2014,86,78,91,6,4,23
25/01/2014,100,95,96,11,10,28
25/01/2014,116,116,118,18,19,53
25/01/2014,133,122,137,23,21,73
25/01/2014,127,141,141,22,25,78
25/01/2014,103,119,110,12,20,43
25/01/2014,121,100,115,20,12,49
25/01/2014,105,111,108,13,17,41
25/01/2014,103,104,119,12,14,55
25/01/2014,141,141,134,25,25,72
25/01/2014,121,131,126,20,23,65
25/01/2014,138,131,137,24,23,74
25/01/2014,123,119,124,21,20,62
25/01/2014,116,125,120,18,22,57
25/01/2014,86,95,95,6,10,27
25/01/2014,121,122,127,20,21,66
25/01/2014,123,116,110,21,19,43
25/01/2014,82,71,69,5,2,7
25/01/2014,98,100,93,10,12,25
25/01/2014,86,104,92,6,14,24
25/01/2014,78,97,77,4,11,14
25/01/2014,112,114,99,16,18,31
25/01/2014,103,100,111,12,12,44
25/01/2014,109,95,106,15,10,38
25/01/2014,121,131,126,20,23,65
25/01/2014,107,84,103,14,6,35
25/01/2014,103,102,99,12,13,31
25/01/2014,114,104,103,17,14,35
25/01/2014,103,106,108,12,15,41
25/01/2014,78,97,100,4,11,32
25/01/2014,112,111,119,16,17,55
25/01/2014,103,104,106,12,14,38
25/01/2014,114,109,116,17,16,50
25/01/2014,95,90,117,9,8,51
25/01/2014,114,109,120,17,16,57
25/01/2014,109,104,113,15,14,46
25/01/2014,82,81,95,5,5,27
25/01/2014,109,114,115,15,18,49
25/01/2014,121,102,128,20,13,67
25/01/2014,114,93,115,17,9,49
25/01/2014,86,100,94,6,12,26
25/01/2014,121,114,106,20,18,38
25/01/2014,105,119,102,13,20,34
25/01/2014,123,109,122,21,16,59
25/01/2014,109,114,120,15,18,56
25/01/2014,107,116,111,14,19,44
25/01/2014,100,131,107,11,23,39
25/01/2014,127,141,133,22,25,70
25/01/2014,105,93,108,13,9,41
25/01/2014,114,116,130,17,19,68
25/01/2014,92,95,108,8,10,41
25/01/2014,123,109,119,21,16,55
25/01/2014,114,119,114,17,20,48
25/01/2014,116,106,104,18,15,36
25/01/2014,123,141,134,21,26,72
25/01/2014,123,141,137,21,25,73
25/01/2014,127,141,123,22,25,61
25/01/2014,121,119,119,20,20,54
25/01/2014,116,125,128,18,22,67
25/01/2014,116,114,126,18,18,65
25/01/2014,138,106,126,24,15,65
25/01/2014,112,122,116,16,21,50
25/01/2014,109,102,118,15,13,53
25/01/2014,138,122,126,24,21,64
25/01/2014,127,122,128,22,21,67
25/01/2014,118,111,117,19,17,52
25/01/2014,133,131,127,23,23,66
25/01/2014,82,90,93,5,8,25
25/01/2014,112,119,114,16,20,47
25/01/2014,86,81,88,6,5,21
25/01/2014,92,90,93,8,8,25
25/01/2014,86,87,96,6,7,28
25/01/2014,116,119,119,18,20,55
25/01/2014,98,109,89,10,16,22
25/01/2014,109,114,112,15,18,45
25/01/2014,109,95,114,15,10,48
25/01/2014,105,109,120,13,16,57
25/01/2014,98,97,108,10,11,40
25/01/2014,133,131,141,23,23,76
25/01/2014,112,122,114,16,21,48
25/01/2014,121,122,134,20,21,72
25/01/2014,98,106,106,10,15,38
25/01/2014,138,111,123,24,17,61
25/01/2014,95,111,94,9,17,26
25/01/2014,121,116,133,20,19,70
25/01/2014,107,97,116,14,11,50
25/01/2014,105,125,113,13,22,46
25/01/2014,114,111,127,17,17,66
25/01/2014,98,90,89,10,8,22
25/01/2014,98,100,111,10,12,44
25/01/2014,89,116,105,7,19,37
25/01/2014,98,109,114,10,16,47
25/01/2014,98,95,99,10,10,31
25/01/2014,127,125,126,22,22,64
25/01/2014,89,100,115,7,12,49
25/01/2014,89,87,98,7,7,30
25/01/2014,112,131,119,16,23,55
25/01/2014,116,119,110,18,20,43
01/02/2014,98,109,118,10,16,53
01/02/2014,123,131,131,21,23,69
01/02/2014,118,116,122,19,19,59
01/02/2014,78,95,93,4,10,25
01/02/2014,112,119,122,16,20,60
01/02/2014,100,90,93,11,8,25
01/02/2014,133,122,126,23,21,64
01/02/2014,107,116,119,14,19,55
01/02/2014,138,131,130,24,23,68
01/02/2014,138,125,120,24,22,56
01/02/2014,105,104,115,13,14,49
01/02/2014,73,74,71,3,3,12
01/02/2014,105,114,110,13,18,43
01/02/2014,89,97,105,7,11,37
01/02/2014,109,114,97,15,18,29
01/02/2014,123,119,139,21,20,75
01/02/2014,112,116,113,16,19,46
01/02/2014,105,131,112,13,23,45
01/02/2014,92,102,95,8,13,27
01/02/2014,98,90,99,10,8,31
01/02/2014,105,95,108,13,10,41
01/02/2014,121,137,124,20,24,62
01/02/2014,89,102,108,7,13,40
01/02/2014,107,90,100,14,8,32
01/02/2014,116,109,114,18,16,47
01/02/2014,105,84,95,13,6,27
01/02/2014,78,97,71,4,11,12
01/02/2014,98,104,101,10,14,33
01/02/2014,133,125,133,23,22,71
01/02/2014,107,95,106,14,10,38
01/02/2014,105,102,104,13,13,36
01/02/2014,109,106,100,15,15,32
01/02/2014,112,102,122,16,13,60
01/02/2014,89,90,96,7,8,28
01/02/2014,95,87,84,9,7,18
01/02/2014,100,104,100,11,14,32
01/02/2014,92,97,100,8,11,32
01/02/2014,69,93,82,2,9,17
01/02/2014,116,125,120,18,22,56
01/02/2014,105,109,103,13,16,35
01/02/2014,109,93,120,15,9,56
01/02/2014,109,114,120,15,18,56
01/02/2014,109,93,108,15,9,40
01/02/2014,123,125,141,21,22,77
01/02/2014,114,119,123,17,20,61
01/02/2014,92,104,96,8,14,28
01/02/2014,100,114,99,11,18,31
01/02/2014,105,114,107,13,18,39
01/02/2014,86,81,91,6,5,23
01/02/2014,133,114,131,23,18,69
01/02/2014,133,122,130,23,21,68
01/02/2014,86,95,107,6,10,39
01/02/2014,127,111,116,22,17,50
01/02/2014,100,100,91,11,12,23
01/02/2014,112,116,119,16,19,54
01/02/2014,109,100,107,15,12,39
01/02/2014,123,111,114,21,17,47
01/02/2014,89,90,88,7,8,21
01/02/2014,116,106,121,18,15,58
01/02/2014,121,116,119,20,19,55
01/02/2014,112,125,122,16,22,60
01/02/2014,109,114,120,15,18,56
01/02/2014,82,78,79,5,4,15
01/02/2014,114,114,115,17,18,49
01/02/2014,114,122,126,17,21,65
01/02/2014,105,109,115,13,16,49
01/02/2014,98,93,98,10,9,30
01/02/2014,107,114,108,14,18,41
01/02/2014,116,106,119,18,15,55
01/02/2014,114,122,121,17,21,58
01/02/2014,105,137,117,13,24,51
01/02/2014,92,102,99,8,13,31
01/02/2014,92,90,97,8,8,29
01/02/2014,112,95,102,16,10,34
01/02/2014,95,100,99,9,12,31
01/02/2014,86,95,95,6,10,27
01/02/2014,107,97,98,14,11,30
01/02/2014,109,116,112,15,19,45
01/02/2014,98,111,108,10,17,40
01/02/2014,107,95,103,14,10,35
01/02/2014,112,90,102,16,8,34
01/02/2014,109,119,116,15,20,50
01/02/2014,89,84,94,7,6,26
01/02/2014,103,102,111,12,13,44
01/02/2014,103,102,98,12,13,30
01/02/2014,100,106,104,11,15,36
01/02/2014,109,119,116,15,20,50
01/02/2014,121,137,124,20,24,62
01/02/2014,98,114,104,10,18,36
01/02/2014,123,122,128,21,21,67
01/02/2014,141,125,133,25,22,71
01/02/2014,123,119,125,21,20,63
01/02/2014,114,109,108,17,16,41
01/02/2014,127,122,125,22,21,63
01/02/2014,123,122,128,21,21,67
01/02/2014,127,114,133,22,18,71
01/02/2014,118,109,124,19,16,62
01/02/2014,109,114,117,15,18,52
01/02/2014,116,102,113,18,13,46
01/02/2014,133,122,123,23,21,61
01/02/2014,92,104,97,8,14,29
01/02/2014,105,109,110,13,16,43
01/02/2014,100,106,94,11,15,26
01/02/2014,105,102,112,13,13,45
01/02/2014,105,100,98,13,12,30
01/02/2014,109,116,106,15,19,38
01/02/2014,100,125,110,11,22,43
01/02/2014,100,119,119,11,20,55
01/02/2014,78,95,92,4,10,24
01/02/2014,100,102,117,11,13,51
01/02/2014,109,106,103,15,15,35
01/02/2014,89,84,112,7,6,45
01/02/2014,105,106,109,13,15,42
01/02/2014,86,87,103,6,7,35
01/02/2014,114,97,110,17,11,43
01/02/2014,121,137,130,20,24,68
01/02/2014,114,104,108,17,14,40
01/02/2014,82,81,84,5,5,18
01/02/2014,92,100,103,8,12,35
01/02/2014,98,93,95,10,9,27
01/02/2014,127,122,120,22,21,57
01/02/2014,78,84,84,4,6,18
01/02/2014,127,125,117,22,22,52
01/02/2014,107,97,120,14,11,57
01/02/2014,103,114,108,12,18,41
01/02/2014,127,131,133,22,23,70
01/02/2014,89,78,108,7,4,41
01/02/2014,127,131,139,22,23,75
01/02/2014,116,114,117,18,18,51
01/02/2014,127,125,127,22,22,66
01/02/2014,138,125,126,24,22,65
01/02/2014,95,104,126,9,14,64
01/02/2014,114,116,126,17,19,64
01/02/2014,95,81,89,9,5,22
01/02/2014,123,106,123,21,15,61
01/02/2014,103,106,107,12,15,39
01/02/2014,127,122,126,22,21,64
01/02/2014,112,111,105,16,17,37
01/02/2014,116,114,112,18,18,45
01/02/2014,112,114,117,16,18,52
01/02/2014,92,109,98,8,16,30
01/02/2014,123,122,114,21,21,47
01/02/2014,98,93,93,10,9,25
01/02/2014,107,125,118,14,22,53
01/02/2014,107,116,124,14,19,62
01/02/2014,109,97,95,15,11,27
01/02/2014,116,122,114,18,21,48
01/02/2014,100,122,105,11,21,37
01/02/2014,109,114,122,15,18,60
01/02/2014,86,93,87,6,9,20
01/02/2014,95,100,103,9,12,35
01/02/2014,116,114,122,18,18,60
01/02/2014,89,106,104,7,15,36
01/02/2014,105,106,111,13,15,44
01/02/2014,100,100,108,11,12,41
01/02/2014,95,102,100,9,13,32
01/02/2014,105,102,109,13,13,42
01/02/2014,114,104,114,17,14,48
01/02/2014,112,116,121,16,19,58
01/02/2014,86,97,92,6,11,24
01/02/2014,123,125,120,21,22,57
01/02/2014,105,109,105,13,16,37
01/02/2014,105,100,99,13,12,31
01/02/2014,116,131,120,18,23,57
01/02/2014,121,125,120,20,22,56
01/02/2014,127,125,128,22,22,67
01/02/2014,100,111,117,11,17,51
01/02/2014,133,114,130,23,18,68
01/02/2014,127,116,112,22,19,45
01/02/2014,103,104,112,12,14,45
01/02/2014,114,97,122,17,11,60
01/02/2014,105,114,103,13,18,35
01/02/2014,114,114,125,17,18,63
01/02/2014,121,114,123,20,18,61
01/02/2014,127,131,124,22,23,62
01/02/2014,100,111,113,11,17,46
01/02/2014,118,111,111,19,17,44
01/02/2014,100,111,92,11,17,24
01/02/2014,121,104,128,20,14,67
01/02/2014,103,100,100,12,12,32
01/02/2014,89,93,93,7,9,25
01/02/2014,95,95,92,9,10,24
01/02/2014,127,106,126,22,15,65
01/02/2014,95,84,112,9,6,45
01/02/2014,121,116,120,20,19,57
01/02/2014,114,116,112,17,19,45
01/02/2014,116,131,123,18,23,61
01/02/2014,69,71,74,2,2,13
01/02/2014,133,125,131,23,22,69
01/02/2014,116,114,120,18,18,57
01/02/2014,116,119,115,18,20,49
01/02/2014,98,109,108,10,16,40
01/02/2014,100,104,97,11,14,29
01/02/2014,103,111,121,12,17,58
01/02/2014,92,111,100,8,17,32
01/02/2014,100,100,97,11,12,29
01/02/2014,107,125,120,14,22,56
01/02/2014,127,119,128,22,20,67
01/02/2014,114,106,118,17,15,53
01/02/2014,109,114,116,15,18,50
01/02/2014,112,111,114,16,17,48
01/02/2014,112,100,107,16,12,39
01/02/2014,98,87,102,10,7,34
01/02/2014,107,111,110,14,17,43
01/02/2014,105,100,108,13,12,41
01/02/2014,114,122,117,17,21,51
01/02/2014,105,102,109,13,13,42
01/02/2014,118,111,120,19,17,57
01/02/2014,112,119,116,16,20,50
01/02/2014,133,141,141,23,26,76
01/02/2014,100,111,92,11,17,24
01/02/2014,98,111,99,10,17,31
01/02/2014,114,122,122,17,21,60
01/02/2014,123,125,131,21,22,69
01/02/2014,118,119,125,19,20,63
01/02/2014,100,116,117,11,19,51
01/02/2014,138,137,134,24,24,72
01/02/2014,114,95,109,17,10,42
01/02/2014,138,122,137,24,21,74
01/02/2014,127,125,126,22,22,65
01/02/2014,133,137,123,23,24,61
01/02/2014,118,116,114,19,19,47
01/02/2014,138,122,121,24,21,58
01/02/2014,114,125,123,17,22,61
01/02/2014,121,122,131,20,21,69
01/02/2014,114,125,114,17,22,47
01/02/2014,86,106,92,6,15,24
01/02/2014,105,97,107,13,11,39
01/02/2014,100,106,109,11,15,42
01/02/2014,114,109,111,17,16,44
01/02/2014,127,125,120,22,22,57
01/02/2014,95,84,81,9,6,16
01/02/2014,98,111,94,10,17,26
01/02/2014,89,74,88,7,3,21
01/02/2014,112,109,109,16,16,42
01/02/2014,98,93,92,10,9,24
01/02/2014,123,104,126,21,14,65
01/02/2014,114,116,120,17,19,56
01/02/2014,92,87,97,8,7,29
01/02/2014,86,97,95,6,11,27
01/02/2014,107,102,111,14,13,44
01/02/2014,103,97,109,12,11,42
01/02/2014,123,125,119,21,22,54
01/02/2014,109,106,114,15,15,47
01/02/2014,109,125,119,15,22,54
01/02/2014,116,97,123,18,11,61
01/02/2014,95,71,96,9,2,28
01/02/2014,100,84,106,11,6,38
01/02/2014,109,109,111,15,16,44
01/02/2014,114,100,112,17,12,45
01/02/2014,114,119,123,17,20,61
01/02/2014,118,106,116,19,15,50
01/02/2014,89,95,104,7,10,36
01/02/2014,133,116,133,23,19,71
01/02/2014,123,116,127,21,19,66
01/02/2014,133,111,125,23,17,63
01/02/2014,105,111,111,13,17,44
01/02/2014,109,109,125,15,16,63
01/02/2014,114,119,122,17,20,59
01/02/2014,121,109,108,20,16,41
01/02/2014,105,114,110,13,18,43
01/02/2014,109,114,122,15,18,59
01/02/2014,118,95,105,19,10,37
01/02/2014,103,95,97,12,10,29
01/02/2014,109,119,119,15,20,55
01/02/2014,127,137,141,22,24,77
01/02/2014,133,137,131,23,24,69
01/02/2014,114,119,130,17,20,68
01/02/2014,118,116,122,19,19,60
01/02/2014,100,102,113,11,13,46
01/02/2014,114,141,119,17,26,54
01/02/2014,105,102,115,13,13,49
01/02/2014,82,87,104,5,7,36
01/02/2014,118,122,122,19,21,60
01/02/2014,100,90,101,11,8,33
01/02/2014,73,84,79,3,6,15
01/02/2014,95,102,93,9,13,25
01/02/2014,98,102,98,10,13,30
01/02/2014,112,111,112,16,17,45
01/02/2014,116,125,127,18,22,66
01/02/2014,95,100,101,9,12,33
01/02/2014,114,111,124,17,17,62
01/02/2014,78,87,98,4,7,30
01/02/2014,95,97,96,9,11,28
01/02/2014,127,109,111,22,16,44
01/02/2014,103,100,102,12,12,34
01/02/2014,103,109,117,12,16,52
01/02/2014,127,116,134,22,19,72
01/02/2014,123,114,128,21,18,67
01/02/2014,95,116,118,9,19,53
01/02/2014,114,125,118,17,22,53
01/02/2014,127,131,133,22,23,71
01/02/2014,118,122,126,19,21,65
01/02/2014,118,122,130,19,21,68
01/02/2014,98,100,105,10,12,37
01/02/2014,109,111,117,15,17,52
01/02/2014,112,104,108,16,14,40
01/02/2014,89,90,93,7,8,25
01/02/2014,107,109,119,14,16,55
01/02/2014,107,93,106,14,9,38
01/02/2014,114,116,122,17,19,60
01/02/2014,95,100,109,9,12,42
01/02/2014,112,109,120,16,16,56
01/02/2014,95,100,107,9,12,39
01/02/2014,116,122,117,18,21,51
01/02/2014,116,116,115,18,19,49
01/02/2014,86,93,82,6,9,17
01/02/2014,78,93,91,4,9,23
01/02/2014,92,100,94,8,12,26
01/02/2014,86,97,100,6,11,32
01/02/2014,116,109,127,18,16,66
01/02/2014,118,119,126,19,20,64
01/02/2014,103,114,106,12,18,38
08/02/2014,107,109,111,14,16,44
08/02/2014,114,116,117,17,19,52
08/02/2014,121,116,121,20,19,58
08/02/2014,105,97,107,13,11,39
08/02/2014,118,119,121,19,20,58
08/02/2014,123,125,117,21,22,51
08/02/2014,121,106,127,20,15,66
08/02/2014,141,131,133,25,23,71
08/02/2014,114,119,124,17,20,62
08/02/2014,121,141,126,20,25,65
08/02/2014,100,81,114,11,5,47
08/02/2014,116,106,105,18,15,37
08/02/2014,116,116,119,18,19,55
08/02/2014,86,84,77,6,6,14
08/02/2014,98,87,102,10,7,34
08/02/2014,118,116,119,19,19,55
08/02/2014,100,100,110,11,12,43
08/02/2014,78,95,99,4,10,31
08/02/2014,95,93,95,9,9,27
08/02/2014,105,109,112,13,16,45
08/02/2014,105,111,106,13,17,38
08/02/2014,100,104,107,11,14,39
08/02/2014,107,87,105,14,7,37
08/02/2014,107,109,99,14,16,31
08/02/2014,82,84,82,5,6,17
08/02/2014,114,119,120,17,20,57
08/02/2014,116,95,120,18,10,56
08/02/2014,92,90,95,8,8,27
08/02/2014,118,102,113,19,13,46
08/02/2014,82,78,85,5,4,19
08/02/2014,123,116,114,21,19,47
08/02/2014,107,119,114,14,20,47
08/02/2014,116,116,107,18,19,39
08/02/2014,112,119,125,16,20,63
08/02/2014,116,109,120,18,16,57
08/02/2014,107,102,101,14,13,33
08/02/2014,116,116,119,18,19,55
08/02/2014,121,114,126,20,18,64
08/02/2014,107,109,115,14,16,49
08/02/2014,82,95,97,5,10,29
08/02/2014,121,114,131,20,18,69
08/02/2014,116,109,114,18,16,47
08/02/2014,92,93,94,8,9,26
08/02/2014,121,111,121,20,17,58
08/02/2014,127,106,122,22,15,59
08/02/2014,107,114,120,14,18,57
08/02/2014,100,109,91,11,16,23
08/02/2014,121,116,122,20,19,60
08/02/2014,112,106,119,16,15,54
08/02/2014,121,111,119,20,17,54
08/02/2014,114,100,116,17,12,50
08/02/2014,116,97,119,18,11,55
08/02/2014,112,104,125,16,14,63
08/02/2014,127,125,124,22,22,62
08/02/2014,127,116,124,22,19,62
08/02/2014,141,116,131,25,19,69
08/02/2014,121,125,126,20,22,64
08/02/2014,107,102,107,14,13,39
08/02/2014,105,114,121,13,18,58
08/02/2014,123,116,119,21,19,55
08/02/2014,127,141,133,22,26,71
08/02/2014,103,106,114,12,15,47
08/02/2014,127,131,133,22,23,70
08/02/2014,112,106,102,16,15,34
08/02/2014,92,102,87,8,13,20
08/02/2014,103,111,108,12,17,40
08/02/2014,89,104,106,7,14,38
08/02/2014,100,102,119,11,13,55
08/02/2014,114,131,120,17,23,57
08/02/2014,112,106,108,16,15,41
08/02/2014,98,84,95,10,6,27
08/02/2014,116,125,122,18,22,60
08/02/2014,114,119,126,17,20,65
08/02/2014,86,102,102,6,13,34
08/02/2014,109,125,110,15,22,43
08/02/2014,103,106,103,12,15,35
08/02/2014,92,95,102,8,10,34
08/02/2014,112,125,117,16,22,52
08/02/2014,105,111,103,13,17,35
08/02/2014,100,114,101,11,18,33
08/02/2014,89,90,101,7,8,33
08/02/2014,98,104,104,10,14,36
08/02/2014,109,106,114,15,15,47
08/02/2014,112,119,123,16,20,61
08/02/2014,112,116,117,16,19,51
08/02/2014,116,125,137,18,22,73
08/02/2014,121,111,124,20,17,62
08/02/2014,103,106,116,12,15,50
08/02/2014,95,100,97,9,12,29
08/02/2014,92,90,100,8,8,32
08/02/2014,92,78,111,8,4,44
08/02/2014,112,111,108,16,17,40
08/02/2014,89,97,115,7,11,49
08/02/2014,98,90,87,10,8,20
08/02/2014,105,97,119,13,11,55
08/02/2014,118,93,109,19,9,42
08/02/2014,98,90,104,10,8,36
08/02/2014,114,114,124,17,18,62
08/02/2014,89,106,104,7,15,36
08/02/2014,92,95,98,8,10,30
08/02/2014,127,131,134,22,23,72
08/02/2014,78,109,99,4,16,31
08/02/2014,100,93,104,11,9,36
08/02/2014,112,106,119,16,15,54
08/02/2014,100,106,103,11,15,35
08/02/2014,121,116,108,20,19,40
08/02/2014,89,87,89,7,7,22
08/02/2014,123,114,119,21,18,55
08/02/2014,127,131,133,22,23,70
08/02/2014,105,104,109,13,14,42
08/02/2014,133,119,130,23,20,68
08/02/2014,100,100,100,11,12,32
08/02/2014,116,119,125,18,20,63
08/02/2014,107,109,105,14,16,37
08/02/2014,105,102,113,13,13,46
08/02/2014,98,106,103,10,15,35
08/02/2014,112,114,120,16,18,57
08/02/2014,107,125,119,14,22,55
08/02/2014,100,122,117,11,21,51
08/02/2014,109,111,108,15,17,41
08/02/2014,95,97,97,9,11,29
08/02/2014,82,74,87,5,3,20
08/02/2014,107,97,114,14,11,47
08/02/2014,98,93,89,10,9,22
08/02/2014,95,104,104,9,14,36
08/02/2014,109,111,119,15,17,54
08/02/2014,95,95,108,9,10,40
08/02/2014,107,111,110,14,17,43
08/02/2014,98,97,92,10,11,24
08/02/2014,92,97,91,8,11,23
08/02/2014,112,102,119,16,13,54
08/02/2014,121,125,125,20,22,63
08/02/2014,89,87,104,7,7,36
08/02/2014,89,78,74,7,4,13
08/02/2014,100,109,104,11,16,36
08/02/2014,118,137,137,19,24,73
08/02/2014,92,109,100,8,16,32
08/02/2014,107,116,119,14,19,55
08/02/2014,105,114,122,13,18,60
08/02/2014,78,104,107,4,14,39
08/02/2014,114,137,110,17,24,43
08/02/2014,89,74,92,7,3,24
08/02/2014,92,97,96,8,11,28
08/02/2014,123,137,141,21,24,77
08/02/2014,118,111,122,19,17,59
08/02/2014,107,102,108,14,13,40
08/02/2014,109,97,107,15,11,39
08/02/2014,133,141,128,23,25,67
08/02/2014,112,100,102,16,12,34
08/02/2014,116,111,122,18,17,60
08/02/2014,98,114,114,10,18,48
08/02/2014,116,137,119,18,24,55
08/02/2014,121,109,122,20,16,59
08/02/2014,103,125,114,12,22,47
08/02/2014,141,137,141,25,24,77
08/02/2014,116,116,122,18,19,59
08/02/2014,121,114,114,20,18,48
08/02/2014,133,122,125,23,21,63
08/02/2014,123,104,119,21,14,55
08/02/2014,92,95,108,8,10,40
08/02/2014,116,114,110,18,18,43
08/02/2014,89,93,97,7,9,29
08/02/2014,98,95,93,10,10,25
08/02/2014,100,106,84,11,15,18
08/02/2014,112,114,116,16,18,50
08/02/2014,98,97,97,10,11,29
08/02/2014,98,81,102,10,5,34
08/02/2014,98,111,109,10,17,42
08/02/2014,105,116,110,13,19,43
08/02/2014,103,97,111,12,11,44
08/02/2014,105,93,109,13,9,42
08/02/2014,114,104,123,17,14,61
08/02/2014,127,137,127,22,24,66
08/02/2014,105,106,110,13,15,43
08/02/2014,112,111,123,16,17,61
08/02/2014,133,131,134,23,23,72
08/02/2014,121,125,124,20,22,62
08/02/2014,103,104,105,12,14,37
08/02/2014,107,109,113,14,16,46
08/02/2014,138,119,124,24,20,62
08/02/2014,86,97,100,6,11,32
08/02/2014,95,97,104,9,11,36
08/02/2014,109,116,119,15,19,54
08/02/2014,103,100,120,12,12,56
08/02/2014,123,114,120,21,18,56
08/02/2014,116,111,119,18,17,55
08/02/2014,114,114,109,17,18,42
08/02/2014,92,81,100,8,5,32
08/02/2014,103,104,98,12,14,30
08/02/2014,95,102,104,9,13,36
08/02/2014,89,95,100,7,10,32
08/02/2014,95,84,77,9,6,14
08/02/2014,98,97,108,10,11,40
08/02/2014,116,95,114,18,10,48
08/02/2014,98,106,113,10,15,46
08/02/2014,121,122,115,20,21,49
08/02/2014,103,97,101,12,11,33
08/02/2014,127,111,126,22,17,65
08/02/2014,138,131,126,24,23,65
08/02/2014,118,131,133,19,23,70
08/02/2014,133,141,122,23,25,59
08/02/2014,103,102,114,12,13,48
08/02/2014,98,93,93,10,9,25
08/02/2014,98,106,100,10,15,32
08/02/2014,103,137,119,12,24,55
08/02/2014,95,102,77,9,13,14
08/02/2014,112,119,119,16,20,54
08/02/2014,92,90,104,8,8,36
08/02/2014,103,122,101,12,21,33
08/02/2014,95,93,109,9,9,42
08/02/2014,127,131,134,22,23,72
08/02/2014,118,137,115,19,24,49
08/02/2014,92,106,100,8,15,32
08/02/2014,107,109,107,14,16,39
08/02/2014,89,95,91,7,10,23
08/02/2014,86,90,92,6,8,24
08/02/2014,105,111,102,13,17,34
08/02/2014,95,97,104,9,11,36
08/02/2014,118,95,119,19,10,54
08/02/2014,123,114,123,21,18,61
08/02/2014,121,106,117,20,15,52
08/02/2014,123,119,130,21,20,68
08/02/2014,118,109,118,19,16,53
08/02/2014,133,122,127,23,21,66
08/02/2014,112,119,127,16,20,66
08/02/2014,133,141,139,23,25,75
08/02/2014,109,119,114,15,20,47
08/02/2014,118,122,117,19,21,52
08/02/2014,109,119,116,15,20,50
08/02/2014,127,125,137,22,22,73
08/02/2014,121,119,103,20,20,35
08/02/2014,116,116,115,18,19,49
08/02/2014,107,102,108,14,13,41
08/02/2014,98,95,91,10,10,23
08/02/2014,86,97,100,6,11,32
08/02/2014,112,141,114,16,25,47
08/02/2014,109,104,108,15,14,40
08/02/2014,121,109,124,20,16,62
08/02/2014,107,109,115,14,16,49
08/02/2014,107,109,120,14,16,56
08/02/2014,123,106,122,21,15,60
08/02/2014,112,111,107,16,17,39
08/02/2014,112,109,118,16,16,53
08/02/2014,118,125,110,19,22,43
08/02/2014,95,84,82,9,6,17
08/02/2014,98,97,105,10,11,37
08/02/2014,116,119,118,18,20,53
08/02/2014,98,100,110,10,12,43
08/02/2014,105,106,110,13,15,43
08/02/2014,118,131,126,19,23,64
08/02/2014,114,109,116,17,16,50
08/02/2014,114,106,104,17,15,36
08/02/2014,105,111,114,13,17,48
08/02/2014,105,102,118,13,13,53
08/02/2014,118,114,133,19,18,70
08/02/2014,89,104,115,7,14,49
08/02/2014,73,90,97,3,8,29
08/02/2014,100,111,113,11,17,46
08/02/2014,89,93,87,7,9,20
08/02/2014,100,116,116,11,19,50
08/02/2014,121,122,120,20,21,56
08/02/2014,127,125,126,22,22,65
08/02/2014,105,114,119,13,18,55
08/02/2014,118,122,134,19,21,72
08/02/2014,133,122,127,23,21,66
08/02/2014,109,102,112,15,13,45
08/02/2014,121,122,125,20,21,63
08/02/2014,118,131,125,19,23,63
08/02/2014,127,95,113,22,10,46
08/02/2014,107,102,119,14,13,55
08/02/2014,123,131,126,21,23,64
08/02/2014,116,111,120,18,17,57
08/02/2014,118,137,122,19,24,59
08/02/2014,114,93,105,17,9,37
08/02/2014,127,125,119,22,22,55
08/02/2014,92,97,88,8,11,21
08/02/2014,103,102,107,12,13,39
08/02/2014,112,111,122,16,17,59
08/02/2014,123,104,116,21,14,50
08/02/2014,105,106,113,13,15,46
08/02/2014,133,116,125,23,19,63
08/02/2014,92,106,106,8,15,38
08/02/2014,92,95,104,8,10,36
08/02/2014,100,97,107,11,11,39
08/02/2014,86,106,114,6,15,48
08/02/2014,78,74,81,4,3,16
08/02/2014,133,131,141,23,23,76
08/02/2014,92,114,113,8,18,46
08/02/2014,107,102,110,14,13,43
08/02/2014,118,104,115,19,14,49
08/02/2014,109,106,126,15,15,65
08/02/2014,92,102,106,8,13,38
08/02/2014,95,95,99,9,10,31
08/02/2014,103,102,113,12,13,46
08/02/2014,116,104,116,18,14,50
08/02/2014,121,119,117,20,20,51
08/02/2014,92,104,102,8,14,34
08/02/2014,92,84,92,8,6,24
08/02/2014,107,100,110,14,12,43
08/02/2014,114,122,122,17,21,60
08/02/2014,114,114,127,17,18,66
08/02/2014,112,95,105,16,10,37
08/02/2014,107,97,116,14,11,50
08/02/2014,98,90,97,10,8,29
08/02/2014,107,95,99,14,10,31
08/02/2014,86,106,88,6,15,21
08/02/2014,116,109,106,18,16,38
08/02/2014,82,93,100,5,9,32
08/02/2014,121,137,125,20,24,63
08/02/2014,100,106,113,11,15,46
08/02/2014,114,122,113,17,21,46
08/02/2014,138,141,137,24,26,74
08/02/2014,123,122,130,21,21,68
08/02/2014,121,102,114,20,13,47
08/02/2014,103,100,109,12,12,42
08/02/2014,123,137,134,21,24,72
15/02/2014,118,109,114,19,16,47
15/02/2014,127,114,127,22,18,66
15/02/2014,112,119,115,16,20,49
15/02/2014,116,111,116,18,17,50
15/02/2014,105,141,114,13,25,48
15/02/2014,127,131,133,22,23,70
15/02/2014,138,125,133,24,22,70
15/02/2014,98,104,108,10,14,41
15/02/2014,138,122,120,24,21,57
15/02/2014,98,100,95,10,12,27
15/02/2014,95,78,94,9,4,26
15/02/2014,100,100,114,11,12,48
15/02/2014,105,84,109,13,6,42
15/02/2014,109,102,100,15,13,32
15/02/2014,82,87,95,5,7,27
15/02/2014,98,95,98,10,10,30
15/02/2014,116,119,117,18,20,51
15/02/2014,114,102,108,17,13,40
15/02/2014,82,95,106,5,10,38
15/02/2014,73,84,74,3,6,13
15/02/2014,123,131,122,21,23,59
15/02/2014,103,93,93,12,9,25
15/02/2014,107,97,102,14,11,34
15/02/2014,114,109,114,17,16,47
15/02/2014,95,78,102,9,4,34
15/02/2014,116,111,120,18,17,57
15/02/2014,121,116,124,20,19,62
15/02/2014,92,84,94,8,6,26
15/02/2014,114,104,108,17,14,40
15/02/2014,92,78,95,8,4,27
15/02/2014,86,97,101,6,11,33
15/02/2014,105,114,108,13,18,41
15/02/2014,118,114,120,19,18,56
15/02/2014,114,111,106,17,17,38
15/02/2014,121,125,128,20,22,67
15/02/2014,109,109,115,15,16,49
15/02/2014,95,93,115,9,9,49
15/02/2014,123,111,120,21,17,56
15/02/2014,116,119,133,18,20,71
15/02/2014,89,78,79,7,4,15
15/02/2014,133,122,123,23,21,61
15/02/2014,92,90,69,8,8,0
15/02/2014,133,141,141,23,25,77
15/02/2014,107,97,106,14,11,38
15/02/2014,109,119,117,15,20,52
15/02/2014,109,102,111,15,13,44
15/02/2014,116,102,103,18,13,35
15/02/2014,116,106,119,18,15,54
15/02/2014,123,122,121,21,21,58
15/02/2014,116,122,127,18,21,66
15/02/2014,116,104,104,18,14,36
15/02/2014,86,85,110,6,6,43
15/02/2014,116,109,108,18,16,40
15/02/2014,138,137,137,24,24,73
15/02/2014,89,114,104,7,18,36
15/02/2014,92,100,105,8,12,37
15/02/2014,103,96,102,12,10,34
15/02/2014,107,104,107,14,14,39
15/02/2014,116,114,123,18,18,60
15/02/2014,138,119,125,24,20,63
15/02/2014,127,114,120,22,18,55
15/02/2014,116,114,104,18,18,36
15/02/2014,74,91,84,3,8,18
15/02/2014,107,85,107,14,6,39
15/02/2014,116,122,127,18,21,66
15/02/2014,141,137,141,25,24,77
15/02/2014,103,100,100,12,12,31
15/02/2014,103,107,99,12,15,30
15/02/2014,98,100,106,10,12,38
15/02/2014,105,100,110,13,12,42
15/02/2014,98,111,104,10,17,36
15/02/2014,78,93,88,4,9,21
15/02/2014,98,102,104,10,13,35
15/02/2014,100,85,105,11,6,37
15/02/2014,116,107,114,18,15,47
15/02/2014,107,119,122,14,20,59
15/02/2014,105,106,112,13,15,45
15/02/2014,112,100,98,16,12,30
15/02/2014,116,116,126,18,19,64
15/02/2014,116,109,126,18,16,64
15/02/2014,114,104,118,17,14,53
15/02/2014,112,97,108,16,11,40
15/02/2014,95,90,97,9,8,29
15/02/2014,107,97,107,14,11,39
15/02/2014,95,97,92,9,11,24
15/02/2014,133,125,137,23,22,74
15/02/2014,121,114,123,20,18,61
15/02/2014,127,109,117,22,16,51
15/02/2014,109,122,126,15,21,65
15/02/2014,107,104,112,14,14,45
15/02/2014,107,102,108,14,13,40
15/02/2014,121,119,122,20,20,59
15/02/2014,92,93,101,8,9,32
15/02/2014,116,109,97,18,16,29
15/02/2014,105,111,105,13,17,37
15/02/2014,89,88,99,7,7,30
15/02/2014,100,102,85,11,13,19
15/02/2014,98,96,96,10,10,28
15/02/2014,114,114,120,17,18,55
15/02/2014,103,100,111,12,12,44
15/02/2014,124,137,131,21,24,69
15/02/2014,110,117,120,15,19,56
15/02/2014,82,111,93,5,17,25
15/02/2014,98,85,104,10,6,35
15/02/2014,107,100,102,14,12,34
15/02/2014,92,96,100,8,10,31
15/02/2014,116,126,125,18,22,63
15/02/2014,95,137,115,9,24,48
15/02/2014,78,78,91,4,4,23
15/02/2014,112,114,118,16,18,52
15/02/2014,92,104,100,8,14,31
15/02/2014,103,96,114,12,10,47
15/02/2014,98,93,104,10,9,35
15/02/2014,121,126,113,20,22,46
15/02/2014,107,91,104,14,8,36
15/02/2014,107,107,118,14,15,53
15/02/2014,112,100,108,16,12,40
15/02/2014,121,107,121,20,15,57
15/02/2014,89,81,99,7,5,30
15/02/2014,116,107,117,18,15,51
15/02/2014,118,137,119,19,24,55
15/02/2014,100,102,104,11,13,35
15/02/2014,89,96,99,7,10,30
15/02/2014,105,109,109,13,16,41
15/02/2014,121,114,105,20,18,37
15/02/2014,118,137,113,19,24,46
15/02/2014,116,114,130,18,18,68
15/02/2014,124,126,125,21,22,63
15/02/2014,133,137,131,23,24,69
15/02/2014,103,96,96,12,10,28
15/02/2014,124,98,121,21,11,58
15/02/2014,103,141,122,12,25,59
15/02/2014,82,98,92,5,11,24
15/02/2014,105,107,118,13,15,53
15/02/2014,119,126,134,19,22,71
15/02/2014,105,107,110,13,15,43
15/02/2014,124,104,96,21,14,28
15/02/2014,138,122,135,24,21,72
15/02/2014,103,107,104,12,15,35
15/02/2014,133,117,131,23,19,69
15/02/2014,133,117,121,23,19,58
15/02/2014,103,107,106,12,15,38
15/02/2014,100,78,103,11,4,35
15/02/2014,100,102,106,11,13,38
15/02/2014,100,102,114,11,13,47
15/02/2014,110,85,85,15,6,19
15/02/2014,110,126,123,15,22,60
15/02/2014,107,93,99,14,9,30
15/02/2014,69,91,79,2,8,15
15/02/2014,107,104,117,14,14,51
15/02/2014,100,119,123,11,20,60
15/02/2014,103,74,87,12,3,20
15/02/2014,100,102,112,11,13,45
15/02/2014,103,109,110,12,16,43
15/02/2014,114,102,108,17,13,40
15/02/2014,112,117,111,16,19,44
15/02/2014,110,91,112,15,8,45
15/02/2014,105,78,115,13,4,49
15/02/2014,107,126,123,14,22,61
15/02/2014,74,93,101,3,9,32
15/02/2014,105,109,115,13,16,49
15/02/2014,103,114,113,12,18,46
15/02/2014,103,117,111,12,19,44
15/02/2014,82,78,93,5,4,25
15/02/2014,127,117,122,22,19,59
15/02/2014,89,111,92,7,17,24
15/02/2014,112,107,120,16,15,55
15/02/2014,119,114,126,19,18,64
15/02/2014,82,98,99,5,11,30
15/02/2014,112,102,109,16,13,41
15/02/2014,92,74,99,8,3,30
15/02/2014,119,131,121,19,23,58
15/02/2014,127,126,124,22,22,62
15/02/2014,92,107,106,8,15,38
15/02/2014,124,114,127,21,18,66
15/02/2014,141,131,133,25,23,70
15/02/2014,124,122,129,21,21,67
15/02/2014,110,114,105,15,18,37
15/02/2014,98,88,118,10,7,52
15/02/2014,112,114,133,16,18,70
15/02/2014,116,109,113,18,16,46
15/02/2014,141,111,134,25,17,71
15/02/2014,119,117,126,19,19,64
15/02/2014,124,119,123,21,20,61
15/02/2014,114,93,116,17,9,50
15/02/2014,124,137,141,21,24,76
15/02/2014,133,137,118,23,24,52
15/02/2014,138,137,135,24,24,72
15/02/2014,119,131,127,19,23,66
15/02/2014,100,109,104,11,16,35
15/02/2014,100,114,106,11,18,38
15/02/2014,121,111,122,20,17,59
15/02/2014,89,107,95,7,15,27
15/02/2014,86,109,85,6,16,19
15/02/2014,133,126,134,23,22,71
15/02/2014,112,107,101,16,15,32
15/02/2014,112,98,94,16,11,26
15/02/2014,119,119,120,19,20,55
15/02/2014,95,114,110,9,18,42
15/02/2014,95,111,115,9,17,49
15/02/2014,100,93,102,11,9,33
15/02/2014,114,114,123,17,18,61
15/02/2014,110,104,99,15,14,30
15/02/2014,95,96,106,9,10,38
15/02/2014,98,96,106,10,10,38
15/02/2014,103,117,93,12,19,25
15/02/2014,114,137,112,17,24,45
15/02/2014,107,117,129,14,19,67
15/02/2014,98,85,96,10,6,28
15/02/2014,116,109,120,18,16,56
15/02/2014,103,98,113,12,11,46
15/02/2014,138,137,124,24,24,62
15/02/2014,127,122,141,22,21,76
15/02/2014,112,102,123,16,13,61
15/02/2014,133,102,129,23,13,67
15/02/2014,116,109,133,18,16,70
15/02/2014,103,98,102,12,11,33
15/02/2014,114,117,107,17,19,39
15/02/2014,133,137,135,23,24,72
15/02/2014,133,126,129,23,22,67
15/02/2014,114,117,121,17,19,57
15/02/2014,133,131,120,23,23,55
15/02/2014,124,111,129,21,17,67
15/02/2014,89,93,84,7,9,18
15/02/2014,116,131,130,18,23,68
15/02/2014,103,96,102,12,10,34
15/02/2014,103,104,104,12,14,35
15/02/2014,116,111,122,18,17,59
15/02/2014,92,96,100,8,10,31
15/02/2014,124,122,123,21,21,61
15/02/2014,127,131,137,22,23,73
15/02/2014,112,117,117,16,19,51
15/02/2014,119,107,108,19,15,40
15/02/2014,89,91,102,7,8,33
15/02/2014,121,107,123,20,15,60
15/02/2014,119,114,120,19,18,56
15/02/2014,124,126,131,21,22,69
15/02/2014,107,98,107,14,11,39
15/02/2014,105,107,116,13,15,50
15/02/2014,98,88,105,10,7,37
15/02/2014,78,85,92,4,6,24
15/02/2014,92,100,110,8,12,42
15/02/2014,141,137,134,25,24,71
15/02/2014,114,119,113,17,20,46
15/02/2014,100,104,114,11,14,47
15/02/2014,127,131,126,22,23,65
15/02/2014,98,85,96,10,6,28
15/02/2014,89,98,94,7,11,26
15/02/2014,141,119,129,25,20,67
15/02/2014,114,117,123,17,19,60
15/02/2014,112,122,124,16,21,62
15/02/2014,103,93,104,12,9,35
15/02/2014,119,117,122,19,19,59
15/02/2014,78,104,108,4,14,40
15/02/2014,95,98,77,9,11,14
15/02/2014,74,81,81,3,5,16
15/02/2014,103,107,99,12,15,30
15/02/2014,121,117,126,20,19,64
15/02/2014,127,141,124,22,25,62
15/02/2014,124,137,134,21,24,71
15/02/2014,114,137,126,17,24,65
15/02/2014,112,111,114,16,17,47
15/02/2014,95,93,104,9,9,36
15/02/2014,138,131,141,24,23,76
15/02/2014,121,122,130,20,21,68
15/02/2014,103,102,88,12,13,21
15/02/2014,119,104,130,19,14,68
15/02/2014,107,111,118,14,17,53
15/02/2014,114,137,133,17,24,70
15/02/2014,92,96,94,8,10,26
15/02/2014,141,137,134,25,24,71
15/02/2014,119,111,100,19,17,31
15/02/2014,133,126,137,23,22,73
15/02/2014,133,137,135,23,24,72
15/02/2014,112,107,108,16,15,40
15/02/2014,119,111,117,19,17,51
15/02/2014,69,88,77,2,7,14
15/02/2014,105,98,110,13,11,43
15/02/2014,89,102,106,7,13,38
15/02/2014,100,93,92,11,9,24
15/02/2014,119,96,114,19,10,47
15/02/2014,86,91,89,6,8,22
15/02/2014,124,131,120,21,23,55
15/02/2014,103,91,102,12,8,34
15/02/2014,119,119,116,19,20,50
15/02/2014,86,88,97,6,7,29
15/02/2014,110,122,101,15,21,32
15/02/2014,114,122,123,17,21,61
15/02/2014,103,109,113,12,16,46
15/02/2014,107,114,109,14,18,41
15/02/2014,110,109,110,15,16,42
15/02/2014,119,117,126,19,19,64
15/02/2014,103,91,100,12,8,31
15/02/2014,112,98,110,16,11,43
15/02/2014,89,93,102,7,9,34
15/02/2014,119,117,116,19,19,50
15/02/2014,100,109,114,11,16,47
15/02/2014,110,111,114,15,17,47
15/02/2014,105,109,102,13,16,33
15/02/2014,121,126,116,20,22,50
15/02/2014,103,100,110,12,12,43
15/02/2014,103,98,94,12,11,26
15/02/2014,127,119,126,22,20,64
15/02/2014,92,78,101,8,4,32
15/02/2014,98,117,101,10,19,32
15/02/2014,105,98,110,13,11,43
15/02/2014,98,114,118,10,18,52
15/02/2014,114,93,110,17,9,42
15/02/2014,82,98,95,5,11,27
15/02/2014,107,109,104,14,16,35
15/02/2014,112,126,121,16,22,58
15/02/2014,133,137,114,23,24,47
15/02/2014,100,111,105,11,17,37
22/02/2014,127,114,130,22,18,68
22/02/2014,121,117,126,20,19,64
22/02/2014,98,109,108,10,16,40
22/02/2014,112,100,110,16,12,42
22/02/2014,119,111,110,19,17,42
22/02/2014,138,122,134,24,21,71
22/02/2014,114,111,118,17,17,53
22/02/2014,141,114,129,25,18,67
22/02/2014,138,122,137,24,21,74
22/02/2014,138,141,120,24,25,56
22/02/2014,112,111,104,16,17,36
22/02/2014,127,137,121,22,24,58
22/02/2014,110,131,118,15,23,52
22/02/2014,105,98,110,13,11,43
22/02/2014,127,104,120,22,14,56
22/02/2014,103,109,102,12,16,33
22/02/2014,107,104,102,14,14,33
22/02/2014,105,107,109,13,15,41
22/02/2014,105,109,102,13,16,33
22/02/2014,138,117,123,24,19,60
22/02/2014,103,98,100,12,11,31
22/02/2014,138,141,141,24,25,78
22/02/2014,110,100,119,15,12,54
22/02/2014,116,104,121,18,14,57
22/02/2014,116,119,127,18,20,66
22/02/2014,112,131,126,16,23,64
22/02/2014,95,98,94,9,11,26
22/02/2014,103,96,109,12,10,41
22/02/2014,107,111,124,14,17,62
22/02/2014,133,137,129,23,24,67
22/02/2014,86,91,72,6,8,12
22/02/2014,86,81,89,6,5,22
22/02/2014,110,100,110,15,12,42
22/02/2014,119,109,122,19,16,59
22/02/2014,124,107,121,21,15,57
22/02/2014,107,96,118,14,10,52
22/02/2014,119,96,117,19,10,51
22/02/2014,141,141,141,25,25,78
22/02/2014,119,117,111,19,19,44
22/02/2014,110,114,97,15,18,29
22/02/2014,107,98,102,14,11,34
22/02/2014,133,131,126,23,23,65
22/02/2014,119,131,135,19,23,72
22/02/2014,116,111,121,18,17,57
22/02/2014,103,102,112,12,13,45
22/02/2014,98,117,114,10,19,47
22/02/2014,121,109,123,20,16,61
22/02/2014,133,126,131,23,22,69
22/02/2014,124,117,137,21,19,73
22/02/2014,119,119,125,19,20,63
22/02/2014,119,122,129,19,21,67
22/02/2014,110,100,100,15,12,31
22/02/2014,95,107,115,9,15,48
22/02/2014,100,88,107,11,7,39
22/02/2014,112,117,113,16,19,46
22/02/2014,105,85,100,13,6,31
22/02/2014,107,122,117,14,21,51
22/02/2014,100,102,105,11,13,37
22/02/2014,133,126,135,23,22,72
22/02/2014,124,119,120,21,20,55
22/02/2014,110,107,108,15,15,40
22/02/2014,121,114,118,20,18,53
22/02/2014,110,98,116,15,11,50
22/02/2014,121,122,130,20,21,68
22/02/2014,105,107,108,13,15,40
22/02/2014,112,114,112,16,18,45
22/02/2014,116,117,113,18,19,46
22/02/2014,119,117,117,19,19,51
22/02/2014,98,81,87,10,5,20
22/02/2014,116,98,106,18,11,38
22/02/2014,116,119,122,18,20,59
22/02/2014,107,96,108,14,10,40
22/02/2014,138,126,135,24,22,72
22/02/2014,98,114,107,10,18,39
22/02/2014,110,102,102,15,13,33
22/02/2014,103,131,121,12,23,57
22/02/2014,116,119,117,18,20,51
22/02/2014,112,100,104,16,12,35
22/02/2014,121,122,122,20,21,59
22/02/2014,95,111,112,9,17,45
22/02/2014,124,131,120,21,23,56
22/02/2014,112,122,121,16,21,58
22/02/2014,98,114,106,10,18,38
22/02/2014,121,131,127,20,23,66
22/02/2014,114,96,106,17,10,38
22/02/2014,110,114,109,15,18,41
22/02/2014,116,122,105,18,21,37
22/02/2014,133,131,131,23,23,69
22/02/2014,100,107,120,11,15,56
22/02/2014,107,109,105,14,16,37
22/02/2014,116,119,123,18,20,60
22/02/2014,127,141,127,22,25,66
22/02/2014,112,107,125,16,15,63
22/02/2014,127,141,133,22,25,70
22/02/2014,116,114,114,18,18,47
22/02/2014,127,114,120,22,18,56
22/02/2014,114,109,124,17,16,62
22/02/2014,119,102,117,19,13,51
22/02/2014,112,114,127,16,18,66
22/02/2014,116,109,115,18,16,49
22/02/2014,74,85,100,3,6,31
22/02/2014,121,107,126,20,15,64
22/02/2014,98,91,88,10,8,21
22/02/2014,133,117,134,23,19,71
22/02/2014,107,111,118,14,17,52
22/02/2014,98,107,111,10,15,44
22/02/2014,114,141,117,17,25,51
22/02/2014,112,104,105,16,14,37
22/02/2014,110,117,123,15,19,60
22/02/2014,116,104,122,18,14,59
22/02/2014,78,114,101,4,18,32
22/02/2014,82,81,92,5,5,24
22/02/2014,74,71,85,3,2,19
22/02/2014,95,100,118,9,12,53
22/02/2014,95,102,96,9,13,28
22/02/2014,107,109,105,14,16,37
22/02/2014,110,91,110,15,8,43
22/02/2014,133,117,130,23,19,68
22/02/2014,105,107,120,13,15,56
22/02/2014,124,141,127,21,25,66
22/02/2014,112,109,124,16,16,62
22/02/2014,89,88,97,7,7,29
22/02/2014,82,114,85,5,18,19
22/02/2014,98,109,96,10,16,28
22/02/2014,107,107,115,14,15,48
22/02/2014,138,141,141,24,25,77
22/02/2014,127,122,123,22,21,60
22/02/2014,86,98,87,6,11,20
22/02/2014,100,114,110,11,18,42
22/02/2014,105,114,109,13,18,41
22/02/2014,112,117,111,16,19,44
22/02/2014,86,96,74,6,10,13
22/02/2014,98,85,88,10,6,21
22/02/2014,138,137,135,24,24,72
22/02/2014,112,98,124,16,11,62
22/02/2014,116,111,117,18,17,51
22/02/2014,95,102,97,9,13,29
22/02/2014,86,104,116,6,14,50
22/02/2014,138,126,141,24,22,76
22/02/2014,127,119,120,22,20,55
22/02/2014,133,114,121,23,18,58
22/02/2014,138,131,133,24,23,70
22/02/2014,138,111,133,24,17,70
22/02/2014,105,98,110,13,11,43
22/02/2014,98,102,93,10,13,25
22/02/2014,107,104,111,14,14,44
22/02/2014,121,109,133,20,16,70
22/02/2014,119,114,123,19,18,61
22/02/2014,114,109,121,17,16,57
22/02/2014,98,104,106,10,14,38
22/02/2014,74,88,88,3,7,21
22/02/2014,103,122,124,12,21,62
22/02/2014,110,122,105,15,21,37
22/02/2014,116,119,111,18,20,44
22/02/2014,95,107,105,9,15,37
22/02/2014,110,96,102,15,10,34
22/02/2014,95,107,110,9,15,43
22/02/2014,138,126,141,24,22,77
22/02/2014,69,74,91,1,3,23
22/02/2014,116,111,115,18,17,49
22/02/2014,100,102,102,11,13,34
22/02/2014,100,104,110,11,14,42
22/02/2014,105,96,115,13,10,49
22/02/2014,119,111,116,19,17,50
22/02/2014,138,117,131,24,19,69
22/02/2014,103,114,112,12,18,45
22/02/2014,133,114,120,23,18,56
22/02/2014,121,131,118,20,23,53
22/02/2014,112,114,115,16,18,48
22/02/2014,103,104,102,12,14,34
22/02/2014,121,93,116,20,9,50
22/02/2014,124,107,120,21,15,55
22/02/2014,98,109,104,10,16,36
22/02/2014,86,91,95,6,8,27
22/02/2014,107,126,112,14,22,45
22/02/2014,86,74,88,6,3,21
22/02/2014,110,117,114,15,19,47
22/02/2014,127,119,126,22,20,65
22/02/2014,103,111,106,12,17,38
22/02/2014,127,131,133,22,23,70
22/02/2014,124,104,126,21,14,65
22/02/2014,105,109,120,13,16,55
22/02/2014,110,98,106,15,11,38
22/02/2014,124,141,134,21,26,71
22/02/2014,124,122,126,21,21,64
22/02/2014,107,91,95,14,8,27
22/02/2014,116,109,116,18,16,50
22/02/2014,127,119,127,22,20,66
22/02/2014,105,114,105,13,18,37
22/02/2014,98,91,105,10,8,37
22/02/2014,110,104,112,15,14,45
22/02/2014,98,104,106,10,14,38
22/02/2014,105,119,127,13,20,66
22/02/2014,105,93,121,13,9,57
22/02/2014,133,107,125,23,15,63
22/02/2014,110,114,129,15,18,67
22/02/2014,127,114,121,22,18,58
22/02/2014,121,117,126,20,19,65
22/02/2014,107,107,107,14,15,39
22/02/2014,121,96,118,20,10,53
22/02/2014,127,126,123,22,22,61
22/02/2014,119,126,129,19,22,67
22/02/2014,119,131,110,19,23,42
22/02/2014,112,109,112,16,16,45
22/02/2014,110,104,118,15,14,52
22/02/2014,107,98,104,14,11,36
22/02/2014,103,117,120,12,19,56
22/02/2014,98,104,99,10,14,30
22/02/2014,110,102,102,15,13,33
22/02/2014,105,126,120,13,22,55
22/02/2014,116,126,129,18,22,67
22/02/2014,116,102,101,18,13,32
22/02/2014,124,107,127,21,15,66
22/02/2014,105,78,87,13,4,20
22/02/2014,100,109,119,11,16,54
22/02/2014,98,104,110,10,14,43
22/02/2014,119,111,112,19,17,45
22/02/2014,89,69,95,7,0,27
22/02/2014,100,102,118,11,13,52
22/02/2014,89,93,93,7,9,25
22/02/2014,116,117,117,18,19,51
22/02/2014,98,109,112,10,16,45
22/02/2014,127,114,120,22,18,56
22/02/2014,114,107,117,17,15,51
22/02/2014,95,117,108,9,19,40
22/02/2014,105,109,111,13,16,44
22/02/2014,98,91,91,10,8,23
22/02/2014,110,109,110,15,16,43
22/02/2014,116,114,119,18,18,54
22/02/2014,98,96,93,10,10,25
22/02/2014,121,117,131,20,19,69
22/02/2014,141,122,121,25,21,57
22/02/2014,116,114,111,18,18,44
22/02/2014,98,91,95,10,8,27
22/02/2014,105,107,117,13,15,51
22/02/2014,98,93,110,10,9,42
22/02/2014,114,114,121,17,18,57
22/02/2014,121,117,120,20,19,56
22/02/2014,121,119,120,20,20,56
22/02/2014,114,122,123,17,21,61
22/02/2014,100,100,110,11,12,43
22/02/2014,121,141,133,20,25,70
22/02/2014,112,109,109,16,16,41
22/02/2014,78,96,88,4,10,21
22/02/2014,133,122,120,23,21,56
22/02/2014,105,91,104,13,8,36
22/02/2014,112,111,117,16,17,51
22/02/2014,119,122,129,19,21,67
22/02/2014,119,122,124,19,21,62
22/02/2014,89,100,88,7,12,21
22/02/2014,95,93,104,9,9,36
22/02/2014,89,93,92,7,9,24
22/02/2014,98,100,95,10,12,27
22/02/2014,112,111,120,16,17,56
22/02/2014,92,88,99,8,7,30
22/02/2014,95,131,109,9,23,41
22/02/2014,89,91,93,7,8,25
22/02/2014,119,122,139,19,21,75
22/02/2014,98,111,104,10,17,35
22/02/2014,110,96,104,15,10,35
22/02/2014,103,91,92,12,8,24
22/02/2014,98,111,104,10,17,36
22/02/2014,112,100,102,16,12,33
22/02/2014,82,96,82,5,10,17
22/02/2014,107,119,110,14,20,42
22/02/2014,92,96,104,8,10,36
22/02/2014,89,109,110,7,16,43
22/02/2014,119,117,126,19,19,64
22/02/2014,119,119,123,19,20,60
22/02/2014,105,102,115,13,13,49
22/02/2014,114,111,127,17,17,66
22/02/2014,89,102,105,7,13,37
22/02/2014,100,107,110,11,15,42
22/02/2014,107,88,118,14,7,52
22/02/2014,105,119,126,13,20,64
22/02/2014,114,114,115,17,18,48
22/02/2014,112,102,115,16,13,48
22/02/2014,121,114,127,20,18,66
22/02/2014,112,98,102,16,11,34
22/02/2014,89,88,96,7,7,28
22/02/2014,107,114,115,14,18,49
22/02/2014,119,119,131,19,20,69
22/02/2014,141,141,129,25,25,67
22/02/2014,105,126,114,13,22,47
22/02/2014,133,117,127,23,19,66
22/02/2014,114,117,104,17,19,36
01/03/2014,98,104,93,10,14,25
01/03/2014,110,109,124,15,16,62
01/03/2014,119,117,123,19,19,61
01/03/2014,119,131,124,19,23,62
01/03/2014,133,141,123,23,25,60
01/03/2014,98,98,97,10,11,29
01/03/2014,121,122,123,20,21,61
01/03/2014,119,119,121,19,20,57
01/03/2014,124,126,126,21,22,64
01/03/2014,138,126,129,24,22,67
01/03/2014,98,102,93,10,13,25
01/03/2014,133,111,133,23,17,70
01/03/2014,114,111,113,17,17,46
01/03/2014,98,107,110,10,15,42
01/03/2014,86,81,99,6,5,30
01/03/2014,89,69,84,7,1,18
01/03/2014,95,104,102,9,14,33
01/03/2014,127,141,134,22,25,71
01/03/2014,133,126,134,23,22,71
01/03/2014,103,111,107,12,17,39
01/03/2014,95,107,104,9,15,36
01/03/2014,110,119,123,15,20,61
01/03/2014,107,109,104,14,16,35
01/03/2014,105,111,110,13,17,43
01/03/2014,95,100,88,9,12,21
01/03/2014,103,109,115,12,16,48
01/03/2014,107,100,107,14,12,39
01/03/2014,116,131,124,18,23,62
01/03/2014,100,107,100,11,15,31
01/03/2014,86,81,107,6,5,39
01/03/2014,114,111,104,17,17,36
01/03/2014,82,91,102,5,8,34
01/03/2014,92,98,102,8,11,34
01/03/2014,121,111,117,20,17,51
01/03/2014,100,107,121,11,15,58
01/03/2014,112,102,110,16,13,42
01/03/2014,95,98,91,9,11,23
01/03/2014,119,117,123,19,19,61
01/03/2014,98,102,89,10,13,22
01/03/2014,100,91,91,11,8,23
01/03/2014,105,109,111,13,16,44
01/03/2014,133,137,126,23,24,65
01/03/2014,107,96,106,14,10,38
01/03/2014,100,109,105,11,16,37
01/03/2014,105,109,101,13,16,32
01/03/2014,105,91,104,13,8,35
01/03/2014,107,104,115,14,14,48
01/03/2014,124,126,123,21,22,60
01/03/2014,89,100,94,7,12,26
01/03/2014,100,102,104,11,13,35
01/03/2014,119,119,122,19,20,59
01/03/2014,119,126,122,19,22,59
01/03/2014,112,119,118,16,20,53
01/03/2014,124,111,110,21,17,43
01/03/2014,127,107,124,22,15,62
01/03/2014,95,100,120,9,12,56
01/03/2014,119,114,109,19,18,41
01/03/2014,107,114,115,14,18,49
01/03/2014,107,107,102,14,15,34
01/03/2014,112,119,117,16,20,51
01/03/2014,124,107,121,21,15,57
01/03/2014,98,114,107,10,18,39
01/03/2014,107,102,115,14,13,48
01/03/2014,121,126,135,20,22,72
01/03/2014,98,107,102,10,15,34
01/03/2014,133,126,126,23,22,65
01/03/2014,107,114,120,14,18,56
01/03/2014,124,117,114,21,19,47
01/03/2014,119,119,120,19,20,56
01/03/2014,107,100,110,14,12,43
01/03/2014,103,104,110,12,14,43
01/03/2014,114,107,116,17,15,50
01/03/2014,78,81,89,4,5,22
01/03/2014,107,74,91,14,3,23
01/03/2014,114,114,120,17,18,56
01/03/2014,107,114,117,14,18,51
01/03/2014,121,119,130,20,20,68
01/03/2014,114,131,115,17,23,48
01/03/2014,92,85,104,8,6,36
01/03/2014,92,100,116,8,12,50
01/03/2014,110,98,122,15,11,59
01/03/2014,112,104,112,16,14,45
01/03/2014,105,119,121,13,20,58
01/03/2014,103,100,104,12,12,35
01/03/2014,107,114,115,14,18,48
01/03/2014,138,141,130,24,25,68
01/03/2014,95,93,81,9,9,16
01/03/2014,124,117,133,21,19,70
01/03/2014,82,111,105,5,17,37
01/03/2014,103,98,116,12,11,50
01/03/2014,124,114,131,21,18,69
01/03/2014,105,100,113,13,12,46
01/03/2014,78,102,104,4,13,35
01/03/2014,103,104,102,12,14,33
01/03/2014,86,100,112,6,12,45
01/03/2014,100,111,110,11,17,42
01/03/2014,78,91,95,4,8,27
01/03/2014,105,102,89,13,13,22
01/03/2014,105,109,112,13,16,45
01/03/2014,114,122,124,17,21,62
01/03/2014,124,126,120,21,22,56
01/03/2014,107,102,114,14,13,47
01/03/2014,121,122,120,20,21,55
01/03/2014,124,111,120,21,17,55
01/03/2014,124,122,141,21,21,76
01/03/2014,124,117,139,21,19,75
01/03/2014,112,100,113,16,12,46
01/03/2014,92,98,107,8,11,39
01/03/2014,141,126,123,25,22,61
01/03/2014,100,104,122,11,14,59
01/03/2014,112,111,121,16,17,57
01/03/2014,119,114,123,19,18,60
01/03/2014,133,119,137,23,20,73
01/03/2014,69,102,92,2,13,24
01/03/2014,110,122,118,15,21,53
01/03/2014,119,107,116,19,15,50
01/03/2014,127,117,122,22,19,59
01/03/2014,105,93,119,13,9,54
01/03/2014,107,107,112,14,15,45
01/03/2014,107,104,102,14,14,33
01/03/2014,110,114,106,15,18,38
01/03/2014,119,114,122,19,18,59
01/03/2014,110,111,123,15,17,61
01/03/2014,116,114,123,18,18,61
01/03/2014,105,100,104,13,12,35
01/03/2014,89,100,106,7,12,38
01/03/2014,103,91,93,12,8,25
01/03/2014,105,126,120,13,22,55
01/03/2014,114,98,109,17,11,41
01/03/2014,110,102,110,15,13,43
01/03/2014,105,109,113,13,16,46
01/03/2014,133,131,125,23,23,63
01/03/2014,86,100,111,6,12,44
01/03/2014,107,102,94,14,13,26
01/03/2014,107,104,116,14,14,50
01/03/2014,89,74,81,7,3,16
01/03/2014,82,71,82,5,2,17
01/03/2014,107,107,120,14,15,56
01/03/2014,100,107,113,11,15,46
01/03/2014,100,119,117,11,20,51
01/03/2014,112,117,104,16,19,36
01/03/2014,103,111,110,12,17,42
01/03/2014,114,109,123,17,16,61
01/03/2014,119,111,130,19,17,68
01/03/2014,92,88,97,8,7,29
01/03/2014,95,91,94,9,8,26
01/03/2014,86,96,84,6,10,18
01/03/2014,121,131,124,20,23,62
01/03/2014,127,122,116,22,21,50
01/03/2014,121,122,126,20,21,64
01/03/2014,133,109,123,23,16,61
01/03/2014,116,107,118,18,15,52
01/03/2014,103,107,104,12,15,35
01/03/2014,116,126,120,18,22,55
01/03/2014,114,114,116,17,18,50
01/03/2014,95,111,115,9,17,49
01/03/2014,138,137,137,24,24,74
01/03/2014,100,100,121,11,12,57
01/03/2014,138,137,141,24,24,76
01/03/2014,114,100,118,17,12,53
01/03/2014,98,107,115,10,15,48
01/03/2014,138,137,129,24,24,67
01/03/2014,133,122,134,23,21,71
01/03/2014,141,137,134,25,24,71
01/03/2014,124,107,122,21,15,59
01/03/2014,110,104,94,15,14,26
01/03/2014,112,126,118,16,22,53
01/03/2014,86,88,85,6,7,19
01/03/2014,107,98,112,14,11,45
01/03/2014,74,93,84,3,9,18
01/03/2014,100,114,104,11,18,35
01/03/2014,103,85,102,12,6,33
01/03/2014,114,119,102,17,20,34
01/03/2014,92,96,104,8,10,35
01/03/2014,100,114,116,11,18,50
01/03/2014,107,102,119,14,13,54
01/03/2014,105,117,121,13,19,57
01/03/2014,98,102,105,10,13,37
01/03/2014,138,111,126,24,17,64
01/03/2014,103,102,104,12,13,35
01/03/2014,116,111,117,18,17,51
01/03/2014,107,102,100,14,13,31
01/03/2014,92,78,109,8,4,41
01/03/2014,107,107,110,14,15,43
01/03/2014,82,81,97,5,5,29
01/03/2014,112,109,118,16,16,53
01/03/2014,107,81,100,14,5,31
01/03/2014,98,81,79,10,5,15
01/03/2014,110,91,99,15,8,30
01/03/2014,114,98,115,17,11,49
01/03/2014,119,126,133,19,22,70
01/03/2014,100,98,108,11,11,40
01/03/2014,110,137,121,15,24,58
01/03/2014,114,109,106,17,16,38
01/03/2014,110,141,126,15,25,65
01/03/2014,133,114,135,23,18,72
01/03/2014,127,119,125,22,20,63
01/03/2014,112,88,101,16,7,32
01/03/2014,119,104,117,19,14,51
01/03/2014,86,78,93,6,4,25
01/03/2014,105,109,106,13,16,38
01/03/2014,112,102,113,16,13,46
01/03/2014,100,107,116,11,15,50
01/03/2014,105,102,109,13,13,41
01/03/2014,92,102,99,8,13,30
01/03/2014,95,93,104,9,9,35
01/03/2014,116,131,130,18,23,68
01/03/2014,124,126,134,21,22,71
01/03/2014,112,104,118,16,14,53
01/03/2014,112,104,117,16,14,51
01/03/2014,121,114,126,20,18,64
01/03/2014,107,98,114,14,11,47
01/03/2014,92,85,117,8,6,51
01/03/2014,112,107,106,16,15,38
01/03/2014,105,78,99,13,4,30
01/03/2014,103,100,102,12,12,33
01/03/2014,116,114,118,18,18,53
01/03/2014,121,109,123,20,16,61
01/03/2014,124,126,134,21,22,71
01/03/2014,92,122,101,8,21,32
01/03/2014,110,122,124,15,21,62
01/03/2014,121,107,115,20,15,49
01/03/2014,95,109,109,9,16,41
01/03/2014,112,119,126,16,20,65
01/03/2014,107,111,118,14,17,52
01/03/2014,114,137,129,17,24,67
01/03/2014,133,137,134,23,24,71
01/03/2014,127,114,131,22,18,69
01/03/2014,138,137,135,24,24,72
01/03/2014,114,114,121,17,18,58
01/03/2014,107,107,110,14,15,43
01/03/2014,114,109,122,17,16,59
01/03/2014,138,131,127,24,23,66
01/03/2014,141,126,122,25,22,59
01/03/2014,141,126,126,25,22,64
01/03/2014,119,119,115,19,20,48
01/03/2014,110,126,115,15,22,48
01/03/2014,107,109,114,14,16,47
01/03/2014,112,122,124,16,21,62
01/03/2014,114,111,120,17,17,56
01/03/2014,133,141,133,23,25,70
01/03/2014,82,109,102,5,16,33
01/03/2014,100,98,93,11,11,25
01/03/2014,89,81,87,7,5,20
01/03/2014,105,111,108,13,17,40
01/03/2014,114,117,125,17,19,63
01/03/2014,112,111,117,16,17,51
01/03/2014,98,111,92,10,17,24
01/03/2014,86,91,97,6,8,29
01/03/2014,86,100,102,6,12,33
01/03/2014,89,98,108,7,11,40
01/03/2014,110,119,114,15,20,47
01/03/2014,110,104,113,15,14,46
01/03/2014,98,85,88,10,6,21
01/03/2014,74,107,96,3,15,28
01/03/2014,121,141,135,20,26,72
01/03/2014,114,85,105,17,6,37
01/03/2014,110,104,102,15,14,33
01/03/2014,95,93,104,9,9,35
01/03/2014,124,111,127,21,17,66
01/03/2014,116,107,119,18,15,54
01/03/2014,114,107,111,17,15,44
01/03/2014,100,78,112,11,4,45
01/03/2014,107,98,116,14,11,50
01/03/2014,107,104,115,14,14,48
01/03/2014,89,104,107,7,14,39
01/03/2014,105,102,114,13,13,47
01/03/2014,95,100,104,9,12,36
01/03/2014,121,109,119,20,16,54
01/03/2014,127,111,122,22,17,59
01/03/2014,110,102,110,15,13,43
01/03/2014,114,104,116,17,14,50
01/03/2014,105,111,110,13,17,43
01/03/2014,98,126,113,10,22,46
01/03/2014,116,107,125,18,15,63
01/03/2014,114,100,113,17,12,46
01/03/2014,105,114,104,13,18,35
01/03/2014,107,131,137,14,23,73
01/03/2014,112,102,123,16,13,60
01/03/2014,98,91,92,10,8,24
01/03/2014,112,111,120,16,17,55
01/03/2014,114,126,125,17,22,63
01/03/2014,98,81,107,10,5,39
01/03/2014,114,98,102,17,11,33
01/03/2014,98,81,87,10,5,20
01/03/2014,124,122,133,21,21,70
01/03/2014,114,117,118,17,19,53
01/03/2014,124,117,121,21,19,58
01/03/2014,107,107,110,14,15,42
01/03/2014,141,114,133,25,18,70
01/03/2014,110,107,108,15,15,40
01/03/2014,110,137,100,15,24,31
01/03/2014,114,104,121,17,14,57
01/03/2014,95,111,106,9,17,38
01/03/2014,119,119,121,19,20,57
01/03/2014,98,91,102,10,8,33
01/03/2014,92,81,101,8,5,32
01/03/2014,95,111,114,9,17,47
01/03/2014,98,102,110,10,13,43
01/03/2014,127,126,123,22,22,61
01/03/2014,100,104,107,11,14,39
01/03/2014,107,100,112,14,12,45
01/03/2014,107,74,99,14,3,30
01/03/2014,95,96,102,9,10,34
01/03/2014,95,100,108,9,12,40
01/03/2014,116,119,123,18,20,61
01/03/2014,112,137,126,16,24,65
01/03/2014,114,126,116,17,22,50
01/03/2014,100,111,110,11,17,43
01/03/2014,110,114,127,15,18,66
01/03/2014,112,107,116,16,15,50
01/03/2014,92,117,112,8,19,45
01/03/2014,121,111,121,20,17,58
01/03/2014,100,100,95,11,12,27
01/03/2014,105,100,122,13,12,59
01/03/2014,78,88,79,4,7,15
01/03/2014,82,102,93,5,13,25
01/03/2014,107,119,112,14,20,45
01/03/2014,98,100,97,10,12,29
01/03/2014,127,122,122,22,21,59
01/03/2014,116,109,118,18,16,53
01/03/2014,112,117,118,16,19,53
01/03/2014,119,100,104,19,12,35
08/03/2014,119,119,126,19,20,64
08/03/2014,127,137,123,22,24,61
08/03/2014,138,131,139,24,23,75
08/03/2014,127,114,137,22,18,74
08/03/2014,127,111,131,22,17,69
08/03/2014,127,141,141,22,25,77
08/03/2014,89,98,101,7,11,32
08/03/2014,138,119,113,24,20,46
08/03/2014,112,104,110,16,14,42
08/03/2014,119,137,127,19,24,66
08/03/2014,121,141,134,20,25,71
08/03/2014,133,122,127,23,21,66
08/03/2014,116,100,120,18,12,55
08/03/2014,124,131,141,21,23,76
08/03/2014,112,96,104,16,10,35
08/03/2014,133,119,135,23,20,72
08/03/2014,95,107,104,9,15,35
08/03/2014,74,96,74,3,10,13
08/03/2014,127,122,129,22,21,67
08/03/2014,89,93,88,7,9,21
08/03/2014,103,98,94,12,11,26
08/03/2014,103,100,102,12,12,34
08/03/2014,103,104,110,12,14,42
08/03/2014,114,117,121,17,19,58
08/03/2014,121,122,122,20,21,59
08/03/2014,116,119,114,18,20,47
08/03/2014,86,78,79,6,4,15
08/03/2014,100,88,82,11,7,17
08/03/2014,105,102,106,13,13,38
08/03/2014,100,119,108,11,20,40
08/03/2014,107,88,92,14,7,24
08/03/2014,107,98,104,14,11,36
08/03/2014,107,100,104,14,12,35
08/03/2014,110,109,119,15,16,54
08/03/2014,116,126,123,18,22,60
08/03/2014,119,109,115,19,16,49
08/03/2014,116,119,130,18,20,68
08/03/2014,114,117,121,17,19,57
08/03/2014,103,114,121,12,18,58
08/03/2014,114,107,109,17,15,41
08/03/2014,107,141,126,14,25,64
08/03/2014,100,107,111,11,15,44
08/03/2014,127,117,131,22,19,69
08/03/2014,124,119,102,21,20,33
08/03/2014,133,141,134,23,25,71
08/03/2014,127,117,131,22,19,69
08/03/2014,127,111,123,22,17,61
08/03/2014,105,96,112,13,10,45
08/03/2014,127,137,129,22,24,67
08/03/2014,119,111,130,19,17,68
08/03/2014,112,98,115,16,11,48
08/03/2014,103,114,110,12,18,42
08/03/2014,127,119,127,22,20,66
08/03/2014,78,91,69,4,8,9
08/03/2014,89,98,112,7,11,45
08/03/2014,92,88,92,8,7,24
08/03/2014,116,107,134,18,15,71
08/03/2014,110,119,119,15,20,54
08/03/2014,92,107,96,8,15,28
08/03/2014,98,93,105,10,9,37
08/03/2014,92,78,87,8,4,20
08/03/2014,121,114,111,20,18,44
08/03/2014,107,96,102,14,10,33
08/03/2014,119,117,122,19,19,59
08/03/2014,107,104,102,14,14,34
08/03/2014,95,88,102,9,7,33
08/03/2014,86,91,99,6,8,30
08/03/2014,114,117,126,17,19,64
08/03/2014,124,117,124,21,19,62
08/03/2014,100,109,113,11,16,46
08/03/2014,116,126,126,18,22,64
08/03/2014,98,91,89,10,8,22
08/03/2014,114,122,121,17,21,58
08/03/2014,92,96,116,8,10,50
08/03/2014,138,131,133,24,23,70
08/03/2014,103,104,124,12,14,62
08/03/2014,92,111,102,8,17,33
08/03/2014,124,117,122,21,19,59
08/03/2014,121,111,133,20,17,70
08/03/2014,119,111,121,19,17,58
08/03/2014,82,100,99,5,12,30
08/03/2014,105,119,124,13,20,62
08/03/2014,110,119,126,15,20,64
08/03/2014,112,126,120,16,22,56
08/03/2014,105,109,120,13,16,56
08/03/2014,89,98,99,7,11,30
08/03/2014,127,137,129,22,24,67
08/03/2014,107,107,121,14,15,58
08/03/2014,124,114,125,21,18,63
08/03/2014,121,131,134,20,23,71
08/03/2014,141,137,141,25,24,76
08/03/2014,86,91,99,6,8,30
08/03/2014,133,117,118,23,19,52
08/03/2014,138,119,131,24,20,69
08/03/2014,114,100,82,17,12,17
08/03/2014,127,117,117,22,19,51
08/03/2014,82,74,92,5,3,24
08/03/2014,112,109,125,16,16,63
08/03/2014,124,111,110,21,17,42
08/03/2014,92,98,94,8,11,26
08/03/2014,121,122,121,20,21,57
08/03/2014,100,100,106,11,12,38
08/03/2014,100,93,91,11,9,23
08/03/2014,95,114,95,9,18,27
08/03/2014,133,111,125,23,17,63
08/03/2014,107,88,94,14,7,26
08/03/2014,116,119,111,18,20,44
08/03/2014,78,102,84,4,13,18
08/03/2014,95,91,87,9,8,20
08/03/2014,92,96,102,8,10,33
08/03/2014,103,107,111,12,15,44
08/03/2014,86,107,100,6,15,31
08/03/2014,92,96,94,8,10,26
08/03/2014,95,114,114,9,18,47
08/03/2014,86,111,108,6,17,40
08/03/2014,105,102,99,13,13,30
08/03/2014,105,104,104,13,14,35
08/03/2014,121,114,127,20,18,66
08/03/2014,100,85,94,11,6,26
08/03/2014,114,114,118,17,18,53
08/03/2014,119,117,120,19,19,56
08/03/2014,110,114,121,15,18,58
08/03/2014,95,85,87,9,6,20
08/03/2014,95,107,106,9,15,38
08/03/2014,107,104,95,14,14,27
08/03/2014,105,104,108,13,14,40
08/03/2014,107,114,121,14,18,58
08/03/2014,105,107,107,13,15,39
08/03/2014,112,131,124,16,23,62
08/03/2014,124,114,126,21,18,64
08/03/2014,89,85,93,7,6,25
08/03/2014,103,98,88,12,11,21
08/03/2014,114,114,118,17,18,52
08/03/2014,78,102,99,4,13,30
08/03/2014,121,119,125,20,20,63
08/03/2014,119,119,137,19,20,73
08/03/2014,116,107,109,18,15,41
08/03/2014,95,102,121,9,13,58
08/03/2014,127,119,120,22,20,55
08/03/2014,121,122,118,20,21,52
08/03/2014,121,119,126,20,20,65
08/03/2014,119,104,116,19,14,50
08/03/2014,89,96,107,7,10,39
08/03/2014,119,117,126,19,19,65
08/03/2014,82,81,81,5,5,16
08/03/2014,124,126,123,21,22,61
08/03/2014,116,107,110,18,15,43
08/03/2014,121,107,126,20,15,64
08/03/2014,124,141,137,21,25,73
08/03/2014,119,131,137,19,23,73
08/03/2014,127,119,106,22,20,38
08/03/2014,116,119,124,18,20,62
08/03/2014,127,109,120,22,16,55
08/03/2014,100,91,110,11,8,42
08/03/2014,127,131,134,22,23,71
08/03/2014,127,117,104,22,19,36
08/03/2014,110,102,94,15,13,26
08/03/2014,100,96,100,11,10,31
08/03/2014,103,119,104,12,20,36
08/03/2014,124,122,135,21,21,72
08/03/2014,82,69,102,5,1,33
08/03/2014,112,102,104,16,13,36
08/03/2014,124,111,129,21,17,67
08/03/2014,110,102,108,15,13,40
08/03/2014,95,81,107,9,5,39
08/03/2014,78,100,100,4,12,31
08/03/2014,86,102,94,6,13,26
08/03/2014,105,102,109,13,13,41
08/03/2014,98,104,110,10,14,43
08/03/2014,116,122,116,18,21,50
08/03/2014,92,85,85,8,6,19
08/03/2014,98,88,81,10,7,16
08/03/2014,98,102,111,10,13,44
08/03/2014,78,74,74,4,3,13
08/03/2014,119,122,119,19,21,54
08/03/2014,110,109,109,15,16,41
08/03/2014,124,102,118,21,13,52
08/03/2014,107,102,110,14,13,42
08/03/2014,100,98,113,11,11,46
08/03/2014,112,122,110,16,21,43
08/03/2014,127,119,110,22,20,43
08/03/2014,127,111,126,22,17,65
08/03/2014,78,85,100,4,6,31
08/03/2014,133,131,129,23,23,67
08/03/2014,110,107,105,15,15,37
08/03/2014,116,109,104,18,16,35
08/03/2014,124,109,126,21,16,64
08/03/2014,116,122,122,18,21,59
08/03/2014,110,114,121,15,18,57
08/03/2014,133,119,121,23,20,58
08/03/2014,116,111,115,18,17,49
08/03/2014,110,111,104,15,17,36
08/03/2014,116,114,116,18,18,50
08/03/2014,138,122,126,24,21,65
08/03/2014,124,117,123,21,19,60
08/03/2014,116,111,117,18,17,51
08/03/2014,127,131,133,22,23,70
08/03/2014,114,107,109,17,15,41
08/03/2014,105,104,113,13,14,46
08/03/2014,100,100,104,11,12,36
08/03/2014,95,71,93,9,2,25
08/03/2014,116,141,121,18,25,58
08/03/2014,121,141,125,20,25,63
08/03/2014,133,137,126,23,24,65
08/03/2014,133,131,129,23,23,67
08/03/2014,105,114,112,13,18,45
08/03/2014,98,117,106,10,19,38
08/03/2014,86,81,88,6,5,21
08/03/2014,89,88,104,7,7,35
08/03/2014,110,109,110,15,16,42
08/03/2014,110,126,107,15,22,39
08/03/2014,103,100,104,12,12,36
08/03/2014,112,126,120,16,22,56
08/03/2014,119,126,123,19,22,60
08/03/2014,100,114,102,11,18,33
08/03/2014,98,119,118,10,20,52
08/03/2014,114,114,125,17,18,63
08/03/2014,110,117,119,15,19,54
08/03/2014,92,91,106,8,8,38
08/03/2014,92,81,84,8,5,18
08/03/2014,92,78,93,8,4,25
08/03/2014,82,93,93,5,9,25
08/03/2014,89,88,104,7,7,35
08/03/2014,69,85,69,2,6,9
08/03/2014,103,126,116,12,22,50
08/03/2014,92,104,100,8,14,31
08/03/2014,116,114,110,18,18,43
08/03/2014,107,107,104,14,15,35
08/03/2014,110,119,122,15,20,59
08/03/2014,119,126,122,19,22,59
08/03/2014,98,117,115,10,19,48
08/03/2014,103,109,110,12,16,42
08/03/2014,119,117,118,19,19,53
08/03/2014,127,137,139,22,24,75
08/03/2014,110,119,116,15,20,50
08/03/2014,116,102,112,18,13,45
08/03/2014,127,131,139,22,23,75
08/03/2014,100,107,110,11,15,42
08/03/2014,114,131,111,17,23,44
08/03/2014,107,96,102,14,10,33
08/03/2014,100,93,96,11,9,28
08/03/2014,105,85,94,13,6,26
08/03/2014,127,122,126,22,21,65
08/03/2014,119,100,115,19,12,48
08/03/2014,107,107,124,14,15,62
08/03/2014,110,111,112,15,17,45
08/03/2014,103,100,102,12,12,33
08/03/2014,98,104,102,10,14,33
08/03/2014,124,131,123,21,23,60
08/03/2014,116,102,104,18,13,36
08/03/2014,114,131,114,17,23,47
08/03/2014,103,98,104,12,11,35
08/03/2014,98,96,97,10,10,29
08/03/2014,103,91,118,12,8,53
08/03/2014,114,102,126,17,13,65
08/03/2014,110,107,109,15,15,41
08/03/2014,110,107,115,15,15,48
08/03/2014,107,114,107,14,18,39
08/03/2014,116,109,96,18,16,28
08/03/2014,121,122,125,20,21,63
08/03/2014,119,109,118,19,16,53
08/03/2014,110,98,104,15,11,36
08/03/2014,127,119,121,22,20,58
08/03/2014,89,104,100,7,14,31
08/03/2014,100,126,122,11,22,59
08/03/2014,110,104,102,15,14,34
08/03/2014,121,119,114,20,20,47
08/03/2014,105,100,122,13,12,59
08/03/2014,114,117,118,17,19,52
08/03/2014,92,114,102,8,18,34
08/03/2014,138,119,127,24,20,66
08/03/2014,110,109,108,15,16,40
08/03/2014,133,131,124,23,23,62
08/03/2014,107,119,114,14,20,47
08/03/2014,138,137,141,24,24,78
08/03/2014,138,141,135,24,25,72
08/03/2014,133,137,126,23,24,65
08/03/2014,98,111,110,10,17,42
08/03/2014,89,93,102,7,9,34
08/03/2014,127,122,120,22,21,56
08/03/2014,107,111,105,14,17,37
08/03/2014,119,114,112,19,18,45
08/03/2014,92,93,84,8,9,18
08/03/2014,124,119,125,21,20,63
08/03/2014,89,98,108,7,11,40
08/03/2014,105,109,114,13,16,47
08/03/2014,86,93,99,6,9,30
08/03/2014,110,111,121,15,17,57
08/03/2014,116,117,120,18,19,56
08/03/2014,86,85,91,6,6,23
08/03/2014,103,102,102,12,13,34
08/03/2014,133,141,127,23,25,66
08/03/2014,112,117,115,16,19,49
08/03/2014,112,102,121,16,13,58
08/03/2014,107,107,110,14,15,42
08/03/2014,89,69,94,7,1,26
08/03/2014,100,98,104,11,11,35
08/03/2014,107,93,100,14,9,31
08/03/2014,116,131,117,18,23,51
08/03/2014,121,122,121,20,21,57
08/03/2014,89,104,102,7,14,33
08/03/2014,105,117,107,13,19,39
08/03/2014,105,104,106,13,14,38
08/03/2014,92,107,109,8,15,41
08/03/2014,100,126,107,11,22,39
08/03/2014,116,122,121,18,21,57
08/03/2014,95,109,110,9,16,42
08/03/2014,116,107,120,18,15,55
08/03/2014,110,111,119,15,17,54
08/03/2014,107,100,96,14,12,28
08/03/2014,116,122,127,18,21,66
15/03/2014,127,104,124,22,14,62
15/03/2014,124,131,126,21,23,64
15/03/2014,127,126,126,22,22,65
15/03/2014,133,119,125,23,20,63
15/03/2014,138,122,129,24,21,67
15/03/2014,105,96,118,13,10,52
15/03/2014,127,111,121,22,17,58
15/03/2014,127,109,124,22,16,62
15/03/2014,114,114,125,17,18,63
15/03/2014,119,117,127,19,19,66
15/03/2014,124,126,131,21,22,69
15/03/2014,100,93,95,11,9,27
15/03/2014,100,109,126,11,16,65
15/03/2014,116,100,102,18,12,34
15/03/2014,141,122,135,25,21,72
15/03/2014,119,119,134,19,20,71
15/03/2014,133,141,123,23,25,61
15/03/2014,119,122,121,19,21,58
15/03/2014,138,122,127,24,21,66
15/03/2014,138,119,139,24,20,75
15/03/2014,89,93,79,7,9,15
15/03/2014,133,122,141,23,21,76
15/03/2014,86,102,100,6,13,31
15/03/2014,103,78,87,12,4,20
15/03/2014,116,111,112,18,17,45
15/03/2014,116,122,119,18,21,54
15/03/2014,100,117,94,11,19,26
15/03/2014,92,81,91,8,5,23
15/03/2014,112,119,120,16,20,56
15/03/2014,95,141,112,9,26,45
15/03/2014,110,111,121,15,17,58
15/03/2014,95,96,112,9,10,45
15/03/2014,105,122,107,13,21,39
15/03/2014,92,74,91,8,3,23
15/03/2014,107,91,105,14,8,37
15/03/2014,100,126,108,11,22,40
15/03/2014,95,74,84,9,3,18
15/03/2014,89,85,87,7,6,20
15/03/2014,86,100,87,6,12,20
15/03/2014,95,85,89,9,6,22
15/03/2014,95,81,96,9,5,28
15/03/2014,103,104,100,12,14,31
15/03/2014,95,109,102,9,16,33
15/03/2014,114,117,119,17,19,54
15/03/2014,112,111,102,16,17,34
15/03/2014,105,96,94,13,10,26
15/03/2014,89,91,95,7,8,27
15/03/2014,105,104,94,13,14,26
15/03/2014,105,102,107,13,13,39
15/03/2014,95,85,94,9,6,26
15/03/2014,98,91,89,10,8,22
15/03/2014,127,122,135,22,21,72
15/03/2014,89,96,104,7,10,36
15/03/2014,92,96,88,8,10,21
15/03/2014,100,102,96,11,13,28
15/03/2014,119,117,121,19,19,58
15/03/2014,107,100,115,14,12,49
15/03/2014,103,96,115,12,10,49
15/03/2014,110,100,104,15,12,35
15/03/2014,121,137,129,20,24,67
15/03/2014,95,91,69,9,8,7
15/03/2014,112,119,118,16,20,52
15/03/2014,133,117,123,23,19,60
15/03/2014,124,117,120,21,19,55
15/03/2014,116,119,123,18,20,61
15/03/2014,127,109,123,22,16,60
15/03/2014,105,111,118,13,17,52
15/03/2014,110,107,110,15,15,42
15/03/2014,114,100,110,17,12,43
15/03/2014,119,126,119,19,22,54
15/03/2014,124,119,117,21,20,51
15/03/2014,103,91,89,12,8,22
15/03/2014,127,117,120,22,19,56
15/03/2014,98,117,118,10,19,53
15/03/2014,124,126,131,21,22,69
15/03/2014,107,107,121,14,15,57
15/03/2014,101,117,115,11,19,48
15/03/2014,79,75,70,4,3,11
15/03/2014,103,105,97,12,14,28
15/03/2014,79,101,96,4,12,27
15/03/2014,98,105,111,10,14,43
15/03/2014,103,103,106,12,13,37
15/03/2014,83,91,103,5,8,34
15/03/2014,79,85,97,4,6,28
15/03/2014,114,107,110,17,15,42
15/03/2014,108,131,127,14,23,65
15/03/2014,101,105,106,11,14,38
15/03/2014,114,123,117,17,21,51
15/03/2014,101,114,109,11,18,41
15/03/2014,83,94,98,5,9,29
15/03/2014,101,107,105,11,15,36
15/03/2014,103,107,110,12,15,42
15/03/2014,92,105,109,8,14,41
15/03/2014,74,81,83,3,5,17
15/03/2014,117,107,106,18,15,37
15/03/2014,95,103,99,9,13,30
15/03/2014,95,88,106,9,7,38
15/03/2014,114,117,117,17,19,51
15/03/2014,114,126,120,17,22,56
15/03/2014,105,141,110,13,25,42
15/03/2014,112,105,110,16,14,42
15/03/2014,124,126,134,21,22,71
15/03/2014,86,107,109,6,15,41
15/03/2014,103,98,111,12,11,43
15/03/2014,103,114,125,12,18,63
15/03/2014,133,123,135,23,21,72
15/03/2014,114,114,112,17,18,45
15/03/2014,116,100,120,18,12,56
15/03/2014,121,137,126,20,24,65
15/03/2014,114,111,113,17,17,46
15/03/2014,127,109,127,22,16,66
15/03/2014,124,141,129,21,26,67
15/03/2014,133,119,125,23,20,63
15/03/2014,124,119,135,21,20,72
15/03/2014,103,107,105,12,15,37
15/03/2014,138,141,141,24,25,76
15/03/2014,112,119,117,16,20,51
15/03/2014,138,131,137,24,23,74
15/03/2014,107,107,100,14,15,31
15/03/2014,92,102,94,8,13,26
15/03/2014,127,126,127,22,22,66
15/03/2014,124,126,127,21,22,66
15/03/2014,127,109,134,22,16,71
15/03/2014,119,117,121,19,19,57
15/03/2014,98,98,114,10,11,47
15/03/2014,110,109,86,15,16,19
15/03/2014,105,91,114,13,8,46
15/03/2014,117,114,120,18,18,56
15/03/2014,112,117,119,16,19,53
15/03/2014,112,107,117,16,15,50
15/03/2014,69,88,87,2,7,20
15/03/2014,86,109,97,6,16,28
15/03/2014,105,131,112,13,23,44
15/03/2014,110,109,111,15,16,43
15/03/2014,110,112,119,15,17,53
15/03/2014,101,91,96,11,8,27
15/03/2014,110,107,114,15,15,46
15/03/2014,110,101,115,15,12,48
15/03/2014,92,101,91,8,12,23
15/03/2014,90,78,83,7,4,17
15/03/2014,74,109,106,3,16,38
15/03/2014,105,114,108,13,18,40
15/03/2014,101,126,108,11,22,40
15/03/2014,95,103,114,9,13,47
15/03/2014,101,109,100,11,16,31
15/03/2014,138,141,137,24,25,74
15/03/2014,98,112,95,10,17,26
15/03/2014,105,107,121,13,15,57
15/03/2014,114,117,120,17,19,56
15/03/2014,117,126,122,18,22,59
15/03/2014,119,120,126,19,20,64
15/03/2014,124,107,115,21,15,49
15/03/2014,119,105,117,19,14,50
15/03/2014,133,117,126,23,19,64
15/03/2014,98,94,98,10,9,29
15/03/2014,124,117,133,21,19,70
15/03/2014,127,114,127,22,18,65
15/03/2014,110,112,107,15,17,39
15/03/2014,110,117,121,15,19,58
15/03/2014,133,109,126,23,16,64
15/03/2014,133,126,135,23,22,72
15/03/2014,117,114,118,18,18,52
15/03/2014,124,117,117,21,19,51
15/03/2014,117,114,114,18,18,46
15/03/2014,90,109,101,7,16,32
15/03/2014,105,85,90,13,6,22
15/03/2014,95,112,118,9,17,52
15/03/2014,95,96,105,9,10,36
15/03/2014,79,78,88,4,4,21
15/03/2014,90,98,91,7,11,23
15/03/2014,79,78,87,4,4,20
15/03/2014,103,114,111,12,18,43
15/03/2014,133,117,126,23,19,64
15/03/2014,110,126,106,15,22,37
15/03/2014,133,120,131,23,20,69
15/03/2014,79,96,81,4,10,16
15/03/2014,86,88,81,6,7,16
15/03/2014,92,109,104,8,16,35
15/03/2014,101,96,91,11,10,23
15/03/2014,95,112,116,9,17,49
15/03/2014,114,109,124,17,16,62
15/03/2014,124,126,130,21,22,68
15/03/2014,110,126,124,15,22,61
15/03/2014,114,109,118,17,16,52
15/03/2014,103,109,107,12,16,39
15/03/2014,98,101,105,10,12,36
15/03/2014,92,103,98,8,13,29
15/03/2014,101,91,119,11,8,54
15/03/2014,92,105,97,8,14,28
15/03/2014,121,123,125,20,21,63
15/03/2014,112,98,117,16,11,50
15/03/2014,103,107,115,12,15,48
15/03/2014,117,107,121,18,15,58
15/03/2014,105,107,98,13,15,29
15/03/2014,133,123,130,23,21,68
15/03/2014,103,120,114,12,20,46
15/03/2014,95,98,112,9,11,45
15/03/2014,98,98,101,10,11,32
15/03/2014,119,120,127,19,20,65
15/03/2014,119,107,123,19,15,60
15/03/2014,138,126,130,24,22,68
15/03/2014,95,94,95,9,9,26
15/03/2014,127,137,130,22,24,68
15/03/2014,112,131,115,16,23,48
15/03/2014,133,141,131,23,25,69
15/03/2014,121,109,123,20,16,60
15/03/2014,119,109,120,19,16,56
15/03/2014,119,112,100,19,17,31
15/03/2014,101,109,107,11,16,39
15/03/2014,101,101,107,11,12,39
15/03/2014,124,112,118,21,17,52
15/03/2014,98,105,102,10,14,33
15/03/2014,112,98,106,16,11,37
15/03/2014,108,105,116,14,14,49
15/03/2014,124,117,116,21,19,49
15/03/2014,103,107,104,12,15,35
15/03/2014,101,88,103,11,7,34
15/03/2014,117,105,119,18,14,54
15/03/2014,86,91,95,6,8,26
15/03/2014,103,120,110,12,20,42
15/03/2014,114,101,124,17,12,62
15/03/2014,133,126,135,23,22,72
15/03/2014,98,103,88,10,13,21
15/03/2014,105,88,112,13,7,45
15/03/2014,86,85,97,6,6,28
15/03/2014,110,101,119,15,12,54
15/03/2014,90,91,81,7,8,16
15/03/2014,119,131,121,19,23,57
15/03/2014,108,109,117,14,16,50
15/03/2014,108,109,112,14,16,45
15/03/2014,127,141,134,22,25,71
15/03/2014,124,131,123,21,23,60
15/03/2014,112,103,112,16,13,44
15/03/2014,114,105,119,17,14,53
15/03/2014,101,101,104,11,12,35
15/03/2014,127,109,114,22,16,46
15/03/2014,112,114,112,16,18,45
15/03/2014,124,126,120,21,22,56
15/03/2014,101,98,104,11,11,35
15/03/2014,121,101,120,20,12,55
15/03/2014,108,103,121,14,13,58
15/03/2014,138,114,115,24,18,48
15/03/2014,105,112,110,13,17,42
15/03/2014,121,112,133,20,17,70
15/03/2014,103,112,104,12,17,35
15/03/2014,103,112,111,12,17,43
15/03/2014,74,98,91,3,11,23
15/03/2014,86,112,112,6,17,44
15/03/2014,83,98,86,5,11,19
15/03/2014,114,112,112,17,17,45
15/03/2014,124,109,135,21,16,72
15/03/2014,103,88,100,12,7,31
15/03/2014,114,98,115,17,11,48
15/03/2014,86,96,100,6,10,31
15/03/2014,119,120,125,19,20,63
15/03/2014,95,107,117,9,15,50
15/03/2014,108,96,106,14,10,37
15/03/2014,95,91,84,9,8,18
15/03/2014,92,94,108,8,9,40
15/03/2014,83,85,91,5,6,23
15/03/2014,112,107,103,16,15,34
15/03/2014,124,120,141,21,20,78
15/03/2014,108,109,109,14,16,41
15/03/2014,114,107,117,17,15,51
15/03/2014,98,107,121,10,15,58
15/03/2014,101,94,97,11,9,28
15/03/2014,98,105,103,10,14,34
15/03/2014,101,109,87,11,16,20
15/03/2014,83,96,79,5,10,15
15/03/2014,103,85,101,12,6,32
15/03/2014,95,91,86,9,8,19
15/03/2014,121,126,126,20,22,64
15/03/2014,114,103,131,17,13,69
15/03/2014,117,131,123,18,23,60
15/03/2014,112,120,99,16,20,30
15/03/2014,119,109,124,19,16,62
15/03/2014,124,123,120,21,21,55
15/03/2014,103,101,95,12,12,26
15/03/2014,119,123,133,19,21,70
15/03/2014,124,126,128,21,22,66
15/03/2014,127,131,122,22,23,59
15/03/2014,114,112,118,17,17,52
15/03/2014,90,81,95,7,5,26
15/03/2014,92,88,84,8,7,18
15/03/2014,92,96,91,8,10,23
15/03/2014,127,123,131,22,21,69
15/03/2014,108,109,114,14,16,47
15/03/2014,105,109,121,13,16,58
15/03/2014,103,107,112,12,15,44
15/03/2014,105,103,101,13,13,32
15/03/2014,92,91,98,8,8,29
15/03/2014,112,112,118,16,17,52
15/03/2014,110,114,124,15,18,62
15/03/2014,119,137,118,19,24,52
15/03/2014,90,94,102,7,9,33
15/03/2014,121,120,127,20,20,65
15/03/2014,86,101,96,6,12,27
15/03/2014,101,105,109,11,14,41
15/03/2014,133,103,125,23,13,63
15/03/2014,112,94,91,16,9,23
15/03/2014,119,96,115,19,10,48
15/03/2014,133,120,123,23,20,60
15/03/2014,92,96,96,8,10,27
15/03/2014,112,126,120,16,22,56
15/03/2014,98,85,91,10,6,23
15/03/2014,114,114,121,17,18,57
15/03/2014,90,98,93,7,11,25
15/03/2014,114,107,111,17,15,43
15/03/2014,103,105,102,12,14,33
15/03/2014,108,123,123,14,21,60
15/03/2014,108,105,111,14,14,43
15/03/2014,124,126,114,21,22,47
15/03/2014,127,120,123,22,20,60
22/03/2014,95,88,74,9,7,13
22/03/2014,95,78,91,9,4,23
22/03/2014,121,131,128,20,23,66
22/03/2014,121,126,131,20,22,69
22/03/2014,119,117,129,19,19,67
22/03/2014,98,98,104,10,11,35
22/03/2014,124,137,133,21,24,70
22/03/2014,74,94,96,3,9,27
22/03/2014,83,88,105,5,7,36
22/03/2014,95,107,112,9,15,44
22/03/2014,119,107,121,19,15,58
22/03/2014,127,117,127,22,19,65
22/03/2014,101,96,92,11,10,24
22/03/2014,103,117,118,12,19,52
22/03/2014,105,105,109,13,14,41
22/03/2014,101,105,92,11,14,24
22/03/2014,133,123,126,23,21,64
22/03/2014,86,96,95,6,10,26
22/03/2014,101,96,90,11,10,22
22/03/2014,79,69,70,4,1,11
22/03/2014,86,88,92,6,7,24
22/03/2014,105,101,104,13,12,35
22/03/2014,108,88,105,14,7,36
22/03/2014,95,117,108,9,19,40
22/03/2014,92,109,114,8,16,46
22/03/2014,79,94,86,4,9,19
22/03/2014,121,117,135,20,19,72
22/03/2014,101,109,117,11,16,50
22/03/2014,95,98,106,9,11,37
22/03/2014,110,114,111,15,18,43
22/03/2014,114,107,116,17,15,49
22/03/2014,103,91,101,12,8,32
22/03/2014,92,103,104,8,13,35
22/03/2014,90,105,102,7,14,33
22/03/2014,90,69,97,7,1,28
22/03/2014,121,107,125,20,15,63
22/03/2014,108,88,112,14,7,44
22/03/2014,108,114,116,14,18,49
22/03/2014,112,112,110,16,17,42
22/03/2014,112,96,111,16,10,43
22/03/2014,92,105,98,8,14,29
22/03/2014,121,112,123,20,17,60
22/03/2014,101,98,109,11,11,41
22/03/2014,108,88,102,14,7,33
22/03/2014,124,117,124,21,19,61
22/03/2014,119,120,118,19,20,52
22/03/2014,121,126,129,20,22,67
22/03/2014,105,117,115,13,19,48
22/03/2014,110,117,108,15,19,40
22/03/2014,114,117,119,17,19,54
22/03/2014,112,109,120,16,16,56
22/03/2014,108,81,120,14,5,55
22/03/2014,133,109,128,23,16,66
22/03/2014,121,117,120,20,19,55
22/03/2014,110,107,116,15,15,49
22/03/2014,108,114,126,14,18,64
22/03/2014,101,107,116,11,15,49
22/03/2014,86,69,102,6,1,33
22/03/2014,105,109,99,13,16,30
22/03/2014,138,117,121,24,19,57
22/03/2014,92,120,103,8,20,34
22/03/2014,105,96,93,13,10,25
22/03/2014,92,107,109,8,15,41
22/03/2014,114,112,115,17,17,48
22/03/2014,114,114,114,17,18,47
22/03/2014,101,98,114,11,11,46
22/03/2014,138,120,137,24,20,73
22/03/2014,101,123,114,11,21,47
22/03/2014,74,85,88,3,6,21
22/03/2014,117,105,124,18,14,61
22/03/2014,108,85,111,14,6,43
22/03/2014,124,101,106,21,12,38
22/03/2014,117,141,120,18,25,56
22/03/2014,98,109,110,10,16,42
22/03/2014,86,103,103,6,13,34
22/03/2014,112,103,123,16,13,60
22/03/2014,108,98,111,14,11,43
22/03/2014,119,114,124,19,18,62
22/03/2014,108,117,111,14,19,43
22/03/2014,110,126,128,15,22,66
22/03/2014,121,123,117,20,21,50
22/03/2014,127,123,134,22,21,71
22/03/2014,90,101,98,7,12,29
22/03/2014,119,107,119,19,15,54
22/03/2014,98,105,99,10,14,30
22/03/2014,138,123,124,24,21,61
22/03/2014,112,107,114,16,15,47
22/03/2014,114,98,79,17,11,15
22/03/2014,105,107,105,13,15,36
22/03/2014,110,120,111,15,20,43
22/03/2014,117,109,117,18,16,50
22/03/2014,117,91,106,18,8,38
22/03/2014,110,114,124,15,18,61
22/03/2014,101,98,101,11,11,32
22/03/2014,101,107,102,11,15,33
22/03/2014,110,114,117,15,18,50
22/03/2014,103,101,107,12,12,39
22/03/2014,114,109,112,17,16,45
22/03/2014,121,103,118,20,13,52
22/03/2014,112,120,119,16,20,54
22/03/2014,121,103,112,20,13,45
22/03/2014,105,103,117,13,13,50
22/03/2014,124,120,122,21,20,59
22/03/2014,119,101,112,19,12,44
22/03/2014,141,117,122,25,19,59
22/03/2014,110,109,104,15,16,35
22/03/2014,108,107,104,14,15,35
22/03/2014,86,85,87,6,6,20
22/03/2014,92,101,108,8,12,40
22/03/2014,101,103,103,11,13,34
22/03/2014,127,114,115,22,18,48
22/03/2014,105,107,119,13,15,54
22/03/2014,119,131,121,19,23,58
22/03/2014,108,107,112,14,15,44
22/03/2014,95,88,93,9,7,25
22/03/2014,103,114,107,12,18,39
22/03/2014,105,109,112,13,16,44
22/03/2014,117,126,118,18,22,52
22/03/2014,105,107,115,13,15,48
22/03/2014,86,94,96,6,9,27
22/03/2014,121,114,110,20,18,42
22/03/2014,90,94,100,7,9,31
22/03/2014,98,114,108,10,18,40
22/03/2014,124,117,120,21,19,56
22/03/2014,105,112,104,13,17,35
22/03/2014,90,112,92,7,17,24
22/03/2014,124,103,124,21,13,61
22/03/2014,90,88,100,7,7,31
22/03/2014,92,94,111,8,9,43
22/03/2014,108,98,106,14,11,38
22/03/2014,119,141,134,19,25,71
22/03/2014,138,131,141,24,23,76
22/03/2014,83,91,91,5,8,23
22/03/2014,98,112,104,10,17,35
22/03/2014,110,126,128,15,22,66
22/03/2014,114,105,112,17,14,45
22/03/2014,119,103,120,19,13,55
22/03/2014,114,109,120,17,16,56
22/03/2014,138,131,137,24,23,73
22/03/2014,119,123,121,19,21,58
22/03/2014,112,117,125,16,19,63
22/03/2014,101,94,98,11,9,29
22/03/2014,138,137,121,24,24,58
22/03/2014,114,94,115,17,9,48
22/03/2014,103,96,91,12,10,23
22/03/2014,119,123,120,19,21,55
22/03/2014,98,94,90,10,9,22
22/03/2014,110,112,117,15,17,50
22/03/2014,101,98,107,11,11,39
22/03/2014,90,85,83,7,6,17
22/03/2014,105,117,123,13,19,60
22/03/2014,114,107,121,17,15,58
22/03/2014,105,126,120,13,22,56
22/03/2014,105,103,114,13,13,46
22/03/2014,101,107,108,11,15,40
22/03/2014,110,109,110,15,16,42
22/03/2014,112,107,107,16,15,39
22/03/2014,86,103,101,6,13,32
22/03/2014,119,117,131,19,19,69
22/03/2014,108,88,111,14,7,43
22/03/2014,83,101,105,5,12,36
22/03/2014,110,109,118,15,16,52
22/03/2014,114,88,97,17,7,28
22/03/2014,114,114,124,17,18,61
22/03/2014,127,123,122,22,21,59
22/03/2014,133,126,127,23,22,65
22/03/2014,124,114,127,21,18,65
22/03/2014,124,114,120,21,18,56
22/03/2014,133,117,127,23,19,65
22/03/2014,105,96,106,13,10,37
22/03/2014,121,117,120,20,19,55
22/03/2014,133,137,133,23,24,70
22/03/2014,124,137,135,21,24,72
22/03/2014,127,123,126,22,21,64
22/03/2014,133,117,129,23,19,67
22/03/2014,119,120,115,19,20,48
22/03/2014,133,137,124,23,24,62
22/03/2014,124,123,131,21,21,69
22/03/2014,114,117,109,17,19,41
22/03/2014,117,109,119,18,16,54
22/03/2014,112,101,117,16,12,51
22/03/2014,117,123,124,18,21,61
22/03/2014,112,112,118,16,17,52
22/03/2014,110,117,107,15,19,39
22/03/2014,105,98,110,13,11,42
22/03/2014,105,101,109,13,12,41
22/03/2014,101,109,104,11,16,35
22/03/2014,98,88,84,10,7,18
22/03/2014,98,105,116,10,14,49
22/03/2014,138,117,128,24,19,66
22/03/2014,119,117,112,19,19,45
22/03/2014,83,75,74,5,3,13
22/03/2014,110,123,112,15,21,44
22/03/2014,119,98,117,19,11,51
22/03/2014,101,103,99,11,13,30
22/03/2014,95,105,103,9,14,34
22/03/2014,108,137,118,14,24,52
22/03/2014,121,120,126,20,20,64
22/03/2014,110,96,106,15,10,38
22/03/2014,124,120,135,21,20,72
22/03/2014,103,98,107,12,11,39
22/03/2014,121,117,116,20,19,49
22/03/2014,95,96,108,9,10,40
22/03/2014,108,117,110,14,19,42
22/03/2014,114,105,86,17,14,19
22/03/2014,98,105,97,10,14,28
22/03/2014,95,98,106,9,11,38
22/03/2014,105,123,112,13,21,45
22/03/2014,121,141,131,20,26,69
22/03/2014,117,96,123,18,10,60
22/03/2014,103,101,97,12,12,28
22/03/2014,101,109,119,11,16,53
22/03/2014,127,117,122,22,19,59
22/03/2014,121,117,127,20,19,65
22/03/2014,127,120,130,22,20,68
22/03/2014,114,112,122,17,17,59
22/03/2014,114,112,131,17,17,69
22/03/2014,133,114,120,23,18,56
22/03/2014,124,117,127,21,19,65
22/03/2014,117,107,120,18,15,56
22/03/2014,124,123,117,21,21,51
22/03/2014,141,126,127,25,22,65
22/03/2014,138,137,129,24,24,67
22/03/2014,124,114,116,21,18,49
22/03/2014,110,114,121,15,18,57
22/03/2014,98,98,95,10,11,26
22/03/2014,86,88,92,6,7,24
22/03/2014,105,109,104,13,16,35
22/03/2014,124,123,131,21,21,69
22/03/2014,117,117,118,18,19,52
22/03/2014,112,123,114,16,21,46
22/03/2014,117,96,114,18,10,47
22/03/2014,127,126,121,22,22,57
22/03/2014,117,141,131,18,25,69
22/03/2014,101,117,125,11,19,63
22/03/2014,117,107,114,18,15,46
22/03/2014,110,103,108,15,13,40
22/03/2014,105,98,93,13,11,25
22/03/2014,119,109,112,19,16,45
22/03/2014,114,126,117,17,22,50
22/03/2014,92,75,92,8,3,24
22/03/2014,110,109,110,15,16,42
22/03/2014,108,131,121,14,23,57
22/03/2014,90,96,108,7,10,40
22/03/2014,121,101,106,20,12,37
22/03/2014,110,107,95,15,15,26
22/03/2014,108,98,117,14,11,51
22/03/2014,117,137,124,18,24,61
22/03/2014,95,94,102,9,9,33
22/03/2014,103,98,91,12,11,23
22/03/2014,108,94,112,14,9,44
22/03/2014,112,105,105,16,14,36
22/03/2014,95,88,93,9,7,25
22/03/2014,101,91,111,11,8,43
22/03/2014,108,112,125,14,17,63
22/03/2014,110,117,110,15,19,42
22/03/2014,92,91,93,8,8,25
22/03/2014,108,107,119,14,15,54
22/03/2014,119,126,120,19,22,55
22/03/2014,141,126,131,25,22,69
22/03/2014,110,101,104,15,12,35
22/03/2014,101,85,99,11,6,30
22/03/2014,117,103,115,18,13,48
22/03/2014,103,101,112,12,12,44
22/03/2014,117,141,130,18,25,68
22/03/2014,133,126,135,23,22,72
22/03/2014,117,123,121,18,21,57
22/03/2014,103,105,84,12,14,18
22/03/2014,121,107,116,20,15,49
22/03/2014,138,123,137,24,21,73
22/03/2014,117,123,123,18,21,60
22/03/2014,101,94,105,11,9,36
22/03/2014,119,112,120,19,17,55
22/03/2014,121,105,124,20,14,62
22/03/2014,92,123,120,8,21,56
22/03/2014,114,117,116,17,19,49
22/03/2014,119,131,123,19,23,60
22/03/2014,141,141,128,25,25,66
22/03/2014,119,117,112,19,19,45
22/03/2014,117,123,112,18,21,44
22/03/2014,103,103,112,12,13,45
22/03/2014,105,114,114,13,18,46
22/03/2014,117,109,112,18,16,44
22/03/2014,92,117,106,8,19,37
22/03/2014,95,96,90,9,10,22
22/03/2014,103,94,104,12,9,35
22/03/2014,108,114,115,14,18,48
22/03/2014,114,123,130,17,21,68
22/03/2014,138,112,127,24,17,65
22/03/2014,117,123,121,18,21,57
22/03/2014,114,107,124,17,15,61
22/03/2014,105,105,112,13,14,44
22/03/2014,90,101,105,7,12,36
22/03/2014,92,81,95,8,5,26
22/03/2014,92,112,112,8,17,45
22/03/2014,79,85,77,4,6,14
22/03/2014,117,103,120,18,13,55
22/03/2014,117,123,124,18,21,62
22/03/2014,117,103,115,18,13,48
22/03/2014,101,85,103,11,6,34
22/03/2014,103,98,107,12,11,39
22/03/2014,86,101,96,6,12,27
22/03/2014,98,112,116,10,17,49
22/03/2014,114,109,117,17,16,51
22/03/2014,110,105,108,15,14,40
22/03/2014,119,120,125,19,20,63
29/03/2014,133,103,121,23,13,57
29/03/2014,127,114,118,22,18,52
29/03/2014,133,137,139,23,24,75
29/03/2014,117,123,130,18,21,68
29/03/2014,138,123,123,24,21,60
29/03/2014,119,131,134,19,23,71
29/03/2014,117,114,109,18,18,41
29/03/2014,127,126,116,22,22,49
29/03/2014,127,117,126,22,19,64
29/03/2014,108,105,114,14,14,46
29/03/2014,98,112,69,10,17,7
29/03/2014,112,114,116,16,18,49
29/03/2014,127,117,129,22,19,67
29/03/2014,114,101,106,17,12,37
29/03/2014,119,109,121,19,16,57
29/03/2014,86,96,81,6,10,16
29/03/2014,121,126,117,20,22,51
29/03/2014,112,126,114,16,22,47
29/03/2014,83,78,93,5,4,25
29/03/2014,98,101,103,10,12,34
29/03/2014,95,81,93,9,5,25
29/03/2014,117,112,123,18,17,60
29/03/2014,83,78,93,5,4,25
29/03/2014,127,120,124,22,20,62
29/03/2014,90,85,90,7,6,22
29/03/2014,133,105,126,23,14,64
29/03/2014,108,91,101,14,8,32
29/03/2014,114,98,114,17,11,46
29/03/2014,86,112,112,6,17,45
29/03/2014,95,103,95,9,13,26
29/03/2014,105,114,111,13,18,43
29/03/2014,98,101,118,10,12,52
29/03/2014,119,123,134,19,21,71
29/03/2014,86,91,105,6,8,36
29/03/2014,108,105,103,14,14,34
29/03/2014,112,120,124,16,20,62
29/03/2014,105,107,109,13,15,41
29/03/2014,108,96,107,14,10,39
29/03/2014,121,101,120,20,12,55
29/03/2014,127,141,139,22,25,75
29/03/2014,105,101,115,13,12,48
29/03/2014,110,96,108,15,10,40
29/03/2014,110,114,112,15,18,44
29/03/2014,108,114,112,14,18,45
29/03/2014,110,101,98,15,12,29
29/03/2014,124,123,124,21,21,61
29/03/2014,117,131,119,18,23,53
29/03/2014,108,96,117,14,10,50
29/03/2014,69,98,83,2,11,17
29/03/2014,127,131,120,22,23,56
29/03/2014,108,105,88,14,14,21
29/03/2014,112,114,114,16,18,47
29/03/2014,127,117,129,22,19,67
29/03/2014,112,112,126,16,17,64
29/03/2014,114,141,122,17,25,59
29/03/2014,141,141,124,25,25,61
29/03/2014,121,114,120,20,18,56
29/03/2014,141,141,134,25,25,71
29/03/2014,138,141,139,24,25,75
29/03/2014,121,109,125,20,16,63
29/03/2014,108,120,114,14,20,46
29/03/2014,98,96,103,10,10,34
29/03/2014,133,123,127,23,21,65
29/03/2014,86,103,99,6,13,30
29/03/2014,103,101,101,12,12,32
29/03/2014,114,105,119,17,14,54
29/03/2014,114,120,127,17,20,65
29/03/2014,117,126,114,18,22,47
29/03/2014,95,85,92,9,6,24
29/03/2014,117,117,110,18,19,42
29/03/2014,108,107,117,14,15,51
29/03/2014,108,101,111,14,12,43
29/03/2014,90,109,102,7,16,33
29/03/2014,105,107,105,13,15,36
29/03/2014,110,120,112,15,20,45
29/03/2014,95,109,100,9,16,31
29/03/2014,124,120,122,21,20,59
29/03/2014,108,117,115,14,19,48
29/03/2014,79,88,96,4,7,27
29/03/2014,92,71,88,8,2,21
29/03/2014,95,98,108,9,11,40
29/03/2014,108,112,108,14,17,40
29/03/2014,105,107,106,13,15,37
29/03/2014,86,81,106,6,5,38
29/03/2014,98,105,91,10,14,23
29/03/2014,124,114,119,21,18,53
29/03/2014,98,81,97,10,5,28
29/03/2014,83,91,107,5,8,39
29/03/2014,127,114,120,22,18,55
29/03/2014,114,126,120,17,22,55
29/03/2014,114,96,117,17,10,50
29/03/2014,105,103,112,13,13,45
29/03/2014,110,112,125,15,17,63
29/03/2014,121,114,117,20,18,50
29/03/2014,133,120,137,23,20,73
29/03/2014,69,88,84,2,7,18
29/03/2014,117,105,115,18,14,48
29/03/2014,121,137,129,20,24,67
29/03/2014,133,120,120,23,20,55
29/03/2014,105,109,114,13,16,47
29/03/2014,141,131,133,25,23,70
29/03/2014,133,126,122,23,22,59
29/03/2014,108,94,100,14,9,31
29/03/2014,103,98,112,12,11,44
29/03/2014,98,107,103,10,15,34
29/03/2014,103,98,101,12,11,32
29/03/2014,86,85,95,6,6,26
29/03/2014,114,117,121,17,19,58
29/03/2014,103,109,105,12,16,36
29/03/2014,98,88,101,10,7,32
29/03/2014,133,131,141,23,23,79
29/03/2014,90,91,95,7,8,26
29/03/2014,105,114,117,13,18,50
29/03/2014,95,96,95,9,10,26
29/03/2014,110,105,86,15,14,19
29/03/2014,92,105,105,8,14,36
29/03/2014,92,98,92,8,11,24
29/03/2014,110,105,120,15,14,56
29/03/2014,119,112,112,19,17,45
29/03/2014,110,120,105,15,20,36
29/03/2014,114,105,110,17,14,42
29/03/2014,103,94,103,12,9,34
29/03/2014,110,123,123,15,21,60
29/03/2014,105,105,101,13,14,32
29/03/2014,110,109,92,15,16,24
29/03/2014,101,91,100,11,8,31
29/03/2014,108,96,121,14,10,57
29/03/2014,121,91,109,20,8,41
29/03/2014,117,126,122,18,22,59
29/03/2014,108,98,108,14,11,40
29/03/2014,103,98,99,12,11,30
29/03/2014,121,114,106,20,18,37
29/03/2014,92,94,96,8,9,27
29/03/2014,105,107,112,13,15,44
29/03/2014,121,117,126,20,19,64
29/03/2014,103,96,109,12,10,41
29/03/2014,108,120,120,14,20,55
29/03/2014,95,114,121,9,18,58
29/03/2014,108,103,106,14,13,38
29/03/2014,133,131,133,23,23,70
29/03/2014,103,109,107,12,16,39
29/03/2014,103,91,101,12,8,32
29/03/2014,124,114,135,21,18,72
29/03/2014,105,107,116,13,15,49
29/03/2014,112,114,114,16,18,46
29/03/2014,95,105,92,9,14,24
29/03/2014,117,107,124,18,15,62
29/03/2014,108,101,110,14,12,42
29/03/2014,141,141,137,25,25,73
29/03/2014,127,117,128,22,19,66
29/03/2014,121,123,129,20,21,67
29/03/2014,95,112,110,9,17,42
29/03/2014,119,109,116,19,16,49
29/03/2014,103,112,121,12,17,57
29/03/2014,108,107,120,14,15,55
29/03/2014,108,112,118,14,17,52
29/03/2014,90,101,104,7,12,35
29/03/2014,92,85,104,8,6,35
29/03/2014,110,114,114,15,18,46
29/03/2014,98,94,87,10,9,20
29/03/2014,98,75,95,10,3,26
29/03/2014,103,98,97,12,11,28
29/03/2014,79,98,93,4,11,25
29/03/2014,103,103,108,12,13,40
29/03/2014,124,112,120,21,17,55
29/03/2014,98,101,112,10,12,44
29/03/2014,114,105,115,17,14,48
29/03/2014,108,107,121,14,15,57
29/03/2014,105,120,114,13,20,46
29/03/2014,114,109,114,17,16,46
29/03/2014,90,101,111,7,12,43
29/03/2014,90,98,90,7,11,22
29/03/2014,127,117,118,22,19,52
29/03/2014,90,98,95,7,11,26
29/03/2014,127,117,123,22,19,60
29/03/2014,108,109,87,14,16,20
29/03/2014,114,123,112,17,21,45
29/03/2014,117,112,114,18,17,47
29/03/2014,138,123,126,24,21,64
29/03/2014,117,107,124,18,15,61
29/03/2014,92,107,117,8,15,51
29/03/2014,124,126,139,21,22,75
29/03/2014,117,114,120,18,18,56
29/03/2014,108,105,110,14,14,42
29/03/2014,112,123,119,16,21,53
29/03/2014,101,109,112,11,16,45
29/03/2014,105,109,104,13,16,35
29/03/2014,92,98,102,8,11,33
29/03/2014,110,117,102,15,19,33
29/03/2014,98,101,90,10,12,22
29/03/2014,79,88,96,4,7,27
29/03/2014,114,103,120,17,13,56
29/03/2014,110,114,117,15,18,50
29/03/2014,141,141,133,25,25,70
29/03/2014,103,88,110,12,7,42
29/03/2014,108,120,118,14,20,52
29/03/2014,114,123,120,17,21,56
29/03/2014,117,120,130,18,20,68
29/03/2014,83,81,91,5,5,23
29/03/2014,95,88,79,9,7,15
29/03/2014,90,105,108,7,14,40
29/03/2014,112,105,109,16,14,41
29/03/2014,95,94,98,9,9,29
29/03/2014,108,94,110,14,9,42
29/03/2014,90,98,92,7,11,24
29/03/2014,133,126,131,23,22,69
29/03/2014,121,94,107,20,9,39
29/03/2014,83,98,101,5,11,32
29/03/2014,103,103,114,12,13,46
29/03/2014,119,137,120,19,24,55
29/03/2014,121,109,121,20,16,58
29/03/2014,95,85,105,9,6,36
29/03/2014,127,120,124,22,20,62
29/03/2014,103,109,110,12,16,42
29/03/2014,110,94,96,15,9,27
29/03/2014,108,103,116,14,13,49
29/03/2014,86,94,79,6,9,15
29/03/2014,124,137,135,21,24,72
29/03/2014,108,105,118,14,14,52
29/03/2014,124,112,131,21,17,69
29/03/2014,101,94,90,11,9,22
29/03/2014,79,75,101,4,3,32
29/03/2014,90,98,100,7,11,31
29/03/2014,105,91,117,13,8,51
29/03/2014,98,88,106,10,7,37
29/03/2014,119,114,125,19,18,63
29/03/2014,90,78,95,7,4,26
29/03/2014,114,114,117,17,18,51
29/03/2014,86,91,103,6,8,34
29/03/2014,98,101,112,10,12,45
29/03/2014,101,107,99,11,15,30
29/03/2014,105,103,115,13,13,48
29/03/2014,114,109,119,17,16,53
29/03/2014,124,123,120,21,21,56
29/03/2014,114,120,128,17,20,66
29/03/2014,119,131,135,19,23,72
29/03/2014,92,109,117,8,16,50
29/03/2014,114,101,117,17,12,50
29/03/2014,110,109,117,15,16,51
29/03/2014,108,117,106,14,19,38
29/03/2014,117,109,122,18,16,59
29/03/2014,121,120,119,20,20,53
29/03/2014,92,101,114,8,12,47
29/03/2014,98,98,106,10,11,37
29/03/2014,90,69,88,7,1,21
29/03/2014,95,98,102,9,11,33
29/03/2014,98,103,96,10,13,27
29/03/2014,101,103,106,11,13,38
29/03/2014,119,112,131,19,17,69
29/03/2014,124,109,123,21,16,60
29/03/2014,92,98,81,8,11,16
29/03/2014,110,120,129,15,20,67
29/03/2014,105,107,119,13,15,54
29/03/2014,105,105,116,13,14,49
29/03/2014,117,114,124,18,18,61
29/03/2014,141,137,141,25,24,76
29/03/2014,108,103,106,14,13,37
29/03/2014,138,117,123,24,19,60
29/03/2014,117,114,123,18,18,60
29/03/2014,121,137,133,20,24,70
29/03/2014,114,117,112,17,19,45
29/03/2014,133,114,121,23,18,58
29/03/2014,133,117,131,23,19,69
29/03/2014,114,112,118,17,17,52
29/03/2014,112,112,118,16,17,52
29/03/2014,117,98,121,18,11,57
29/03/2014,83,96,120,5,10,55
29/03/2014,121,120,124,20,20,62
29/03/2014,92,85,98,8,6,29
29/03/2014,101,114,106,11,18,38
29/03/2014,101,91,96,11,8,27
29/03/2014,103,109,103,12,16,34
29/03/2014,138,117,124,24,19,61
29/03/2014,117,120,112,18,20,45
29/03/2014,86,91,101,6,8,32
29/03/2014,95,107,111,9,15,43
29/03/2014,124,109,130,21,16,68
29/03/2014,110,114,109,15,18,41
29/03/2014,86,91,84,6,8,18
29/03/2014,108,101,110,14,12,42
29/03/2014,101,96,102,11,10,33
29/03/2014,101,88,96,11,7,27
29/03/2014,112,96,114,16,10,46
29/03/2014,121,112,131,20,17,69
29/03/2014,114,123,117,17,21,50
29/03/2014,114,109,124,17,16,61
29/03/2014,95,94,111,9,9,43
29/03/2014,103,107,103,12,15,34
29/03/2014,79,94,69,4,9,9
29/03/2014,92,103,93,8,13,25
29/03/2014,119,114,122,19,18,59
29/03/2014,74,78,83,3,4,17
29/03/2014,119,117,128,19,19,66
29/03/2014,95,94,110,9,9,42
29/03/2014,114,105,114,17,14,47
29/03/2014,124,137,133,21,24,70
29/03/2014,110,114,110,15,18,42
29/03/2014,105,114,102,13,18,33
29/03/2014,121,131,130,20,23,68
29/03/2014,95,91,87,9,8,20
29/03/2014,86,94,93,6,9,25
29/03/2014,101,91,92,11,8,24
29/03/2014,114,112,115,17,17,48
05/04/2014,117,120,129,18,20,67
05/04/2014,95,105,112,9,14,44
05/04/2014,112,126,117,16,22,51
05/04/2014,127,137,135,22,24,72
05/04/2014,105,101,122,13,12,59
05/04/2014,108,91,106,14,8,38
05/04/2014,124,137,131,21,24,69
05/04/2014,103,96,117,12,10,51
05/04/2014,114,120,120,17,20,55
05/04/2014,108,120,119,14,20,54
05/04/2014,127,131,123,22,23,60
05/04/2014,98,75,101,10,3,32
05/04/2014,138,123,134,24,21,71
05/04/2014,127,117,124,22,19,61
05/04/2014,117,112,124,18,17,61
05/04/2014,103,98,106,12,11,37
05/04/2014,117,117,110,18,19,42
05/04/2014,101,98,101,11,11,32
05/04/2014,105,101,101,13,12,32
05/04/2014,114,91,109,17,8,41
05/04/2014,119,120,112,19,20,45
05/04/2014,117,107,112,18,15,44
05/04/2014,119,117,119,19,19,54
05/04/2014,105,107,108,13,15,40
05/04/2014,95,94,105,9,9,36
05/04/2014,119,91,119,19,8,54
05/04/2014,108,107,117,14,15,50
05/04/2014,117,98,118,18,11,52
05/04/2014,86,103,96,6,13,27
05/04/2014,110,96,101,15,10,32
05/04/2014,138,137,139,24,24,75
05/04/2014,95,94,100,9,9,31
05/04/2014,92,91,93,8,8,25
05/04/2014,101,91,93,11,8,25
05/04/2014,112,98,106,16,11,38
05/04/2014,112,112,128,16,17,66
05/04/2014,114,109,118,17,16,52
05/04/2014,86,98,69,6,11,8
05/04/2014,86,94,84,6,9,18
05/04/2014,92,101,98,8,12,29
05/04/2014,90,117,108,7,19,40
05/04/2014,133,114,123,23,18,60
05/04/2014,114,105,110,17,14,42
05/04/2014,83,94,84,5,9,18
05/04/2014,103,117,109,12,19,41
05/04/2014,114,112,118,17,17,52
05/04/2014,112,96,102,16,10,33
05/04/2014,112,98,120,16,11,55
05/04/2014,108,107,105,14,15,36
05/04/2014,101,94,110,11,9,42
05/04/2014,90,98,97,7,11,28
05/04/2014,121,123,131,20,21,69
05/04/2014,108,107,121,14,15,58
05/04/2014,90,85,91,7,6,23
05/04/2014,110,103,103,15,13,34
05/04/2014,98,105,102,10,14,33
05/04/2014,133,120,124,23,20,61
05/04/2014,98,112,105,10,17,36
05/04/2014,138,123,117,24,21,51
05/04/2014,121,105,121,20,14,58
05/04/2014,92,98,88,8,11,21
05/04/2014,108,88,93,14,7,25
05/04/2014,112,141,120,16,25,55
05/04/2014,95,85,86,9,6,19
05/04/2014,105,105,102,13,14,33
05/04/2014,101,105,115,11,14,48
05/04/2014,108,94,109,14,9,41
05/04/2014,101,101,112,11,12,44
05/04/2014,112,114,120,16,18,56
05/04/2014,117,123,122,18,21,59
05/04/2014,92,107,117,8,15,51
05/04/2014,124,101,122,21,12,59
05/04/2014,119,114,105,19,18,36
05/04/2014,101,117,111,11,19,43
05/04/2014,108,105,118,14,14,52
05/04/2014,114,117,103,17,19,34
05/04/2014,110,117,129,15,19,67
05/04/2014,86,91,90,6,8,22
05/04/2014,112,120,122,16,20,59
05/04/2014,112,98,114,16,11,47
05/04/2014,119,120,133,19,20,70
05/04/2014,112,94,100,16,9,31
05/04/2014,117,117,130,18,19,68
05/04/2014,117,117,111,18,19,43
05/04/2014,138,131,127,24,23,65
05/04/2014,117,126,126,18,22,64
05/04/2014,114,107,107,17,15,39
05/04/2014,114,109,114,17,16,47
05/04/2014,119,131,112,19,23,44
05/04/2014,127,126,123,22,22,60
05/04/2014,119,123,114,19,21,46
05/04/2014,103,88,95,12,7,26
05/04/2014,108,109,111,14,16,43
05/04/2014,110,105,103,15,14,34
05/04/2014,86,78,91,6,4,23
05/04/2014,117,103,114,18,13,46
05/04/2014,101,91,117,11,8,50
05/04/2014,124,131,121,21,23,58
05/04/2014,101,112,101,11,17,32
05/04/2014,110,117,115,15,19,48
05/04/2014,127,137,128,22,24,66
05/04/2014,101,101,123,11,12,60
05/04/2014,105,105,111,13,14,43
05/04/2014,112,117,124,16,19,62
05/04/2014,119,137,121,19,24,58
05/04/2014,90,81,90,7,5,22
05/04/2014,92,101,91,8,12,23
05/04/2014,105,101,106,13,12,37
05/04/2014,95,117,101,9,19,32
05/04/2014,117,103,107,18,13,39
05/04/2014,110,109,103,15,16,34
05/04/2014,92,105,110,8,14,42
05/04/2014,117,120,116,18,20,49
05/04/2014,112,105,114,16,14,47
05/04/2014,121,137,124,20,24,62
05/04/2014,110,96,103,15,10,34
05/04/2014,101,101,108,11,12,40
05/04/2014,101,101,96,11,12,27
05/04/2014,117,94,118,18,9,52
05/04/2014,98,120,112,10,20,45
05/04/2014,95,101,104,9,12,35
05/04/2014,101,105,97,11,14,28
05/04/2014,90,88,92,7,7,24
05/04/2014,105,103,107,13,13,39
05/04/2014,90,109,118,7,16,52
05/04/2014,98,96,90,10,10,22
05/04/2014,110,112,108,15,17,40
05/04/2014,119,109,117,19,16,50
05/04/2014,124,117,127,21,19,65
05/04/2014,92,81,98,8,5,29
05/04/2014,92,103,104,8,13,35
05/04/2014,101,112,100,11,17,31
05/04/2014,117,126,134,18,22,71
05/04/2014,105,114,119,13,18,53
05/04/2014,103,120,114,12,20,46
05/04/2014,141,126,137,25,22,74
05/04/2014,138,112,134,24,17,71
05/04/2014,105,117,104,13,19,35
05/04/2014,121,107,109,20,15,41
05/04/2014,121,114,119,20,18,54
05/04/2014,141,114,134,25,18,71
05/04/2014,124,114,120,21,18,56
05/04/2014,112,101,114,16,12,47
05/04/2014,119,103,112,19,13,45
05/04/2014,141,120,130,25,20,68
05/04/2014,141,131,139,25,23,75
05/04/2014,133,126,129,23,22,67
05/04/2014,127,120,125,22,20,63
05/04/2014,114,101,101,17,12,32
05/04/2014,117,114,114,18,18,47
05/04/2014,98,112,118,10,17,52
05/04/2014,105,107,109,13,15,41
05/04/2014,103,94,100,12,9,31
05/04/2014,92,105,103,8,14,34
05/04/2014,101,98,119,11,11,53
05/04/2014,108,137,121,14,24,57
05/04/2014,79,69,83,4,0,17
05/04/2014,110,114,111,15,18,43
05/04/2014,105,109,106,13,16,38
05/04/2014,105,109,119,13,16,54
05/04/2014,95,103,104,9,13,35
05/04/2014,119,103,114,19,13,47
05/04/2014,121,114,127,20,18,65
05/04/2014,101,69,83,11,1,17
05/04/2014,95,98,104,9,11,35
05/04/2014,86,71,100,6,2,31
05/04/2014,108,109,120,14,16,55
05/04/2014,112,112,121,16,17,58
05/04/2014,105,112,112,13,17,45
05/04/2014,101,120,103,11,20,34
05/04/2014,133,123,120,23,21,56
05/04/2014,108,81,111,14,5,43
05/04/2014,103,85,100,12,6,31
05/04/2014,90,103,95,7,13,26
05/04/2014,90,117,96,7,19,27
05/04/2014,103,94,110,12,9,42
05/04/2014,112,94,106,16,9,38
05/04/2014,114,123,124,17,21,62
05/04/2014,101,91,93,11,8,25
05/04/2014,127,126,137,22,22,74
05/04/2014,103,120,117,12,20,50
05/04/2014,133,126,124,23,22,62
05/04/2014,124,123,121,21,21,58
05/04/2014,121,123,124,20,21,61
05/04/2014,121,105,112,20,14,44
05/04/2014,138,131,123,24,23,60
05/04/2014,110,120,116,15,20,49
05/04/2014,95,109,110,9,16,42
05/04/2014,83,103,97,5,13,28
05/04/2014,95,94,92,9,9,24
05/04/2014,83,88,90,5,7,22
05/04/2014,95,107,115,9,15,48
05/04/2014,101,114,112,11,18,44
05/04/2014,90,96,107,7,10,39
05/04/2014,101,88,111,11,7,43
05/04/2014,114,112,118,17,17,52
05/04/2014,79,71,84,4,2,18
05/04/2014,98,94,110,10,9,42
05/04/2014,92,85,105,8,6,36
05/04/2014,124,126,124,21,22,62
05/04/2014,95,107,108,9,15,40
05/04/2014,103,114,100,12,18,31
05/04/2014,86,101,98,6,12,29
05/04/2014,95,107,103,9,15,34
05/04/2014,83,96,95,5,10,26
05/04/2014,105,96,111,13,10,43
05/04/2014,95,98,84,9,11,18
05/04/2014,114,114,125,17,18,63
05/04/2014,74,78,86,3,4,19
05/04/2014,98,91,91,10,8,23
05/04/2014,124,109,126,21,16,64
05/04/2014,103,98,101,12,11,32
05/04/2014,98,85,91,10,6,23
05/04/2014,117,91,111,18,8,43
05/04/2014,133,112,137,23,17,74
05/04/2014,110,112,116,15,17,49
05/04/2014,127,126,126,22,22,64
05/04/2014,117,114,123,18,18,60
05/04/2014,101,103,96,11,13,27
05/04/2014,138,131,134,24,23,71
05/04/2014,117,114,120,18,18,56
05/04/2014,119,131,125,19,23,63
05/04/2014,138,126,123,24,22,60
05/04/2014,95,109,97,9,16,28
05/04/2014,124,120,135,21,20,72
05/04/2014,133,131,135,23,23,72
05/04/2014,138,126,127,24,22,65
05/04/2014,108,96,120,14,10,55
05/04/2014,108,114,112,14,18,44
05/04/2014,124,98,92,21,11,24
05/04/2014,83,103,99,5,13,30
05/04/2014,110,105,119,15,14,54
05/04/2014,101,105,105,11,14,36
05/04/2014,114,117,120,17,19,56
05/04/2014,127,123,124,22,21,61
05/04/2014,95,109,106,9,16,38
05/04/2014,86,85,90,6,6,22
05/04/2014,90,85,87,7,6,20
05/04/2014,86,103,93,6,13,25
05/04/2014,92,94,93,8,9,25
05/04/2014,103,96,119,12,10,53
05/04/2014,112,112,119,16,17,53
05/04/2014,86,112,98,6,17,29
05/04/2014,101,112,109,11,17,41
05/04/2014,103,94,103,12,9,34
05/04/2014,98,101,97,10,12,28
05/04/2014,110,105,106,15,14,37
05/04/2014,83,103,93,5,13,25
05/04/2014,92,91,95,8,8,26
05/04/2014,108,114,117,14,18,51
05/04/2014,105,94,86,13,9,19
05/04/2014,103,112,103,12,17,34
05/04/2014,86,98,90,6,11,22
05/04/2014,108,109,119,14,16,54
05/04/2014,133,123,124,23,21,61
05/04/2014,108,120,120,14,20,55
05/04/2014,103,120,106,12,20,37
05/04/2014,114,112,122,17,17,59
05/04/2014,108,103,112,14,13,44
05/04/2014,119,117,130,19,19,68
05/04/2014,112,107,125,16,15,63
05/04/2014,114,120,123,17,20,60
05/04/2014,119,114,127,19,18,65
05/04/2014,124,141,131,21,26,69
05/04/2014,119,109,112,19,16,44
05/04/2014,112,112,114,16,17,47
05/04/2014,98,107,111,10,15,43
05/04/2014,103,96,106,12,10,38
05/04/2014,127,120,119,22,20,53
05/04/2014,110,126,125,15,22,63
05/04/2014,112,109,124,16,16,61
05/04/2014,114,117,114,17,19,47
05/04/2014,124,126,123,21,22,60
05/04/2014,103,101,114,12,12,47
05/04/2014,138,123,123,24,21,60
05/04/2014,133,131,134,23,23,71
05/04/2014,124,112,130,21,17,68
05/04/2014,110,107,110,15,15,42
05/04/2014,110,117,102,15,19,33
05/04/2014,105,123,120,13,21,55
05/04/2014,92,103,110,8,13,42
05/04/2014,86,107,96,6,15,27
05/04/2014,127,131,127,22,23,65
05/04/2014,108,103,111,14,13,43
05/04/2014,114,117,125,17,19,63
05/04/2014,90,75,91,7,3,23
05/04/2014,83,94,95,5,9,26
05/04/2014,119,120,120,19,20,55
05/04/2014,86,94,95,6,9,26
05/04/2014,105,107,114,13,15,46
05/04/2014,108,109,112,14,16,45
05/04/2014,98,112,117,10,17,51
05/04/2014,103,131,110,12,23,42
05/04/2014,108,91,112,14,8,45
05/04/2014,127,107,114,22,15,47
05/04/2014,90,107,97,7,15,28
05/04/2014,98,103,99,10,13,30
05/04/2014,127,114,126,22,18,64
05/04/2014,95,109,106,9,16,37
05/04/2014,110,123,112,15,21,44
05/04/2014,112,117,95,16,19,26
05/04/2014,112,98,118,16,11,52
05/04/2014,74,75,90,3,3,22
05/04/2014,105,112,115,13,17,48
05/04/2014,119,107,120,19,15,56
05/04/2014,117,117,119,18,19,54
05/04/2014,114,114,114,17,18,46
05/04/2014,114,126,125,17,22,63
05/04/2014,90,96,84,7,10,18
05/04/2014,108,101,114,14,12,47
05/04/2014,98,109,104,10,16,35
05/04/2014,117,123,122,18,21,59
05/04/2014,127,131,129,22,23,67
12/04/2014,90,103,90,7,13,22
12/04/2014,133,120,124,23,20,61
12/04/2014,119,131,124,19,23,61
12/04/2014,127,126,124,22,22,61
12/04/2014,101,107,109,11,15,41
12/04/2014,114,131,111,17,23,43
12/04/2014,108,114,115,14,18,48
12/04/2014,124,117,128,21,19,66
12/04/2014,119,114,124,19,18,61
12/04/2014,90,91,98,7,8,29
12/04/2014,92,91,83,8,8,17
12/04/2014,133,141,134,23,26,71
12/04/2014,114,123,121,17,21,57
12/04/2014,105,105,103,13,14,34
12/04/2014,124,126,128,21,22,66
12/04/2014,121,120,124,20,20,62
12/04/2014,110,117,112,15,19,44
12/04/2014,95,105,102,9,14,33
12/04/2014,92,88,91,8,7,23
12/04/2014,110,96,104,15,10,35
12/04/2014,92,105,100,8,14,31
12/04/2014,112,109,121,16,16,57
12/04/2014,133,137,131,23,24,69
12/04/2014,103,103,106,12,13,37
12/04/2014,92,105,98,8,14,29
12/04/2014,108,107,115,14,15,48
12/04/2014,127,137,130,22,24,68
12/04/2014,95,81,90,9,5,22
12/04/2014,121,123,120,20,21,56
12/04/2014,112,109,103,16,16,34
12/04/2014,90,101,102,7,12,33
12/04/2014,117,109,101,18,16,32
12/04/2014,79,91,100,4,8,31
12/04/2014,98,85,84,10,6,18
12/04/2014,98,103,92,10,13,24
12/04/2014,95,91,92,9,8,24
12/04/2014,124,117,119,21,19,53
12/04/2014,114,126,118,17,22,52
12/04/2014,121,126,135,20,22,72
12/04/2014,121,126,135,20,22,72
12/04/2014,121,120,137,20,20,73
12/04/2014,119,120,124,19,20,61
12/04/2014,98,94,99,10,9,30
12/04/2014,110,112,112,15,17,44
12/04/2014,119,126,127,19,22,65
12/04/2014,114,120,123,17,20,60
12/04/2014,117,120,123,18,20,60
12/04/2014,127,117,118,22,19,52
12/04/2014,141,131,137,25,23,74
12/04/2014,114,107,109,17,15,41
12/04/2014,105,105,115,13,14,48
12/04/2014,119,114,108,19,18,40
12/04/2014,95,107,92,9,15,24
12/04/2014,127,117,122,22,19,59
12/04/2014,103,101,102,12,12,33
12/04/2014,92,85,101,8,6,32
12/04/2014,101,107,112,11,15,45
12/04/2014,117,112,121,18,17,58
12/04/2014,101,120,115,11,20,48
12/04/2014,112,98,107,16,11,39
12/04/2014,95,101,100,9,12,31
12/04/2014,90,85,107,7,6,39
12/04/2014,86,98,103,6,11,34
12/04/2014,74,94,104,3,9,35
12/04/2014,98,105,108,10,14,40
12/04/2014,105,94,102,13,9,33
12/04/2014,92,103,79,8,13,15
12/04/2014,90,88,90,7,7,22
12/04/2014,108,123,101,14,21,32
12/04/2014,112,117,124,16,19,61
12/04/2014,117,109,114,18,16,46
12/04/2014,103,112,104,12,17,35
12/04/2014,112,117,106,16,19,37
12/04/2014,114,112,108,17,17,40
12/04/2014,114,117,114,17,19,46
12/04/2014,121,123,117,20,21,50
12/04/2014,127,141,127,22,25,65
12/04/2014,103,114,117,12,18,51
12/04/2014,119,123,128,19,21,66
12/04/2014,133,126,141,23,22,76
12/04/2014,112,126,115,16,22,48
12/04/2014,105,126,111,13,22,43
12/04/2014,105,105,110,13,14,42
12/04/2014,124,120,128,21,20,66
12/04/2014,133,141,134,23,25,71
12/04/2014,112,103,98,16,13,29
12/04/2014,110,117,119,15,19,53
12/04/2014,79,91,87,4,8,20
12/04/2014,114,114,104,17,18,35
12/04/2014,114,120,104,17,20,35
12/04/2014,98,114,107,10,18,39
12/04/2014,101,98,98,11,11,29
12/04/2014,86,96,79,6,10,15
12/04/2014,108,114,111,14,18,43
12/04/2014,95,94,105,9,9,36
12/04/2014,101,85,118,11,6,52
12/04/2014,101,91,93,11,8,25
12/04/2014,83,96,95,5,10,26
12/04/2014,119,112,115,19,17,48
12/04/2014,112,112,106,16,17,37
12/04/2014,95,114,101,9,18,32
12/04/2014,103,109,106,12,16,37
12/04/2014,95,105,100,9,14,31
12/04/2014,79,98,105,4,11,36
12/04/2014,110,107,106,15,15,37
12/04/2014,95,91,90,9,8,22
12/04/2014,112,109,119,16,16,54
12/04/2014,95,114,108,9,18,40
12/04/2014,108,98,104,14,11,35
12/04/2014,138,126,130,24,22,68
12/04/2014,138,117,130,24,19,68
12/04/2014,83,101,81,5,12,16
12/04/2014,114,105,102,17,14,33
12/04/2014,105,101,112,13,12,44
12/04/2014,119,123,124,19,21,61
12/04/2014,133,126,137,23,22,73
12/04/2014,117,101,112,18,12,44
12/04/2014,133,126,124,23,22,61
12/04/2014,127,117,127,22,19,65
12/04/2014,117,114,105,18,18,36
12/04/2014,133,109,133,23,16,70
12/04/2014,127,137,135,22,24,72
12/04/2014,101,78,101,11,4,32
12/04/2014,124,123,128,21,21,66
12/04/2014,127,123,118,22,21,52
12/04/2014,124,117,124,21,19,62
12/04/2014,110,107,99,15,15,30
12/04/2014,121,117,119,20,19,54
12/04/2014,103,88,107,12,7,39
12/04/2014,103,101,117,12,12,50
12/04/2014,95,103,104,9,13,35
12/04/2014,101,96,106,11,10,38
12/04/2014,110,114,111,15,18,43
12/04/2014,92,96,112,8,10,45
12/04/2014,117,91,102,18,8,33
12/04/2014,101,103,108,11,13,40
12/04/2014,112,103,106,16,13,37
12/04/2014,114,114,118,17,18,52
12/04/2014,92,114,87,8,18,20
12/04/2014,119,123,127,19,21,65
12/04/2014,92,98,88,8,11,21
12/04/2014,138,126,128,24,22,66
12/04/2014,103,101,103,12,12,34
12/04/2014,110,109,121,15,16,57
12/04/2014,117,117,121,18,19,57
12/04/2014,121,112,114,20,17,47
12/04/2014,92,88,112,8,7,45
12/04/2014,101,71,88,11,2,21
12/04/2014,112,107,115,16,15,48
12/04/2014,114,120,121,17,20,57
12/04/2014,90,114,102,7,18,33
12/04/2014,114,105,117,17,14,50
12/04/2014,119,126,129,19,22,67
12/04/2014,108,114,116,14,18,49
12/04/2014,127,126,137,22,22,73
12/04/2014,133,120,135,23,20,72
12/04/2014,121,114,130,20,18,68
12/04/2014,112,120,124,16,20,62
12/04/2014,133,123,131,23,21,69
12/04/2014,138,123,127,24,21,65
12/04/2014,117,105,102,18,14,33
12/04/2014,124,117,118,21,19,52
12/04/2014,99,82,101,10,5,32
12/04/2014,103,105,114,12,14,46
12/04/2014,115,105,110,17,14,42
12/04/2014,108,110,118,14,16,51
12/04/2014,117,123,119,18,21,53
12/04/2014,117,96,112,18,10,44
12/04/2014,103,120,121,12,20,56
12/04/2014,108,99,120,14,11,55
12/04/2014,103,101,118,12,12,52
12/04/2014,79,85,75,4,6,13
12/04/2014,90,91,102,7,8,33
12/04/2014,108,120,119,14,20,53
12/04/2014,95,101,90,9,12,22
12/04/2014,110,88,105,15,7,36
12/04/2014,103,94,101,12,9,32
12/04/2014,110,101,114,15,12,46
12/04/2014,113,123,108,16,21,40
12/04/2014,99,101,108,10,12,40
12/04/2014,106,105,108,13,14,40
12/04/2014,117,115,126,18,18,63
12/04/2014,110,131,128,15,23,66
12/04/2014,119,123,126,19,21,64
12/04/2014,92,96,84,8,10,18
12/04/2014,114,120,130,17,20,68
12/04/2014,103,101,111,12,12,43
12/04/2014,117,120,120,18,20,55
12/04/2014,108,114,112,14,18,45
12/04/2014,141,123,127,25,21,65
12/04/2014,127,126,137,22,22,73
12/04/2014,119,126,117,19,22,51
12/04/2014,112,126,120,16,22,56
12/04/2014,99,94,94,10,9,25
12/04/2014,90,75,102,7,3,33
12/04/2014,108,107,108,14,15,40
12/04/2014,124,120,112,21,20,44
12/04/2014,113,103,110,16,13,42
12/04/2014,103,115,108,12,18,39
12/04/2014,121,120,126,20,20,63
12/04/2014,93,88,94,8,7,25
12/04/2014,95,115,118,9,18,52
12/04/2014,108,101,103,14,12,34
12/04/2014,110,105,118,15,14,52
12/04/2014,124,107,121,21,15,56
12/04/2014,108,96,96,14,10,27
12/04/2014,121,103,118,20,13,52
12/04/2014,117,101,119,18,12,53
12/04/2014,110,120,104,15,20,35
12/04/2014,90,101,105,7,12,36
12/04/2014,103,105,112,12,14,44
12/04/2014,106,103,104,13,13,35
12/04/2014,117,115,120,18,18,54
12/04/2014,124,123,133,21,21,70
12/04/2014,113,123,110,16,21,42
12/04/2014,83,69,89,5,0,21
12/04/2014,101,103,104,11,13,35
12/04/2014,106,110,105,13,16,36
12/04/2014,121,115,125,20,18,62
12/04/2014,103,91,87,12,8,20
12/04/2014,121,117,114,20,19,46
12/04/2014,110,105,108,15,14,39
12/04/2014,106,94,115,13,9,48
12/04/2014,113,96,99,16,10,30
12/04/2014,110,117,117,15,19,50
12/04/2014,108,107,104,14,15,35
12/04/2014,124,101,111,21,12,43
12/04/2014,110,110,120,15,16,55
12/04/2014,117,110,112,18,16,44
12/04/2014,133,110,140,23,16,75
12/04/2014,124,126,130,21,22,68
12/04/2014,133,112,125,23,17,62
12/04/2014,133,115,121,23,18,56
12/04/2014,110,131,121,15,23,56
12/04/2014,117,117,118,18,19,52
12/04/2014,119,131,131,19,23,69
12/04/2014,133,126,126,23,22,63
12/04/2014,141,117,131,25,19,69
12/04/2014,138,141,137,24,25,73
12/04/2014,93,96,100,8,10,31
12/04/2014,138,123,134,24,21,71
12/04/2014,115,126,125,17,22,62
12/04/2014,101,103,110,11,13,42
12/04/2014,95,112,103,9,17,34
12/04/2014,115,110,120,17,16,54
12/04/2014,121,94,118,20,9,51
12/04/2014,93,82,87,8,5,20
12/04/2014,108,94,107,14,9,38
12/04/2014,115,126,107,17,22,38
12/04/2014,110,107,121,15,15,56
12/04/2014,133,131,135,23,23,72
12/04/2014,110,91,109,15,8,41
12/04/2014,101,99,89,11,11,21
12/04/2014,108,115,121,14,18,57
12/04/2014,103,117,126,12,19,64
12/04/2014,87,91,81,6,8,16
12/04/2014,101,107,112,11,15,44
12/04/2014,113,110,122,16,16,58
12/04/2014,79,71,106,4,2,37
12/04/2014,90,88,93,7,7,24
12/04/2014,90,94,94,7,9,25
12/04/2014,93,91,103,8,8,34
12/04/2014,87,94,75,6,9,13
12/04/2014,117,101,110,18,12,42
12/04/2014,106,107,118,13,15,51
12/04/2014,83,94,95,5,9,26
12/04/2014,103,115,127,12,18,65
19/04/2014,115,105,116,17,14,49
19/04/2014,113,120,133,16,20,70
19/04/2014,115,141,122,17,26,58
19/04/2014,101,96,111,11,10,43
19/04/2014,124,131,130,21,23,68
19/04/2014,133,138,133,23,24,70
19/04/2014,115,105,120,17,14,55
19/04/2014,133,126,129,23,22,67
19/04/2014,141,123,135,25,21,72
19/04/2014,128,126,134,22,22,71
19/04/2014,110,120,113,15,20,45
19/04/2014,115,99,106,17,11,37
19/04/2014,106,88,101,13,7,32
19/04/2014,106,99,105,13,11,36
19/04/2014,95,101,108,9,12,39
19/04/2014,106,91,96,13,8,27
19/04/2014,95,115,102,9,18,33
19/04/2014,113,138,109,16,24,41
19/04/2014,119,126,125,19,22,62
19/04/2014,93,99,99,8,11,30
19/04/2014,115,126,122,17,22,59
19/04/2014,79,101,110,4,12,42
19/04/2014,87,103,95,6,13,26
19/04/2014,128,123,126,22,21,64
19/04/2014,103,105,101,12,14,32
19/04/2014,103,101,107,12,12,38
19/04/2014,90,91,107,7,8,38
19/04/2014,99,99,101,10,11,32
19/04/2014,121,141,120,20,25,55
19/04/2014,113,110,103,16,16,34
19/04/2014,90,99,106,7,11,37
19/04/2014,90,110,118,7,16,52
19/04/2014,108,94,105,14,9,36
19/04/2014,110,110,115,15,16,47
19/04/2014,99,88,98,10,7,29
19/04/2014,128,131,131,22,23,69
19/04/2014,115,107,116,17,15,49
19/04/2014,101,110,109,11,16,41
19/04/2014,106,101,97,13,12,28
19/04/2014,69,71,69,0,2,0
19/04/2014,121,115,118,20,18,51
19/04/2014,128,117,128,22,19,66
19/04/2014,113,120,118,16,20,51
19/04/2014,128,131,126,22,23,64
19/04/2014,95,105,107,9,14,38
19/04/2014,121,138,135,20,24,72
19/04/2014,87,105,103,6,14,34
19/04/2014,87,96,87,6,10,20
19/04/2014,106,107,108,13,15,39
19/04/2014,138,120,126,24,20,63
19/04/2014,124,141,126,21,25,63
19/04/2014,110,103,113,15,13,45
19/04/2014,106,107,113,13,15,45
19/04/2014,93,103,98,8,13,29
19/04/2014,117,107,108,18,15,39
19/04/2014,128,126,130,22,22,68
19/04/2014,138,141,141,24,25,77
19/04/2014,119,123,129,19,21,67
19/04/2014,119,120,116,19,20,49
19/04/2014,141,120,131,25,20,69
19/04/2014,110,110,111,15,16,43
19/04/2014,115,107,131,17,15,69
19/04/2014,103,120,128,12,20,66
19/04/2014,133,112,134,23,17,71
19/04/2014,124,131,129,21,23,67
19/04/2014,95,96,100,9,10,31
19/04/2014,121,138,126,20,24,63
19/04/2014,128,123,133,22,21,70
19/04/2014,117,110,127,18,16,65
19/04/2014,121,107,121,20,15,57
19/04/2014,90,91,86,7,8,19
19/04/2014,119,141,128,19,25,66
19/04/2014,93,117,103,8,19,34
19/04/2014,117,110,120,18,16,54
19/04/2014,119,138,135,19,24,72
19/04/2014,113,112,104,16,17,35
19/04/2014,103,115,110,12,18,42
19/04/2014,103,117,107,12,19,38
19/04/2014,121,123,126,20,21,64
19/04/2014,93,107,104,8,15,35
19/04/2014,113,107,108,16,15,40
19/04/2014,83,79,87,5,4,20
19/04/2014,103,88,101,12,7,32
19/04/2014,117,126,128,18,22,66
19/04/2014,110,107,118,15,15,51
19/04/2014,110,107,126,15,15,64
19/04/2014,95,103,100,9,13,31
19/04/2014,99,99,105,10,11,36
19/04/2014,99,123,122,10,21,59
19/04/2014,113,103,108,16,13,40
19/04/2014,103,96,97,12,10,28
19/04/2014,79,91,96,4,8,27
19/04/2014,108,107,120,14,15,54
19/04/2014,115,123,121,17,21,57
19/04/2014,106,112,115,13,17,48
19/04/2014,138,117,127,24,19,65
19/04/2014,115,110,117,17,16,50
19/04/2014,108,103,110,14,13,42
19/04/2014,103,105,95,12,14,26
19/04/2014,93,101,90,8,12,22
19/04/2014,99,131,111,10,23,43
19/04/2014,93,105,108,8,14,40
19/04/2014,138,138,129,24,24,67
19/04/2014,121,117,126,20,19,63
19/04/2014,106,112,119,13,17,53
19/04/2014,115,101,118,17,12,52
19/04/2014,113,107,112,16,15,44
19/04/2014,128,123,114,22,21,46
19/04/2014,133,141,140,23,25,75
19/04/2014,117,105,122,18,14,58
19/04/2014,113,117,117,16,19,50
19/04/2014,128,123,122,22,21,58
19/04/2014,124,126,131,21,22,69
19/04/2014,124,126,135,21,22,72
19/04/2014,99,101,109,10,12,41
19/04/2014,106,91,103,13,8,34
19/04/2014,108,105,94,14,14,25
19/04/2014,79,75,96,4,3,27
19/04/2014,83,88,87,5,7,20
19/04/2014,69,82,87,2,5,20
19/04/2014,106,103,112,13,13,44
19/04/2014,101,91,83,11,8,17
19/04/2014,119,103,119,19,13,53
19/04/2014,87,82,89,6,5,21
19/04/2014,108,117,107,14,19,38
19/04/2014,95,105,106,9,14,37
19/04/2014,110,117,114,15,19,46
19/04/2014,106,117,115,13,19,48
19/04/2014,93,85,113,8,6,45
19/04/2014,113,131,117,16,23,50
19/04/2014,117,131,123,18,23,60
19/04/2014,124,126,130,21,22,68
19/04/2014,108,126,119,14,22,53
19/04/2014,106,115,114,13,18,46
19/04/2014,95,115,118,9,18,51
19/04/2014,108,112,113,14,17,45
19/04/2014,115,120,118,17,20,52
19/04/2014,110,105,95,15,14,26
19/04/2014,83,88,81,5,7,16
19/04/2014,113,101,110,16,12,42
19/04/2014,113,107,121,16,15,57
19/04/2014,133,126,126,23,22,64
19/04/2014,106,99,121,13,11,56
19/04/2014,141,141,141,25,25,76
19/04/2014,108,107,116,14,15,49
19/04/2014,115,120,124,17,20,61
19/04/2014,103,94,115,12,9,48
19/04/2014,128,131,130,22,23,68
19/04/2014,124,101,121,21,12,57
19/04/2014,124,123,123,21,21,60
19/04/2014,113,103,116,16,13,49
19/04/2014,119,141,122,19,25,58
19/04/2014,108,101,101,14,12,32
19/04/2014,119,112,120,19,17,55
19/04/2014,108,105,93,14,14,24
19/04/2014,108,117,121,14,19,57
19/04/2014,74,91,83,3,8,17
19/04/2014,117,112,113,18,17,45
19/04/2014,108,103,102,14,13,33
19/04/2014,79,85,101,4,6,32
19/04/2014,108,107,116,14,15,49
19/04/2014,103,101,95,12,12,26
19/04/2014,113,123,103,16,21,34
19/04/2014,106,96,109,13,10,41
19/04/2014,115,103,126,17,13,64
19/04/2014,108,126,103,14,22,34
19/04/2014,113,112,126,16,17,63
19/04/2014,93,96,86,8,10,19
19/04/2014,83,94,97,5,9,28
19/04/2014,108,107,102,14,15,33
19/04/2014,103,107,120,12,15,55
19/04/2014,95,91,101,9,8,32
19/04/2014,108,120,116,14,20,49
19/04/2014,110,112,120,15,17,54
19/04/2014,110,110,115,15,16,48
19/04/2014,106,117,106,13,19,37
19/04/2014,108,110,118,14,16,51
19/04/2014,110,123,130,15,21,68
19/04/2014,113,105,121,16,14,56
19/04/2014,108,117,110,14,19,42
19/04/2014,124,120,134,21,20,71
19/04/2014,113,110,115,16,16,48
19/04/2014,93,91,97,8,8,28
19/04/2014,121,123,121,20,21,57
19/04/2014,115,131,122,17,23,59
19/04/2014,121,110,111,20,16,43
19/04/2014,101,107,102,11,15,33
19/04/2014,95,82,89,9,5,21
19/04/2014,117,138,126,18,24,63
19/04/2014,124,126,135,21,22,72
19/04/2014,119,107,115,19,15,47
19/04/2014,87,94,80,6,9,15
19/04/2014,128,131,129,22,23,67
19/04/2014,99,123,97,10,21,28
19/04/2014,121,112,123,20,17,60
19/04/2014,110,103,122,15,13,58
19/04/2014,93,96,105,8,10,36
19/04/2014,117,101,134,18,12,71
19/04/2014,119,105,114,19,14,46
19/04/2014,90,101,96,7,12,27
19/04/2014,101,110,106,11,16,37
19/04/2014,115,117,116,17,19,49
19/04/2014,87,112,105,6,17,36
19/04/2014,124,112,118,21,17,51
19/04/2014,101,99,109,11,11,41
19/04/2014,115,117,113,17,19,45
19/04/2014,113,123,117,16,21,50
19/04/2014,119,105,124,19,14,61
19/04/2014,87,103,100,6,13,31
19/04/2014,113,99,114,16,11,46
19/04/2014,108,131,119,14,23,53
19/04/2014,95,88,99,9,7,30
19/04/2014,103,105,102,12,14,33
19/04/2014,101,85,98,11,6,29
19/04/2014,101,120,120,11,20,54
19/04/2014,113,115,110,16,18,42
19/04/2014,128,123,125,22,21,62
19/04/2014,128,115,114,22,18,46
19/04/2014,110,99,111,15,11,43
19/04/2014,119,123,134,19,21,71
19/04/2014,119,105,122,19,14,58
19/04/2014,95,105,105,9,14,36
19/04/2014,115,123,115,17,21,48
19/04/2014,90,82,86,7,5,19
19/04/2014,103,99,111,12,11,43
19/04/2014,108,110,97,14,16,28
19/04/2014,113,115,121,16,18,56
19/04/2014,113,112,121,16,17,57
19/04/2014,117,101,111,18,12,43
19/04/2014,113,101,110,16,12,42
19/04/2014,74,82,99,3,5,30
19/04/2014,106,115,108,13,18,40
19/04/2014,99,94,96,10,9,27
19/04/2014,108,107,104,14,15,35
19/04/2014,119,115,125,19,18,62
19/04/2014,103,107,106,12,15,37
19/04/2014,106,103,112,13,13,44
19/04/2014,110,103,113,15,13,45
19/04/2014,108,99,108,14,11,40
19/04/2014,124,138,121,21,24,57
19/04/2014,106,117,121,13,19,57
19/04/2014,113,112,126,16,17,64
19/04/2014,93,96,99,8,10,30
19/04/2014,128,141,128,22,25,66
19/04/2014,121,126,118,20,22,51
19/04/2014,113,115,110,16,18,42
19/04/2014,95,94,96,9,9,27
19/04/2014,99,96,106,10,10,37
19/04/2014,99,94,86,10,9,19
19/04/2014,119,123,126,19,21,64
19/04/2014,93,105,99,8,14,30
19/04/2014,113,123,109,16,21,41
19/04/2014,106,131,118,13,23,52
19/04/2014,115,123,122,17,21,59
19/04/2014,121,112,122,20,17,59
19/04/2014,89,96,110,7,10,43
19/04/2014,110,126,107,15,22,38
19/04/2014,99,110,108,10,16,39
19/04/2014,115,112,112,17,17,44
19/04/2014,103,110,120,12,16,54
19/04/2014,128,117,122,22,19,59
19/04/2014,115,110,126,17,16,63
19/04/2014,113,105,116,16,14,49
19/04/2014,133,131,122,23,23,59
19/04/2014,108,126,106,14,22,37
19/04/2014,93,103,99,8,13,30
19/04/2014,99,112,120,10,17,54
19/04/2014,121,117,126,20,19,64
19/04/2014,108,103,118,14,13,52
19/04/2014,113,107,124,16,15,61
19/04/2014,99,112,90,10,17,22
19/04/2014,95,88,94,9,7,25
19/04/2014,99,103,102,10,13,33
19/04/2014,106,91,117,13,8,50
19/04/2014,113,110,121,16,16,57
19/04/2014,110,99,114,15,11,46
19/04/2014,69,94,77,1,9,14
19/04/2014,119,120,103,19,20,34
19/04/2014,121,105,121,20,14,56
19/04/2014,117,110,120,18,16,54
19/04/2014,119,131,116,19,23,49
19/04/2014,103,105,110,12,14,42
19/04/2014,133,123,123,23,21,60
19/04/2014,95,96,104,9,10,35
19/04/2014,103,117,118,12,19,51
19/04/2014,95,91,98,9,8,29
19/04/2014,99,105,93,10,14,24
19/04/2014,115,123,130,17,21,68
19/04/2014,93,105,102,8,14,33
19/04/2014,115,131,115,17,23,48
19/04/2014,115,91,120,17,8,54
19/04/2014,99,115,114,10,18,46
19/04/2014,103,101,95,12,12,26
19/04/2014,99,99,108,10,11,40
19/04/2014,108,107,106,14,15,37
19/04/2014,115,101,109,17,12,41
19/04/2014,69,99,98,2,11,29
19/04/2014,124,117,125,21,19,62
19/04/2014,101,117,121,11,19,56
19/04/2014,121,120,119,20,20,53
19/04/2014,93,110,104,8,16,35
26/04/2014,117,107,115,18,15,48
26/04/2014,93,107,107,8,15,38
26/04/2014,74,94,89,3,9,21
26/04/2014,90,115,111,7,18,43
26/04/2014,128,115,130,22,18,68
26/04/2014,121,131,137,20,23,73
26/04/2014,138,112,129,24,17,67
26/04/2014,113,105,113,16,14,45
26/04/2014,103,88,109,12,7,41
26/04/2014,124,117,130,21,19,68
26/04/2014,128,138,129,22,24,67
26/04/2014,124,141,123,21,25,60
26/04/2014,83,88,84,5,7,18
26/04/2014,103,94,100,12,9,31
26/04/2014,110,110,115,15,16,48
26/04/2014,124,120,125,21,20,62
26/04/2014,74,112,99,3,17,30
26/04/2014,113,99,107,16,11,38
26/04/2014,93,96,107,8,10,38
26/04/2014,83,99,93,5,11,24
26/04/2014,95,103,99,9,13,30
26/04/2014,108,96,101,14,10,32
26/04/2014,113,105,107,16,14,38
26/04/2014,124,110,104,21,16,35
26/04/2014,133,126,131,23,22,69
26/04/2014,117,117,118,18,19,52
26/04/2014,119,126,131,19,22,69
26/04/2014,69,71,87,1,2,20
26/04/2014,101,123,109,11,21,41
26/04/2014,101,107,100,11,15,31
26/04/2014,95,99,97,9,11,28
26/04/2014,117,123,121,18,21,57
26/04/2014,117,120,122,18,20,59
26/04/2014,108,105,109,14,14,41
26/04/2014,87,96,86,6,10,19
26/04/2014,83,88,111,5,7,43
26/04/2014,69,71,89,1,2,21
26/04/2014,128,110,122,22,16,59
26/04/2014,87,91,102,6,8,33
26/04/2014,128,131,124,22,23,61
26/04/2014,117,99,116,18,11,49
26/04/2014,106,117,105,13,19,36
26/04/2014,117,115,107,18,18,38
26/04/2014,95,88,95,9,7,26
26/04/2014,95,101,108,9,12,40
26/04/2014,110,107,121,15,15,57
26/04/2014,110,88,108,15,7,40
26/04/2014,79,88,96,4,7,27
26/04/2014,108,120,117,14,20,50
26/04/2014,106,94,106,13,9,37
26/04/2014,128,117,122,22,19,59
26/04/2014,124,105,110,21,14,42
26/04/2014,93,85,97,8,6,28
26/04/2014,115,112,118,17,17,52
26/04/2014,93,110,95,8,16,26
26/04/2014,128,123,134,22,21,71
26/04/2014,113,126,122,16,22,58
26/04/2014,99,99,101,10,11,32
26/04/2014,138,126,138,24,22,74
26/04/2014,110,99,109,15,11,41
26/04/2014,124,120,121,21,20,57
26/04/2014,138,123,126,24,21,64
26/04/2014,115,112,121,17,17,56
26/04/2014,124,131,123,21,23,60
26/04/2014,108,115,120,14,18,54
26/04/2014,138,131,135,24,23,72
26/04/2014,121,126,121,20,22,56
26/04/2014,117,105,115,18,14,47
26/04/2014,108,117,112,14,19,44
26/04/2014,133,117,118,23,19,51
26/04/2014,124,120,130,21,20,68
26/04/2014,124,138,122,21,24,58
26/04/2014,115,110,121,17,16,57
26/04/2014,103,103,108,12,13,40
26/04/2014,101,110,108,11,16,39
26/04/2014,115,117,110,17,19,42
26/04/2014,119,138,111,19,24,43
26/04/2014,119,117,118,19,19,52
26/04/2014,79,85,83,4,6,17
26/04/2014,101,94,96,11,9,27
26/04/2014,101,107,111,11,15,43
26/04/2014,90,71,96,7,2,27
26/04/2014,83,110,91,5,16,23
26/04/2014,113,88,95,16,7,26
26/04/2014,121,120,127,20,20,65
26/04/2014,101,96,84,11,10,18
26/04/2014,106,96,95,13,10,26
26/04/2014,103,117,110,12,19,42
26/04/2014,119,112,116,19,17,49
26/04/2014,128,141,127,22,25,65
26/04/2014,110,85,107,15,6,38
26/04/2014,108,96,98,14,10,29
26/04/2014,108,101,104,14,12,35
26/04/2014,106,107,122,13,15,58
26/04/2014,87,99,104,6,11,35
26/04/2014,90,96,94,7,10,25
26/04/2014,128,112,120,22,17,55
26/04/2014,95,101,94,9,12,25
26/04/2014,113,110,105,16,16,36
26/04/2014,90,82,93,7,5,24
26/04/2014,128,117,128,22,19,66
26/04/2014,108,101,102,14,12,33
26/04/2014,133,120,128,23,20,66
26/04/2014,119,117,130,19,19,68
26/04/2014,101,110,103,11,16,34
26/04/2014,133,141,133,23,25,70
26/04/2014,128,126,141,22,22,76
26/04/2014,117,112,126,18,17,64
26/04/2014,110,96,121,15,10,56
26/04/2014,119,107,126,19,15,63
26/04/2014,79,85,72,4,6,12
26/04/2014,79,101,99,4,12,30
26/04/2014,93,101,89,8,12,21
26/04/2014,110,126,121,15,22,57
26/04/2014,90,91,86,7,8,19
26/04/2014,117,101,106,18,12,37
26/04/2014,138,126,116,24,22,49
26/04/2014,99,110,118,10,16,51
26/04/2014,103,110,107,12,16,38
26/04/2014,99,99,87,10,11,20
26/04/2014,106,91,109,13,8,41
26/04/2014,99,96,95,10,10,26
26/04/2014,74,94,94,3,9,25
26/04/2014,115,115,116,17,18,49
26/04/2014,99,115,103,10,18,34
26/04/2014,101,82,89,11,5,21
26/04/2014,90,99,96,7,11,27
26/04/2014,113,99,120,16,11,54
26/04/2014,87,105,108,6,14,40
26/04/2014,99,103,110,10,13,42
26/04/2014,103,103,106,12,13,37
26/04/2014,93,112,108,8,17,39
26/04/2014,99,115,106,10,18,37
26/04/2014,83,101,89,5,12,21
26/04/2014,121,115,124,20,18,61
26/04/2014,74,99,99,3,11,30
26/04/2014,124,138,133,21,24,70
26/04/2014,108,101,109,14,12,41
26/04/2014,108,120,118,14,20,51
26/04/2014,90,110,104,7,16,35
26/04/2014,110,115,120,15,18,55
26/04/2014,87,88,99,6,7,30
26/04/2014,83,88,89,5,7,21
26/04/2014,93,94,91,8,9,23
26/04/2014,101,99,104,11,11,35
26/04/2014,93,91,100,8,8,31
26/04/2014,103,96,102,12,10,33
26/04/2014,113,105,107,16,14,38
26/04/2014,117,112,117,18,17,50
26/04/2014,138,131,135,24,23,72
26/04/2014,117,101,118,18,12,51
26/04/2014,108,101,130,14,12,68
26/04/2014,128,126,128,22,22,66
26/04/2014,113,103,126,16,13,64
26/04/2014,121,123,116,20,21,49
26/04/2014,117,110,125,18,16,62
26/04/2014,121,120,116,20,20,49
26/04/2014,113,91,119,16,8,53
26/04/2014,108,112,117,14,17,50
26/04/2014,117,107,125,18,15,62
26/04/2014,108,103,119,14,13,53
26/04/2014,119,103,115,19,13,47
26/04/2014,119,105,124,19,14,61
26/04/2014,117,107,116,18,15,49
26/04/2014,138,138,140,24,24,75
26/04/2014,113,131,114,16,23,46
26/04/2014,99,94,106,10,9,37
26/04/2014,95,85,101,9,6,32
26/04/2014,106,79,80,13,4,15
26/04/2014,99,115,111,10,18,43
26/04/2014,108,101,100,14,12,31
26/04/2014,128,141,127,22,25,65
26/04/2014,99,112,110,10,17,42
26/04/2014,101,99,93,11,11,24
26/04/2014,119,117,117,19,19,50
26/04/2014,106,117,111,13,19,43
26/04/2014,103,110,114,12,16,46
26/04/2014,110,115,118,15,18,52
26/04/2014,113,105,106,16,14,37
26/04/2014,90,82,97,7,5,28
26/04/2014,103,99,95,12,11,26
26/04/2014,124,123,126,21,21,63
26/04/2014,108,115,118,14,18,52
26/04/2014,83,85,91,5,6,23
26/04/2014,110,112,95,15,17,26
26/04/2014,124,120,123,21,20,60
26/04/2014,115,138,123,17,24,60
26/04/2014,95,115,121,9,18,56
26/04/2014,87,101,109,6,12,41
26/04/2014,99,105,103,10,14,34
26/04/2014,108,120,115,14,20,48
26/04/2014,90,117,104,7,19,35
26/04/2014,103,105,120,12,14,55
26/04/2014,101,99,107,11,11,38
26/04/2014,106,85,107,13,6,38
26/04/2014,133,138,131,23,24,69
26/04/2014,103,117,122,12,19,58
26/04/2014,87,99,87,6,11,20
26/04/2014,121,112,109,20,17,41
26/04/2014,83,75,77,5,3,14
26/04/2014,121,138,130,20,24,68
26/04/2014,110,117,120,15,19,54
26/04/2014,108,120,108,14,20,39
26/04/2014,110,91,101,15,8,32
26/04/2014,90,96,108,7,10,40
26/04/2014,108,105,118,14,14,51
26/04/2014,119,112,121,19,17,56
26/04/2014,128,123,128,22,21,66
26/04/2014,119,107,117,19,15,50
26/04/2014,119,103,115,19,13,47
26/04/2014,101,99,115,11,11,47
26/04/2014,119,112,124,19,17,61
26/04/2014,117,110,113,18,16,45
26/04/2014,108,85,102,14,6,33
26/04/2014,115,101,109,17,12,41
26/04/2014,121,107,128,20,15,66
26/04/2014,106,107,120,13,15,55
26/04/2014,115,112,118,17,17,52
26/04/2014,133,110,112,23,16,44
26/04/2014,117,105,112,18,14,44
26/04/2014,141,126,125,25,22,62
26/04/2014,113,117,114,16,19,46
26/04/2014,106,112,115,13,17,47
26/04/2014,128,131,141,22,23,76
26/04/2014,106,110,116,13,16,49
26/04/2014,121,120,125,20,20,62
26/04/2014,113,123,120,16,21,55
26/04/2014,83,82,83,5,5,17
26/04/2014,99,103,100,10,13,31
26/04/2014,87,96,75,6,10,13
26/04/2014,95,103,114,9,13,46
26/04/2014,106,103,108,13,13,39
26/04/2014,101,101,103,11,12,34
26/04/2014,83,79,91,5,4,23
26/04/2014,108,120,125,14,20,62
26/04/2014,113,120,127,16,20,65
26/04/2014,106,94,114,13,9,46
26/04/2014,87,101,98,6,12,29
26/04/2014,90,79,86,7,4,19
26/04/2014,99,110,117,10,16,50
26/04/2014,95,99,84,9,11,18
26/04/2014,106,107,104,13,15,35
26/04/2014,95,123,113,9,21,45
26/04/2014,108,99,108,14,11,40
26/04/2014,108,107,120,14,15,54
26/04/2014,110,94,103,15,9,34
26/04/2014,117,123,118,18,21,52
26/04/2014,113,101,118,16,12,52
26/04/2014,124,117,120,21,19,54
26/04/2014,133,107,117,23,15,50
26/04/2014,128,115,110,22,18,42
26/04/2014,108,107,117,14,15,50
26/04/2014,121,123,125,20,21,62
26/04/2014,110,107,109,15,15,41
26/04/2014,93,99,100,8,11,31
26/04/2014,138,120,128,24,20,66
26/04/2014,115,123,112,17,21,44
26/04/2014,93,103,90,8,13,22
26/04/2014,119,103,109,19,13,41
26/04/2014,87,82,110,6,5,42
26/04/2014,117,112,120,18,17,54
26/04/2014,113,117,113,16,19,45
26/04/2014,110,110,108,15,16,39
26/04/2014,108,112,120,14,17,54
26/04/2014,93,96,89,8,10,21
26/04/2014,108,101,112,14,12,44
26/04/2014,93,105,104,8,14,35
26/04/2014,115,138,122,17,24,59
26/04/2014,106,115,108,13,18,40
26/04/2014,121,103,122,20,13,59
26/04/2014,103,120,110,12,20,42
26/04/2014,87,117,97,6,19,28
26/04/2014,103,105,113,12,14,45
26/04/2014,113,82,120,16,5,55
26/04/2014,83,112,108,5,17,39
26/04/2014,90,101,105,7,12,36
26/04/2014,110,91,113,15,8,45
26/04/2014,110,101,108,15,12,39
26/04/2014,115,131,121,17,23,57
26/04/2014,119,115,130,19,18,68
26/04/2014,133,138,138,23,24,74
26/04/2014,115,126,124,17,22,61
26/04/2014,138,138,138,24,24,74
26/04/2014,115,110,129,17,16,67
26/04/2014,121,126,93,20,22,24
26/04/2014,113,105,111,16,14,43
26/04/2014,106,96,115,13,10,47
26/04/2014,117,126,128,18,22,66
26/04/2014,103,101,91,12,12,23
26/04/2014,128,117,133,22,19,70
26/04/2014,138,138,138,24,24,74
26/04/2014,141,107,119,25,15,53
26/04/2014,141,115,111,25,18,43
26/04/2014,124,120,108,21,20,40
26/04/2014,113,115,109,16,18,41
26/04/2014,108,96,108,14,10,40
26/04/2014,121,120,123,20,20,60
26/04/2014,90,103,97,7,13,28
26/04/2014,117,105,112,18,14,44
26/04/2014,119,112,121,19,17,57
26/04/2014,90,96,100,7,10,31
26/04/2014,106,110,117,13,16,50
26/04/2014,95,94,100,9,9,31
26/04/2014,103,85,117,12,6,50
26/04/2014,124,126,130,21,22,68
26/04/2014,110,110,100,15,16,31
26/04/2014,115,131,121,17,23,57
26/04/2014,95,110,115,9,16,48
26/04/2014,115,115,107,17,18,38
26/04/2014,113,117,135,16,19,72
26/04/2014,93,82,98,8,5,29
26/04/2014,99,85,109,10,6,41
26/04/2014,108,96,120,14,10,55
26/04/2014,106,110,101,13,16,32
26/04/2014,110,103,118,15,13,52
26/04/2014,121,115,124,20,18,61
26/04/2014,108,99,100,14,11,31
26/04/2014,95,91,108,9,8,40
26/04/2014,110,123,105,15,21,36
26/04/2014,110,117,120,15,19,54
26/04/2014,108,94,115,14,9,48
26/04/2014,103,96,104,12,10,35
26/04/2014,124,115,125,21,18,62
26/04/2014,99,85,98,10,6,29
26/04/2014,95,126,112,9,22,44
26/04/2014,99,112,111,10,17,43
26/04/2014,121,112,123,20,17,60
26/04/2014,119,115,129,19,18,67
26/04/2014,113,117,105,16,19,36
26/04/2014,110,91,104,15,8,35
26/04/2014,115,105,118,17,14,51
26/04/2014,124,120,131,21,20,69
26/04/2014,117,141,122,18,25,59
26/04/2014,133,123,130,23,21,68
03/05/2014,115,94,108,17,9,40
03/05/2014,124,123,118,21,21,51
03/05/2014,115,105,115,17,14,48
03/05/2014,108,99,109,14,11,41
03/05/2014,106,94,96,13,9,27
03/05/2014,133,120,127,23,20,65
03/05/2014,117,117,122,18,19,58
03/05/2014,133,138,123,23,24,60
03/05/2014,115,103,118,17,13,52
03/05/2014,93,123,97,8,21,28
03/05/2014,138,123,126,24,21,63
03/05/2014,138,126,124,24,22,61
03/05/2014,69,82,75,2,5,13
03/05/2014,106,115,104,13,18,35
03/05/2014,95,115,99,9,18,30
03/05/2014,108,101,112,14,12,44
03/05/2014,121,123,129,20,21,67
03/05/2014,79,91,80,4,8,15
03/05/2014,103,107,114,12,15,46
03/05/2014,106,110,109,13,16,41
03/05/2014,117,105,109,18,14,41
03/05/2014,103,94,105,12,9,36
03/05/2014,93,88,99,8,7,30
03/05/2014,99,88,93,10,7,24
03/05/2014,113,120,121,16,20,57
03/05/2014,83,88,95,5,7,26
03/05/2014,124,112,120,21,17,55
03/05/2014,87,85,90,6,6,22
03/05/2014,74,96,110,3,10,42
03/05/2014,121,110,118,20,16,51
03/05/2014,93,71,83,8,2,17
03/05/2014,138,117,123,24,19,60
03/05/2014,138,138,134,24,24,71
03/05/2014,113,123,125,16,21,62
03/05/2014,106,82,98,13,5,29
03/05/2014,101,120,110,11,20,42
03/05/2014,93,94,89,8,9,21
03/05/2014,110,103,121,15,13,56
03/05/2014,115,110,110,17,16,42
03/05/2014,87,88,108,6,7,39
03/05/2014,74,94,99,3,9,30
03/05/2014,69,99,112,2,11,44
03/05/2014,121,126,127,20,22,65
03/05/2014,83,105,96,5,14,27
03/05/2014,108,105,112,14,14,44
03/05/2014,101,91,105,11,8,36
03/05/2014,128,126,130,22,22,68
03/05/2014,113,99,120,16,11,55
03/05/2014,110,103,118,15,13,52
03/05/2014,69,85,69,2,6,5
03/05/2014,103,107,118,12,15,52
03/05/2014,119,103,114,19,13,46
03/05/2014,119,117,118,19,19,52
03/05/2014,138,141,135,24,25,72
03/05/2014,138,131,117,24,23,50
03/05/2014,121,120,122,20,20,58
03/05/2014,113,110,118,16,16,51
03/05/2014,87,103,97,6,13,28
03/05/2014,93,110,101,8,16,32
03/05/2014,69,82,93,2,5,24
03/05/2014,93,91,100,8,8,31
03/05/2014,103,107,110,12,15,42
03/05/2014,113,101,108,16,12,39
03/05/2014,133,141,126,23,26,63
03/05/2014,101,105,111,11,14,43
03/05/2014,99,94,98,10,9,29
03/05/2014,99,117,110,10,19,42
03/05/2014,101,107,103,11,15,34
03/05/2014,110,105,109,15,14,41
03/05/2014,90,88,91,7,7,23
03/05/2014,101,82,97,11,5,28
03/05/2014,119,120,124,19,20,61
03/05/2014,99,117,98,10,19,29
03/05/2014,87,82,91,6,5,23
03/05/2014,93,110,98,8,16,29
03/05/2014,103,79,84,12,4,18
03/05/2014,90,99,109,7,11,41
03/05/2014,101,123,118,11,21,52
03/05/2014,106,103,114,13,13,46
03/05/2014,110,103,115,15,13,48
03/05/2014,93,91,95,8,8,26
03/05/2014,99,96,110,10,10,42
03/05/2014,101,99,101,11,11,32
03/05/2014,110,131,115,15,23,47
03/05/2014,121,126,121,20,22,56
03/05/2014,115,110,128,17,16,66
03/05/2014,115,101,117,17,12,50
03/05/2014,124,138,122,21,24,59
03/05/2014,133,120,128,23,20,66
03/05/2014,101,131,117,11,23,50
03/05/2014,138,138,121,24,24,57
03/05/2014,117,110,108,18,16,40
03/05/2014,119,115,120,19,18,55
03/05/2014,113,115,111,16,18,43
03/05/2014,115,112,98,17,17,29
03/05/2014,119,117,121,19,19,56
03/05/2014,115,117,118,17,19,51
03/05/2014,128,120,125,22,20,62
03/05/2014,106,112,118,13,17,51
03/05/2014,113,115,122,16,18,58
03/05/2014,103,103,115,12,13,47
03/05/2014,115,99,99,17,11,30
03/05/2014,128,126,131,22,22,69
03/05/2014,121,107,114,20,15,46
03/05/2014,110,117,125,15,19,62
03/05/2014,87,94,112,6,9,44
03/05/2014,106,101,117,13,12,50
03/05/2014,115,123,102,17,21,33
03/05/2014,119,117,127,19,19,65
03/05/2014,108,99,108,14,11,40
03/05/2014,113,120,108,16,20,40
03/05/2014,108,120,111,14,20,43
03/05/2014,119,99,116,19,11,49
03/05/2014,108,88,112,14,7,44
03/05/2014,110,105,106,15,14,37
03/05/2014,124,126,129,21,22,67
03/05/2014,103,112,122,12,17,58
03/05/2014,93,71,98,8,2,29
03/05/2014,95,75,91,9,3,23
03/05/2014,121,131,116,20,23,49
03/05/2014,103,91,106,12,8,37
03/05/2014,115,120,118,17,20,52
03/05/2014,79,94,90,4,9,22
03/05/2014,69,101,101,2,12,32
03/05/2014,74,79,77,3,4,14
03/05/2014,79,110,98,4,16,29
03/05/2014,95,115,115,9,18,47
03/05/2014,103,112,103,12,17,34
03/05/2014,101,117,102,11,19,33
03/05/2014,79,94,106,4,9,37
03/05/2014,101,126,120,11,22,55
03/05/2014,106,112,106,13,17,37
03/05/2014,106,112,122,13,17,58
03/05/2014,115,105,121,17,14,56
03/05/2014,115,126,126,17,22,64
03/05/2014,115,110,125,17,16,62
03/05/2014,99,96,94,10,10,25
03/05/2014,138,112,116,24,17,49
03/05/2014,108,105,105,14,14,36
03/05/2014,113,120,127,16,20,65
03/05/2014,117,131,126,18,23,64
03/05/2014,99,103,99,10,13,30
03/05/2014,93,103,95,8,13,26
03/05/2014,119,120,120,19,20,54
03/05/2014,101,103,115,11,13,47
03/05/2014,108,103,118,14,13,52
03/05/2014,90,105,105,7,14,36
03/05/2014,99,88,105,10,7,36
03/05/2014,124,112,124,21,17,61
03/05/2014,121,141,126,20,25,64
03/05/2014,106,138,123,13,24,60
03/05/2014,90,82,81,7,5,16
03/05/2014,101,99,101,11,11,32
03/05/2014,87,79,102,6,4,33
03/05/2014,93,105,94,8,14,25
03/05/2014,115,115,115,17,18,47
03/05/2014,115,103,117,17,13,50
03/05/2014,117,107,134,18,15,71
03/05/2014,113,105,118,16,14,52
03/05/2014,103,103,111,12,13,43
03/05/2014,133,131,122,23,23,59
03/05/2014,119,110,133,19,16,70
03/05/2014,128,103,125,22,13,62
03/05/2014,110,105,112,15,14,44
03/05/2014,108,105,115,14,14,47
03/05/2014,101,99,105,11,11,36
03/05/2014,124,126,129,21,22,67
03/05/2014,113,85,94,16,6,25
03/05/2014,138,138,134,24,24,71
03/05/2014,121,103,127,20,13,65
03/05/2014,115,126,123,17,22,60
03/05/2014,128,126,130,22,22,68
03/05/2014,138,123,124,24,21,61
03/05/2014,121,105,118,20,14,51
03/05/2014,103,115,118,12,18,51
03/05/2014,74,96,89,3,10,21
03/05/2014,83,105,105,5,14,36
03/05/2014,117,126,124,18,22,61
03/05/2014,110,105,103,15,14,34
03/05/2014,121,115,124,20,18,61
03/05/2014,133,117,126,23,19,64
03/05/2014,103,112,108,12,17,40
03/05/2014,124,141,128,21,25,66
03/05/2014,101,82,102,11,5,33
03/05/2014,83,94,108,5,9,39
03/05/2014,83,94,97,5,9,28
03/05/2014,99,94,100,10,9,31
03/05/2014,108,107,114,14,15,46
03/05/2014,110,120,121,15,20,56
03/05/2014,108,110,115,14,16,47
03/05/2014,101,107,101,11,15,32
03/05/2014,69,103,100,2,13,31
03/05/2014,115,131,121,17,23,57
03/05/2014,99,99,106,10,11,37
03/05/2014,83,103,103,5,13,34
03/05/2014,119,138,125,19,24,62
03/05/2014,95,88,95,9,7,26
03/05/2014,113,103,121,16,13,57
03/05/2014,108,99,93,14,11,24
03/05/2014,101,103,96,11,13,27
03/05/2014,110,120,121,15,20,57
03/05/2014,121,138,138,20,24,74
03/05/2014,101,91,108,11,8,39
03/05/2014,93,112,101,8,17,32
03/05/2014,138,138,141,24,24,78
03/05/2014,117,107,129,18,15,67
03/05/2014,103,105,103,12,14,34
03/05/2014,124,126,123,21,22,60
03/05/2014,115,103,123,17,13,60
03/05/2014,103,112,108,12,17,39
03/05/2014,95,112,111,9,17,43
03/05/2014,95,107,105,9,15,36
03/05/2014,138,120,130,24,20,68
03/05/2014,128,120,141,22,20,76
03/05/2014,124,115,126,21,18,63
03/05/2014,121,123,130,20,21,68
03/05/2014,108,110,117,14,16,50
03/05/2014,119,120,130,19,20,68
03/05/2014,115,99,107,17,11,38
03/05/2014,93,96,90,8,10,22
03/05/2014,90,91,109,7,8,41
03/05/2014,106,117,115,13,19,48
03/05/2014,124,120,125,21,20,62
03/05/2014,103,126,124,12,22,61
03/05/2014,101,94,97,11,9,28
03/05/2014,133,123,131,23,21,69
03/05/2014,133,131,130,23,23,68
03/05/2014,121,131,115,20,23,47
03/05/2014,113,110,123,16,16,60
03/05/2014,93,94,97,8,9,28
03/05/2014,83,79,94,5,4,25
03/05/2014,113,110,119,16,16,53
03/05/2014,95,112,98,9,17,29
03/05/2014,124,117,128,21,19,66
03/05/2014,128,117,126,22,19,63
03/05/2014,106,103,111,13,13,43
03/05/2014,124,123,127,21,21,65
03/05/2014,138,123,121,24,21,57
03/05/2014,108,117,125,14,19,62
03/05/2014,108,110,120,14,16,54
03/05/2014,117,110,115,18,16,48
03/05/2014,95,85,93,9,6,24
03/05/2014,106,112,103,13,17,34
03/05/2014,141,131,137,25,23,73
03/05/2014,138,138,127,24,24,65
03/05/2014,99,105,119,10,14,53
03/05/2014,103,94,118,12,9,52
03/05/2014,93,107,115,8,15,48
03/05/2014,99,105,102,10,14,33
03/05/2014,106,117,108,13,19,39
03/05/2014,115,101,106,17,12,37
03/05/2014,93,79,96,8,4,27
03/05/2014,90,85,96,7,6,27
03/05/2014,108,94,120,14,9,55
03/05/2014,83,91,90,5,8,22
03/05/2014,110,105,113,15,14,45
03/05/2014,106,117,120,13,19,54
03/05/2014,141,141,140,25,25,75
03/05/2014,103,110,113,12,16,45
03/05/2014,115,120,127,17,20,65
03/05/2014,108,99,117,14,11,50
03/05/2014,115,107,126,17,15,63
03/05/2014,119,112,121,19,17,56
03/05/2014,133,120,130,23,20,68
03/05/2014,79,71,89,4,2,21
03/05/2014,108,117,105,14,19,36
03/05/2014,106,99,103,13,11,34
03/05/2014,95,103,87,9,13,20
03/05/2014,110,110,109,15,16,41
03/05/2014,93,107,98,8,15,29
03/05/2014,90,85,94,7,6,25
03/05/2014,115,103,122,17,13,59
03/05/2014,141,110,126,25,16,64
03/05/2014,124,120,133,21,20,70
03/05/2014,119,110,118,19,16,52
10/05/2014,103,101,121,12,12,57
10/05/2014,119,120,125,19,20,62
10/05/2014,141,123,131,25,21,69
10/05/2014,99,123,100,10,21,31
10/05/2014,110,110,108,15,16,40
10/05/2014,128,131,126,22,23,63
10/05/2014,128,126,131,22,22,69
10/05/2014,138,126,129,24,22,67
10/05/2014,133,115,126,23,18,63
10/05/2014,113,117,117,16,19,50
10/05/2014,141,141,141,25,25,79
10/05/2014,133,115,133,23,18,70
10/05/2014,121,115,115,20,18,47
10/05/2014,119,120,118,19,20,51
10/05/2014,103,75,97,12,3,28
10/05/2014,103,105,112,12,14,44
10/05/2014,93,112,98,8,17,29
10/05/2014,106,115,122,13,18,59
10/05/2014,90,105,97,7,14,28
10/05/2014,101,96,95,11,10,26
10/05/2014,87,103,101,6,13,32
10/05/2014,99,107,119,10,15,53
10/05/2014,124,138,123,21,24,60
10/05/2014,106,112,120,13,17,55
10/05/2014,108,103,110,14,13,42
10/05/2014,133,117,130,23,19,68
10/05/2014,117,107,111,18,15,43
10/05/2014,108,75,108,14,3,39
10/05/2014,113,115,110,16,18,42
10/05/2014,90,91,83,7,8,17
10/05/2014,115,115,126,17,18,63
10/05/2014,106,99,108,13,11,40
10/05/2014,106,105,94,13,14,25
10/05/2014,95,79,90,9,4,22
10/05/2014,79,88,98,4,7,29
10/05/2014,115,110,126,17,16,64
10/05/2014,90,82,103,7,5,34
10/05/2014,106,101,106,13,12,37
10/05/2014,93,82,102,8,5,33
10/05/2014,87,120,113,6,20,45
10/05/2014,93,96,105,8,10,36
10/05/2014,106,105,103,13,14,34
10/05/2014,110,110,111,15,16,43
10/05/2014,141,141,141,25,25,77
10/05/2014,103,94,98,12,9,29
10/05/2014,113,94,93,16,9,24
10/05/2014,138,131,135,24,23,72
10/05/2014,117,126,124,18,22,61
10/05/2014,133,126,140,23,22,75
10/05/2014,117,117,127,18,19,65
10/05/2014,119,131,126,19,23,63
10/05/2014,79,69,97,4,1,28
10/05/2014,113,94,103,16,9,34
10/05/2014,115,99,97,17,11,28
10/05/2014,106,112,115,13,17,48
10/05/2014,128,117,126,22,19,63
10/05/2014,106,96,117,13,10,50
10/05/2014,106,112,105,13,17,36
10/05/2014,119,131,141,19,23,78
10/05/2014,101,112,109,11,17,41
10/05/2014,113,138,116,16,24,49
10/05/2014,90,91,95,7,8,26
10/05/2014,101,103,117,11,13,50
10/05/2014,110,112,111,15,17,43
10/05/2014,101,101,108,11,12,40
10/05/2014,103,94,95,12,9,26
10/05/2014,108,96,107,14,10,38
10/05/2014,95,85,103,9,6,34
10/05/2014,103,96,118,12,10,51
10/05/2014,83,105,103,5,14,34
10/05/2014,101,126,120,11,22,55
10/05/2014,79,85,84,4,6,18
10/05/2014,99,101,103,10,12,34
10/05/2014,113,105,122,16,14,58
10/05/2014,138,131,138,24,23,74
10/05/2014,95,99,116,9,11,49
10/05/2014,93,103,111,8,13,43
10/05/2014,101,107,115,11,15,47
10/05/2014,121,105,124,20,14,61
10/05/2014,119,115,122,19,18,59
10/05/2014,108,107,102,14,15,33
10/05/2014,113,123,114,16,21,46
10/05/2014,121,115,133,20,18,70
10/05/2014,108,110,121,14,16,56
10/05/2014,128,141,137,22,25,73
10/05/2014,138,141,138,24,26,74
10/05/2014,93,99,113,8,11,45
10/05/2014,99,112,111,10,17,43
10/05/2014,113,112,120,16,17,54
10/05/2014,119,117,120,19,19,54
10/05/2014,113,112,126,16,17,63
10/05/2014,121,131,125,20,23,62
10/05/2014,119,117,118,19,19,52
10/05/2014,99,107,118,10,15,52
10/05/2014,101,112,124,11,17,61
10/05/2014,119,120,108,19,20,39
10/05/2014,117,110,115,18,16,48
10/05/2014,124,126,128,21,22,66
10/05/2014,110,103,115,15,13,47
10/05/2014,87,85,97,6,6,28
10/05/2014,133,126,124,23,22,61
10/05/2014,117,131,115,18,23,48
10/05/2014,115,91,112,17,8,44
10/05/2014,83,91,105,5,8,36
10/05/2014,113,117,119,16,19,53
10/05/2014,99,85,77,10,6,14
10/05/2014,119,131,134,19,23,71
10/05/2014,99,123,109,10,21,41
10/05/2014,108,117,110,14,19,42
10/05/2014,121,141,131,20,25,69
10/05/2014,119,138,124,19,24,61
10/05/2014,110,117,116,15,19,49
10/05/2014,115,117,118,17,19,52
10/05/2014,115,131,115,17,23,47
10/05/2014,115,110,118,17,16,51
10/05/2014,93,115,101,8,18,32
10/05/2014,103,107,118,12,15,52
10/05/2014,119,120,126,19,20,63
10/05/2014,95,85,111,9,6,43
10/05/2014,121,105,120,20,14,54
10/05/2014,117,115,121,18,18,57
10/05/2014,133,131,127,23,23,65
10/05/2014,103,94,115,12,9,47
10/05/2014,93,99,101,8,11,32
10/05/2014,110,117,121,15,19,56
10/05/2014,138,123,129,24,21,67
10/05/2014,115,110,98,17,16,29
10/05/2014,133,99,125,23,11,62
10/05/2014,119,107,117,19,15,50
10/05/2014,106,103,106,13,13,37
10/05/2014,113,110,102,16,16,33
10/05/2014,113,107,123,16,15,60
10/05/2014,108,120,106,14,20,37
10/05/2014,93,91,87,8,8,20
10/05/2014,133,117,120,23,19,54
10/05/2014,87,110,104,6,16,35
10/05/2014,108,117,111,14,19,43
10/05/2014,115,110,113,17,16,45
10/05/2014,110,115,110,15,18,42
10/05/2014,101,96,110,11,10,42
10/05/2014,121,120,121,20,20,57
10/05/2014,99,94,114,10,9,46
10/05/2014,106,107,116,13,15,49
10/05/2014,87,82,87,6,5,20
10/05/2014,103,110,107,12,16,38
10/05/2014,119,123,123,19,21,60
10/05/2014,108,123,126,14,21,63
10/05/2014,121,117,121,20,19,56
10/05/2014,113,112,122,16,17,59
10/05/2014,124,141,123,21,25,60
10/05/2014,110,88,90,15,7,22
10/05/2014,138,120,138,24,20,74
10/05/2014,115,117,120,17,19,54
10/05/2014,99,88,110,10,7,42
10/05/2014,124,131,126,21,23,64
10/05/2014,103,110,117,12,16,50
10/05/2014,90,96,98,7,10,29
10/05/2014,115,123,119,17,21,53
10/05/2014,101,85,93,11,6,24
10/05/2014,87,99,101,6,11,32
10/05/2014,119,126,117,19,22,50
10/05/2014,93,94,104,8,9,35
10/05/2014,79,69,83,4,0,17
10/05/2014,93,79,83,8,4,17
10/05/2014,119,120,128,19,20,66
10/05/2014,133,131,128,23,23,66
10/05/2014,121,117,124,20,19,61
10/05/2014,101,91,105,11,8,36
10/05/2014,110,107,111,15,15,43
10/05/2014,95,96,80,9,10,15
10/05/2014,99,105,103,10,14,34
10/05/2014,124,141,133,21,25,70
10/05/2014,124,105,126,21,14,64
10/05/2014,113,115,118,16,18,51
10/05/2014,99,96,111,10,10,43
10/05/2014,79,71,87,4,2,20
10/05/2014,99,103,94,10,13,25
10/05/2014,108,107,90,14,15,22
10/05/2014,117,115,126,18,18,64
10/05/2014,83,96,103,5,10,34
10/05/2014,108,103,109,14,13,41
10/05/2014,119,115,119,19,18,53
10/05/2014,138,123,128,24,21,66
10/05/2014,103,117,101,12,19,32
10/05/2014,119,117,118,19,19,51
10/05/2014,113,112,123,16,17,60
10/05/2014,108,85,101,14,6,32
10/05/2014,93,96,102,8,10,33
10/05/2014,117,103,118,18,13,52
10/05/2014,113,115,119,16,18,53
10/05/2014,83,107,97,5,15,28
10/05/2014,141,120,133,25,20,70
10/05/2014,124,107,119,21,15,53
10/05/2014,101,103,107,11,13,38
10/05/2014,101,110,89,11,16,21
10/05/2014,133,126,135,23,22,72
10/05/2014,108,96,115,14,10,47
10/05/2014,79,85,90,4,6,22
10/05/2014,113,123,119,16,21,53
10/05/2014,108,105,97,14,14,28
10/05/2014,121,115,118,20,18,52
10/05/2014,108,101,115,14,12,47
10/05/2014,103,107,100,12,15,31
10/05/2014,99,101,108,10,12,39
10/05/2014,95,82,102,9,5,33
10/05/2014,113,120,110,16,20,42
10/05/2014,90,96,98,7,10,29
10/05/2014,99,99,99,10,11,30
10/05/2014,99,96,98,10,10,29
10/05/2014,103,107,104,12,15,35
10/05/2014,106,94,109,13,9,41
10/05/2014,101,96,98,11,10,29
10/05/2014,90,82,89,7,5,21
10/05/2014,119,120,122,19,20,59
10/05/2014,93,79,87,8,4,20
10/05/2014,108,105,114,14,14,46
10/05/2014,110,117,126,15,19,63
10/05/2014,115,110,133,17,16,70
10/05/2014,103,120,110,12,20,42
10/05/2014,115,115,126,17,18,64
10/05/2014,133,126,138,23,22,74
10/05/2014,119,138,124,19,24,61
10/05/2014,106,101,101,13,12,32
10/05/2014,90,99,105,7,11,36
10/05/2014,106,117,117,13,19,50
10/05/2014,74,88,77,3,7,14
10/05/2014,99,99,97,10,11,28
10/05/2014,93,96,99,8,10,30
10/05/2014,108,101,96,14,12,27
10/05/2014,99,103,105,10,13,36
10/05/2014,115,117,109,17,19,41
10/05/2014,124,123,122,21,21,59
10/05/2014,115,112,103,17,17,34
10/05/2014,133,131,140,23,23,75
10/05/2014,119,120,127,19,20,65
10/05/2014,121,138,141,20,24,76
10/05/2014,119,126,122,19,22,58
10/05/2014,117,103,122,18,13,58
10/05/2014,128,141,135,22,25,72
10/05/2014,128,141,141,22,26,77
10/05/2014,128,117,128,22,19,66
10/05/2014,121,112,122,20,17,58
10/05/2014,95,103,105,9,13,36
10/05/2014,119,120,124,19,20,61
10/05/2014,124,123,123,21,21,60
10/05/2014,138,141,134,24,25,71
10/05/2014,124,123,138,21,21,74
10/05/2014,93,91,102,8,8,33
10/05/2014,101,101,103,11,12,34
10/05/2014,101,118,114,11,19,46
10/05/2014,106,103,89,13,13,21
10/05/2014,87,86,92,6,6,23
10/05/2014,108,94,97,14,9,28
10/05/2014,101,118,113,11,19,45
10/05/2014,110,126,111,15,22,43
10/05/2014,117,115,122,18,18,58
10/05/2014,119,118,125,19,19,62
10/05/2014,101,86,116,11,6,49
10/05/2014,108,115,111,14,18,43
10/05/2014,74,79,85,3,4,18
10/05/2014,115,118,107,17,19,38
10/05/2014,106,108,115,13,15,47
10/05/2014,115,123,109,17,21,40
10/05/2014,87,110,92,6,16,23
10/05/2014,99,101,112,10,12,44
10/05/2014,99,118,111,10,19,43
10/05/2014,87,120,103,6,20,33
10/05/2014,128,113,126,22,17,63
10/05/2014,117,113,111,18,17,42
10/05/2014,99,89,94,10,7,25
10/05/2014,134,113,129,23,17,67
10/05/2014,110,94,103,15,9,34
10/05/2014,115,106,104,17,14,35
10/05/2014,117,112,124,18,17,61
17/05/2014,121,115,135,20,18,72
17/05/2014,121,120,108,20,20,39
17/05/2014,115,131,122,17,23,58
17/05/2014,108,112,120,14,17,54
17/05/2014,124,126,140,21,22,75
17/05/2014,138,131,131,24,23,69
17/05/2014,133,112,133,23,17,70
17/05/2014,133,115,134,23,18,71
17/05/2014,133,117,122,23,19,59
17/05/2014,93,101,107,8,12,38
17/05/2014,113,94,103,16,9,34
17/05/2014,115,113,103,17,17,33
17/05/2014,96,106,101,9,14,31
17/05/2014,117,126,135,18,22,72
17/05/2014,124,115,118,21,18,51
17/05/2014,119,106,108,19,14,39
17/05/2014,115,103,108,17,13,39
17/05/2014,122,115,122,20,18,58
17/05/2014,104,115,116,12,18,49
17/05/2014,99,103,111,10,13,42
17/05/2014,113,118,119,16,19,53
17/05/2014,99,92,88,10,8,20
17/05/2014,119,120,128,19,20,66
17/05/2014,113,103,106,16,13,37
17/05/2014,87,101,94,6,12,25
17/05/2014,113,101,105,16,12,36
17/05/2014,122,120,123,20,20,60
17/05/2014,87,79,97,6,4,28
17/05/2014,110,99,109,15,11,40
17/05/2014,122,141,137,20,25,73
17/05/2014,138,115,141,24,18,77
17/05/2014,124,118,132,21,19,69
17/05/2014,141,132,141,25,23,78
17/05/2014,95,110,109,9,16,41
17/05/2014,138,141,134,24,25,71
17/05/2014,133,107,129,23,15,67
17/05/2014,124,120,120,21,20,55
17/05/2014,87,106,96,6,14,27
17/05/2014,99,113,117,10,17,50
17/05/2014,104,108,111,12,15,43
17/05/2014,108,103,111,14,13,42
17/05/2014,124,126,134,21,22,71
17/05/2014,108,120,114,14,20,46
17/05/2014,117,118,123,18,19,60
17/05/2014,93,86,86,8,6,19
17/05/2014,115,113,112,17,17,44
17/05/2014,122,97,121,20,10,57
17/05/2014,138,123,138,24,21,74
17/05/2014,119,138,125,19,24,62
17/05/2014,117,89,100,18,7,30
17/05/2014,106,110,109,13,16,40
17/05/2014,104,101,105,12,12,36
17/05/2014,115,120,120,17,20,55
17/05/2014,119,126,135,19,22,72
17/05/2014,134,132,135,23,23,72
17/05/2014,104,101,102,12,12,32
17/05/2014,106,108,120,13,15,55
17/05/2014,119,118,116,19,19,48
17/05/2014,99,110,101,10,16,31
17/05/2014,99,103,103,10,13,33
17/05/2014,101,92,104,11,8,35
17/05/2014,96,89,94,9,7,25
17/05/2014,106,115,127,13,18,64
17/05/2014,96,97,101,9,10,31
17/05/2014,106,97,109,13,10,40
17/05/2014,96,86,86,9,6,19
17/05/2014,93,92,94,8,8,25
17/05/2014,99,113,105,10,17,36
17/05/2014,79,118,96,4,19,27
17/05/2014,122,110,126,20,16,63
17/05/2014,90,75,72,7,3,12
17/05/2014,90,99,103,7,11,33
17/05/2014,90,97,103,7,10,33
17/05/2014,124,118,129,21,19,67
17/05/2014,134,123,128,23,21,66
17/05/2014,119,118,123,19,19,59
17/05/2014,83,106,97,5,14,28
17/05/2014,93,94,104,8,9,35
17/05/2014,117,120,124,18,20,61
17/05/2014,119,113,128,19,17,66
17/05/2014,108,97,116,14,10,48
17/05/2014,108,108,107,14,15,38
17/05/2014,117,108,116,18,15,49
17/05/2014,90,99,83,7,11,17
17/05/2014,108,110,111,14,16,42
17/05/2014,122,123,116,20,21,48
17/05/2014,122,89,126,20,7,63
17/05/2014,108,123,121,14,21,57
17/05/2014,138,132,130,24,23,68
17/05/2014,134,126,112,23,22,44
17/05/2014,134,110,121,23,16,56
17/05/2014,110,97,115,15,10,47
17/05/2014,93,97,86,8,10,19
17/05/2014,90,113,98,7,17,29
17/05/2014,119,132,123,19,23,59
17/05/2014,101,108,110,11,15,41
17/05/2014,87,79,88,6,4,20
17/05/2014,101,110,113,11,16,45
17/05/2014,124,120,126,21,20,63
17/05/2014,108,110,100,14,16,30
17/05/2014,106,103,107,13,13,38
17/05/2014,101,106,105,11,14,36
17/05/2014,115,110,114,17,16,46
17/05/2014,104,94,104,12,9,35
17/05/2014,115,89,95,17,7,26
17/05/2014,110,123,119,15,21,53
17/05/2014,106,97,102,13,10,32
17/05/2014,122,126,127,20,22,64
17/05/2014,101,101,100,11,12,30
17/05/2014,115,97,103,17,10,34
17/05/2014,115,115,123,17,18,59
17/05/2014,101,103,116,11,13,48
17/05/2014,110,103,106,15,13,37
17/05/2014,117,108,105,18,15,36
17/05/2014,101,113,116,11,17,48
17/05/2014,104,115,116,12,18,48
17/05/2014,124,97,117,21,10,50
17/05/2014,119,123,121,19,21,56
17/05/2014,124,115,137,21,18,73
17/05/2014,90,86,86,7,6,19
17/05/2014,90,86,85,7,6,18
17/05/2014,99,79,95,10,4,26
17/05/2014,104,103,107,12,13,38
17/05/2014,106,113,111,13,17,42
17/05/2014,99,92,108,10,8,39
17/05/2014,110,103,111,15,13,42
17/05/2014,104,101,112,12,12,44
17/05/2014,87,94,109,6,9,40
17/05/2014,117,123,128,18,21,66
17/05/2014,113,106,111,16,14,42
17/05/2014,128,138,125,22,24,62
17/05/2014,122,120,132,20,20,69
17/05/2014,115,120,120,17,20,55
17/05/2014,83,101,94,5,12,25
17/05/2014,141,126,135,25,22,72
17/05/2014,119,101,116,19,12,48
17/05/2014,134,123,130,23,21,68
17/05/2014,122,126,123,20,22,60
17/05/2014,128,120,141,22,20,76
17/05/2014,117,115,111,18,18,43
17/05/2014,113,103,106,16,13,37
17/05/2014,90,99,103,7,11,34
17/05/2014,124,132,120,21,23,55
17/05/2014,93,82,104,8,5,35
17/05/2014,110,108,105,15,15,36
17/05/2014,113,89,114,16,7,46
17/05/2014,99,86,92,10,6,23
17/05/2014,87,94,75,6,9,13
17/05/2014,101,110,105,11,16,36
17/05/2014,96,94,95,9,9,26
17/05/2014,104,94,114,12,9,46
17/05/2014,108,120,116,14,20,49
17/05/2014,124,103,132,21,13,69
17/05/2014,122,126,123,20,22,60
17/05/2014,101,94,93,11,9,24
17/05/2014,99,89,98,10,7,29
17/05/2014,106,99,108,13,11,39
17/05/2014,115,108,112,17,15,44
17/05/2014,122,113,127,20,17,64
17/05/2014,99,82,106,10,5,37
17/05/2014,122,94,109,20,9,40
17/05/2014,108,120,117,14,20,50
17/05/2014,108,113,109,14,17,40
17/05/2014,104,97,107,12,10,38
17/05/2014,115,113,127,17,17,65
17/05/2014,110,110,114,15,16,46
17/05/2014,134,138,127,23,24,65
17/05/2014,104,118,123,12,19,60
17/05/2014,128,138,128,22,24,66
17/05/2014,119,101,121,19,12,56
17/05/2014,124,126,132,21,22,69
17/05/2014,113,118,116,16,19,49
17/05/2014,93,101,94,8,12,25
17/05/2014,115,115,115,17,18,47
17/05/2014,74,82,98,3,5,29
17/05/2014,104,103,112,12,13,44
17/05/2014,119,120,115,19,20,47
17/05/2014,117,113,127,18,17,65
17/05/2014,101,110,116,11,16,48
17/05/2014,99,94,119,10,9,53
17/05/2014,96,108,108,9,15,39
17/05/2014,115,106,110,17,14,41
17/05/2014,96,72,89,9,2,21
17/05/2014,110,118,116,15,19,49
17/05/2014,101,94,92,11,9,23
17/05/2014,113,110,109,16,16,40
17/05/2014,101,126,106,11,22,37
17/05/2014,115,123,122,17,21,58
17/05/2014,83,82,86,5,5,19
17/05/2014,110,115,119,15,18,53
17/05/2014,113,82,105,16,5,36
17/05/2014,87,86,89,6,6,21
17/05/2014,108,126,115,14,22,47
17/05/2014,113,106,110,16,14,41
17/05/2014,128,126,124,22,22,61
17/05/2014,115,108,120,17,15,55
17/05/2014,96,101,94,9,12,25
17/05/2014,104,110,107,12,16,38
17/05/2014,104,97,116,12,10,48
17/05/2014,122,123,129,20,21,67
17/05/2014,106,101,103,13,12,34
17/05/2014,104,94,107,12,9,38
17/05/2014,138,115,123,24,18,59
17/05/2014,134,118,114,23,19,46
17/05/2014,122,132,125,20,23,62
17/05/2014,138,132,130,24,23,68
17/05/2014,117,118,116,18,19,49
17/05/2014,113,101,103,16,12,34
17/05/2014,113,113,111,16,17,42
17/05/2014,141,141,127,25,25,64
17/05/2014,134,123,127,23,21,64
17/05/2014,124,138,140,21,24,75
17/05/2014,101,101,104,11,12,35
17/05/2014,122,126,130,20,22,68
17/05/2014,128,138,128,22,24,66
17/05/2014,122,132,120,20,23,54
17/05/2014,122,123,119,20,21,53
17/05/2014,138,132,141,24,23,77
17/05/2014,134,138,127,23,24,64
17/05/2014,117,118,121,18,19,57
17/05/2014,122,113,128,20,17,66
17/05/2014,106,103,103,13,13,33
17/05/2014,104,94,115,12,9,47
17/05/2014,90,92,97,7,8,28
17/05/2014,113,123,125,16,21,62
17/05/2014,122,120,118,20,20,51
17/05/2014,110,106,107,15,14,38
17/05/2014,119,132,117,19,23,50
17/05/2014,115,123,122,17,21,58
17/05/2014,119,101,126,19,12,63
17/05/2014,101,108,119,11,15,53
17/05/2014,115,106,111,17,14,43
17/05/2014,122,138,126,20,24,63
17/05/2014,79,110,94,4,16,25
17/05/2014,90,101,100,7,12,30
17/05/2014,79,113,106,4,17,37
17/05/2014,90,106,105,7,14,36
17/05/2014,83,97,98,5,10,29
17/05/2014,128,118,116,22,19,49
17/05/2014,110,108,106,15,15,37
17/05/2014,106,108,112,13,15,44
17/05/2014,138,123,130,24,21,68
17/05/2014,113,108,116,16,15,49
17/05/2014,122,113,132,20,17,69
17/05/2014,113,113,120,16,17,55
17/05/2014,117,123,121,18,21,56
17/05/2014,128,126,116,22,22,49
17/05/2014,110,106,126,15,14,63
17/05/2014,128,108,132,22,15,69
17/05/2014,79,94,86,4,9,19
17/05/2014,117,103,105,18,13,36
17/05/2014,110,118,119,15,19,53
17/05/2014,104,106,105,12,14,36
17/05/2014,128,120,123,22,20,60
17/05/2014,134,101,118,23,12,52
17/05/2014,119,99,110,19,11,41
17/05/2014,117,110,114,18,16,46
17/05/2014,99,99,111,10,11,42
17/05/2014,93,86,96,8,6,27
17/05/2014,93,108,95,8,15,26
17/05/2014,124,118,134,21,19,71
17/05/2014,99,92,113,10,8,45
17/05/2014,101,101,118,11,12,52
17/05/2014,113,92,103,16,8,33
17/05/2014,104,106,119,12,14,53
17/05/2014,119,132,127,19,23,64
17/05/2014,108,115,115,14,18,47
17/05/2014,99,106,115,10,14,47
17/05/2014,138,141,126,24,26,63
17/05/2014,87,92,98,6,8,29
17/05/2014,113,106,115,16,14,47
17/05/2014,110,99,114,15,11,46
17/05/2014,124,120,120,21,20,54
17/05/2014,101,97,97,11,10,28
17/05/2014,115,113,120,17,17,55
17/05/2014,96,99,113,9,11,45
17/05/2014,90,103,88,7,13,20
17/05/2014,96,89,86,9,7,19
17/05/2014,106,99,107,13,11,38
17/05/2014,87,92,94,6,8,25
17/05/2014,99,97,113,10,10,45
17/05/2014,96,92,90,9,8,22
17/05/2014,106,115,113,13,18,45
17/05/2014,122,113,120,20,17,55
17/05/2014,90,75,90,7,3,22
17/05/2014,101,99,112,11,11,44
17/05/2014,69,69,69,2,0,10
17/05/2014,90,92,102,7,8,32
17/05/2014,119,113,122,19,17,58
17/05/2014,110,108,114,15,15,46
17/05/2014,99,108,103,10,15,34
17/05/2014,117,103,101,18,13,31
17/05/2014,113,118,119,16,19,53
17/05/2014,134,118,119,23,19,53
17/05/2014,104,89,98,12,7,29
17/05/2014,93,97,88,8,10,20
17/05/2014,117,120,111,18,20,43
17/05/2014,117,106,111,18,14,42
17/05/2014,113,123,116,16,21,48
24/05/2014,138,123,138,24,21,74
24/05/2014,96,118,109,9,19,40
24/05/2014,124,138,128,21,24,66
24/05/2014,115,99,124,17,11,61
24/05/2014,115,101,119,17,12,53
24/05/2014,106,118,121,13,19,56
24/05/2014,134,132,128,23,23,66
24/05/2014,108,99,114,14,11,46
24/05/2014,128,123,129,22,21,67
24/05/2014,124,138,121,21,24,57
24/05/2014,134,132,129,23,23,67
24/05/2014,134,132,140,23,23,75
24/05/2014,134,138,141,23,24,77
24/05/2014,122,126,127,20,22,64
24/05/2014,128,110,124,22,16,61
24/05/2014,96,89,98,9,7,29
24/05/2014,124,123,125,21,21,62
24/05/2014,122,108,127,20,15,64
24/05/2014,119,115,123,19,18,59
24/05/2014,93,106,101,8,14,31
24/05/2014,115,108,114,17,15,46
24/05/2014,99,99,92,10,11,23
24/05/2014,122,103,121,20,13,57
24/05/2014,110,106,93,15,14,24
24/05/2014,108,94,82,14,9,16
24/05/2014,104,101,104,12,12,35
24/05/2014,113,103,114,16,13,46
24/05/2014,83,94,93,5,9,24
24/05/2014,110,123,113,15,21,45
24/05/2014,96,94,111,9,9,42
24/05/2014,90,89,100,7,7,30
24/05/2014,124,126,121,21,22,56
24/05/2014,113,103,120,16,13,54
24/05/2014,93,92,103,8,8,34
24/05/2014,110,97,105,15,10,36
24/05/2014,104,113,95,12,17,26
24/05/2014,93,94,103,8,9,33
24/05/2014,96,89,80,9,7,15
24/05/2014,93,94,103,8,9,34
24/05/2014,119,108,129,19,15,67
24/05/2014,99,115,111,10,18,43
24/05/2014,96,86,103,9,6,33
24/05/2014,128,120,120,22,20,55
24/05/2014,138,108,128,24,15,66
24/05/2014,115,101,123,17,12,60
24/05/2014,104,108,115,12,15,47
24/05/2014,108,113,105,14,17,36
24/05/2014,99,92,103,10,8,33
24/05/2014,122,138,127,20,24,65
24/05/2014,124,115,128,21,18,66
24/05/2014,106,110,119,13,16,53
24/05/2014,117,118,118,18,19,51
24/05/2014,110,115,112,15,18,44
24/05/2014,117,101,116,18,12,49
24/05/2014,113,126,125,16,22,62
24/05/2014,124,138,116,21,24,49
24/05/2014,96,92,95,9,8,26
24/05/2014,110,108,115,15,15,47
24/05/2014,87,86,95,6,6,26
24/05/2014,124,123,120,21,21,54
24/05/2014,101,106,100,11,14,30
24/05/2014,101,86,88,11,6,20
24/05/2014,110,108,118,15,15,51
24/05/2014,106,97,107,13,10,38
24/05/2014,104,123,120,12,21,54
24/05/2014,101,113,104,11,17,35
24/05/2014,99,82,90,10,5,22
24/05/2014,93,99,89,8,11,21
24/05/2014,110,115,121,15,18,56
24/05/2014,134,132,125,23,23,62
24/05/2014,134,120,132,23,20,69
24/05/2014,104,108,100,12,15,30
24/05/2014,87,101,88,6,12,20
24/05/2014,83,82,69,5,5,10
24/05/2014,101,101,116,11,12,49
24/05/2014,106,99,105,13,11,36
24/05/2014,115,118,126,17,19,63
24/05/2014,108,97,112,14,10,44
24/05/2014,106,113,94,13,17,25
24/05/2014,90,89,85,7,7,18
24/05/2014,110,108,123,15,15,59
24/05/2014,115,120,116,17,20,49
24/05/2014,99,120,105,10,20,36
24/05/2014,117,123,128,18,21,66
24/05/2014,134,132,127,23,23,64
24/05/2014,106,79,102,13,4,32
24/05/2014,110,110,121,15,16,57
24/05/2014,96,82,96,9,5,27
24/05/2014,128,138,123,22,24,60
24/05/2014,119,132,133,19,23,70
24/05/2014,134,141,134,23,26,71
24/05/2014,113,110,121,16,16,56
24/05/2014,141,132,128,25,23,66
24/05/2014,108,115,112,14,18,44
24/05/2014,122,132,127,20,23,64
24/05/2014,93,120,117,8,20,50
24/05/2014,141,123,140,25,21,75
24/05/2014,115,113,110,17,17,41
24/05/2014,122,115,121,20,18,56
24/05/2014,128,123,118,22,21,52
24/05/2014,122,110,123,20,16,59
24/05/2014,134,138,127,23,24,65
24/05/2014,128,123,126,22,21,63
24/05/2014,106,97,109,13,10,40
24/05/2014,115,123,118,17,21,52
24/05/2014,122,120,112,20,20,44
24/05/2014,99,123,93,10,21,24
24/05/2014,104,92,104,12,8,35
24/05/2014,87,82,88,6,5,20
24/05/2014,99,101,111,10,12,43
24/05/2014,124,103,125,21,13,62
24/05/2014,110,101,110,15,12,41
24/05/2014,99,103,122,10,13,58
24/05/2014,113,126,116,16,22,49
24/05/2014,96,99,121,9,11,57
24/05/2014,101,101,106,11,12,37
24/05/2014,74,86,103,3,6,33
24/05/2014,113,101,104,16,12,35
24/05/2014,90,86,94,7,6,25
24/05/2014,117,115,116,18,18,49
24/05/2014,110,108,107,15,15,38
24/05/2014,99,106,112,10,14,44
24/05/2014,110,115,134,15,18,71
24/05/2014,110,92,109,15,8,40
24/05/2014,113,115,108,16,18,39
24/05/2014,115,108,103,17,15,34
24/05/2014,113,132,124,16,23,61
24/05/2014,122,123,125,20,21,62
24/05/2014,90,94,86,7,9,19
24/05/2014,119,132,130,19,23,68
24/05/2014,110,126,120,15,22,54
24/05/2014,124,103,122,21,13,58
24/05/2014,124,120,127,21,20,65
24/05/2014,115,126,125,17,22,62
24/05/2014,113,108,116,16,15,48
24/05/2014,108,118,113,14,19,45
24/05/2014,108,113,115,14,17,47
24/05/2014,128,141,127,22,25,65
24/05/2014,117,106,120,18,14,54
24/05/2014,104,120,111,12,20,42
24/05/2014,101,101,98,11,12,29
24/05/2014,119,118,123,19,19,60
24/05/2014,122,115,132,20,18,69
24/05/2014,113,99,126,16,11,63
24/05/2014,138,120,137,24,20,73
24/05/2014,122,115,126,20,18,63
24/05/2014,128,126,116,22,22,48
24/05/2014,117,115,113,18,18,45
24/05/2014,117,101,97,18,12,28
24/05/2014,93,72,103,8,2,33
24/05/2014,87,79,95,6,4,26
24/05/2014,69,79,94,2,4,25
24/05/2014,101,101,109,11,12,40
24/05/2014,124,132,125,21,23,62
24/05/2014,99,97,101,10,10,31
24/05/2014,113,118,114,16,19,46
24/05/2014,113,97,112,16,10,44
24/05/2014,106,92,110,13,8,41
24/05/2014,122,99,123,20,11,59
24/05/2014,87,86,107,6,6,38
24/05/2014,99,92,86,10,8,19
24/05/2014,93,75,96,8,3,27
24/05/2014,106,123,109,13,21,40
24/05/2014,93,106,105,8,14,36
24/05/2014,87,75,98,6,3,29
24/05/2014,104,106,113,12,14,45
24/05/2014,106,113,103,13,17,33
24/05/2014,110,103,116,15,13,48
24/05/2014,113,103,116,16,13,48
24/05/2014,117,118,121,18,19,56
24/05/2014,90,92,103,7,8,33
24/05/2014,113,120,113,16,20,45
24/05/2014,87,82,98,6,5,29
24/05/2014,108,106,120,14,14,55
24/05/2014,106,118,114,13,19,46
24/05/2014,108,92,104,14,8,35
24/05/2014,90,82,85,7,5,18
24/05/2014,134,120,135,23,20,72
24/05/2014,96,108,118,9,15,52
24/05/2014,90,103,101,7,13,31
24/05/2014,134,126,123,23,22,59
24/05/2014,110,94,103,15,9,34
24/05/2014,90,99,103,7,11,33
24/05/2014,115,106,112,17,14,44
24/05/2014,106,113,121,13,17,57
24/05/2014,119,123,123,19,21,60
24/05/2014,110,126,130,15,22,68
24/05/2014,99,99,98,10,11,29
24/05/2014,134,123,133,23,21,70
24/05/2014,106,118,121,13,19,56
24/05/2014,134,118,135,23,19,72
24/05/2014,113,106,114,16,14,46
24/05/2014,138,132,135,24,23,72
24/05/2014,138,123,134,24,21,71
24/05/2014,93,110,108,8,16,39
24/05/2014,93,118,98,8,19,29
24/05/2014,122,123,122,20,21,58
24/05/2014,99,103,110,10,13,41
24/05/2014,128,115,120,22,18,55
24/05/2014,119,118,118,19,19,51
24/05/2014,106,103,111,13,13,42
24/05/2014,110,123,116,15,21,49
24/05/2014,99,97,115,10,10,47
24/05/2014,106,99,115,13,11,47
24/05/2014,93,99,85,8,11,18
24/05/2014,108,110,115,14,16,47
24/05/2014,101,101,110,11,12,41
24/05/2014,106,120,121,13,20,57
24/05/2014,108,97,102,14,10,32
24/05/2014,90,99,107,7,11,38
24/05/2014,117,106,109,18,14,40
24/05/2014,106,106,105,13,14,36
24/05/2014,104,110,103,12,16,34
24/05/2014,113,110,123,16,16,59
24/05/2014,96,97,103,9,10,34
24/05/2014,113,108,120,16,15,55
24/05/2014,99,82,95,10,5,26
24/05/2014,106,108,113,13,15,45
24/05/2014,110,106,104,15,14,35
24/05/2014,110,113,114,15,17,46
24/05/2014,124,118,118,21,19,51
24/05/2014,99,92,114,10,8,46
24/05/2014,134,108,134,23,15,71
24/05/2014,104,103,108,12,13,39
24/05/2014,128,123,127,22,21,64
24/05/2014,117,115,106,18,18,37
24/05/2014,134,138,130,23,24,68
24/05/2014,117,126,126,18,22,63
24/05/2014,113,118,103,16,19,34
24/05/2014,113,82,93,16,5,24
24/05/2014,134,138,129,23,24,67
24/05/2014,106,106,111,13,14,43
24/05/2014,113,101,117,16,12,50
24/05/2014,128,126,129,22,22,67
24/05/2014,106,94,116,13,9,49
24/05/2014,113,110,111,16,16,43
24/05/2014,96,108,117,9,15,50
24/05/2014,108,108,107,14,15,38
24/05/2014,101,89,90,11,7,22
24/05/2014,83,94,85,5,9,18
24/05/2014,108,97,106,14,10,37
24/05/2014,104,94,103,12,9,34
24/05/2014,108,106,111,14,14,42
24/05/2014,101,123,103,11,21,33
24/05/2014,108,108,113,14,15,45
24/05/2014,99,103,97,10,13,28
24/05/2014,124,126,125,21,22,62
24/05/2014,93,103,112,8,13,44
24/05/2014,113,106,111,16,14,43
24/05/2014,101,113,97,11,17,28
24/05/2014,79,82,86,4,5,19
24/05/2014,104,97,104,12,10,35
24/05/2014,110,103,103,15,13,33
24/05/2014,117,99,120,18,11,54
24/05/2014,101,99,113,11,11,45
24/05/2014,108,118,103,14,19,34
24/05/2014,106,86,103,13,6,34
24/05/2014,113,99,111,16,11,42
24/05/2014,115,120,123,17,20,60
24/05/2014,106,97,116,13,10,49
24/05/2014,110,103,110,15,13,41
24/05/2014,108,108,116,14,15,48
24/05/2014,101,92,111,11,8,42
24/05/2014,110,123,126,15,21,63
24/05/2014,122,110,106,20,16,37
24/05/2014,138,126,134,24,22,71
24/05/2014,113,103,110,16,13,41
24/05/2014,113,118,120,16,19,55
24/05/2014,108,113,116,14,17,49
24/05/2014,115,132,113,17,23,45
24/05/2014,101,89,109,11,7,40
24/05/2014,99,97,104,10,10,35
24/05/2014,108,99,102,14,11,32
24/05/2014,104,86,93,12,6,24
24/05/2014,79,97,93,4,10,24
24/05/2014,110,97,116,15,10,49
24/05/2014,104,99,103,12,11,33
24/05/2014,113,120,120,16,20,54
24/05/2014,101,120,112,11,20,44
24/05/2014,104,106,106,12,14,37
24/05/2014,99,106,118,10,14,51
24/05/2014,101,103,109,11,13,40
24/05/2014,93,110,116,8,16,48
24/05/2014,117,118,121,18,19,56
24/05/2014,79,94,93,4,9,24
24/05/2014,106,101,97,13,12,28
24/05/2014,101,99,108,11,11,39
24/05/2014,124,118,130,21,19,68
24/05/2014,104,108,112,12,15,44
24/05/2014,101,101,112,11,12,44
24/05/2014,96,97,97,9,10,28
24/05/2014,96,106,109,9,14,40
24/05/2014,106,99,107,13,11,38
24/05/2014,124,138,128,21,24,66
24/05/2014,90,113,96,7,17,27
24/05/2014,108,97,94,14,10,25
24/05/2014,99,106,108,10,14,39
24/05/2014,108,97,106,14,10,37
24/05/2014,122,110,117,20,16,50
24/05/2014,93,89,93,8,7,24
24/05/2014,101,97,94,11,10,25
24/05/2014,74,82,93,3,5,24
24/05/2014,104,106,116,12,14,49
31/05/2014,113,115,121,16,18,56
31/05/2014,124,120,126,21,20,63
31/05/2014,124,108,119,21,15,53
31/05/2014,128,113,128,22,17,66
31/05/2014,122,118,121,20,19,56
31/05/2014,134,123,129,23,21,67
31/05/2014,96,97,105,9,10,36
31/05/2014,119,106,123,19,14,60
31/05/2014,101,82,107,11,5,38
31/05/2014,101,108,116,11,15,48
31/05/2014,119,118,119,19,19,53
31/05/2014,138,132,138,24,23,74
31/05/2014,96,97,94,9,10,25
31/05/2014,128,118,137,22,19,73
31/05/2014,115,110,109,17,16,40
31/05/2014,108,101,100,14,12,30
31/05/2014,108,103,102,14,13,32
31/05/2014,96,94,92,9,9,23
31/05/2014,106,120,116,13,20,48
31/05/2014,141,132,138,25,23,74
31/05/2014,110,101,114,15,12,46
31/05/2014,93,113,103,8,17,33
31/05/2014,122,126,115,20,22,47
31/05/2014,79,97,83,4,10,17
31/05/2014,99,99,119,10,11,53
31/05/2014,101,118,118,11,19,51
31/05/2014,90,86,69,7,6,9
31/05/2014,108,123,111,14,21,43
31/05/2014,90,82,92,7,5,23
31/05/2014,108,92,120,14,8,54
31/05/2014,110,101,114,15,12,46
31/05/2014,108,108,103,14,15,33
31/05/2014,138,138,137,24,24,73
31/05/2014,93,97,101,8,10,31
31/05/2014,93,115,104,8,18,35
31/05/2014,104,108,107,12,15,38
31/05/2014,96,82,92,9,5,23
31/05/2014,117,110,121,18,16,56
31/05/2014,119,99,117,19,11,50
31/05/2014,90,106,103,7,14,33
31/05/2014,87,103,105,6,13,36
31/05/2014,113,132,129,16,23,67
31/05/2014,90,101,83,7,12,17
31/05/2014,108,92,116,14,8,49
31/05/2014,119,115,121,19,18,56
31/05/2014,106,110,116,13,16,49
31/05/2014,104,110,100,12,16,30
31/05/2014,117,118,122,18,19,58
31/05/2014,90,79,98,7,4,29
31/05/2014,115,101,109,17,12,40
31/05/2014,124,141,127,21,25,65
31/05/2014,110,123,95,15,21,26
31/05/2014,83,92,82,5,8,16
31/05/2014,106,108,116,13,15,49
31/05/2014,110,101,90,15,12,22
31/05/2014,115,108,115,17,15,47
31/05/2014,101,115,108,11,18,39
31/05/2014,119,118,127,19,19,65
31/05/2014,90,94,102,7,9,32
31/05/2014,108,110,104,14,16,35
31/05/2014,110,118,124,15,19,61
31/05/2014,119,123,121,19,21,56
31/05/2014,115,123,128,17,21,66
31/05/2014,138,110,127,24,16,64
31/05/2014,115,113,111,17,17,43
31/05/2014,93,106,102,8,14,32
31/05/2014,128,118,114,22,19,46
31/05/2014,138,132,129,24,23,67
31/05/2014,74,75,83,3,3,17
31/05/2014,128,113,109,22,17,40
31/05/2014,138,113,128,24,17,66
31/05/2014,99,86,102,10,6,32
31/05/2014,101,99,102,11,11,32
31/05/2014,99,103,111,10,13,42
31/05/2014,138,126,125,24,22,62
31/05/2014,108,103,114,14,13,46
31/05/2014,108,113,117,14,17,50
31/05/2014,110,101,103,15,12,33
31/05/2014,119,115,129,19,18,67
31/05/2014,141,126,130,25,22,68
31/05/2014,101,92,80,11,8,15
31/05/2014,115,103,120,17,13,54
31/05/2014,93,94,96,8,9,27
31/05/2014,90,97,70,7,10,11
31/05/2014,119,126,129,19,22,67
31/05/2014,90,106,96,7,14,27
31/05/2014,138,132,130,24,23,68
31/05/2014,90,79,93,7,4,24
31/05/2014,99,99,92,10,11,23
31/05/2014,128,126,135,22,22,72
31/05/2014,119,120,116,19,20,48
31/05/2014,96,97,102,9,10,32
31/05/2014,117,126,121,18,22,57
31/05/2014,128,106,121,22,14,56
31/05/2014,101,99,104,11,11,35
31/05/2014,113,120,116,16,20,48
31/05/2014,119,115,127,19,18,64
31/05/2014,128,118,130,22,19,68
31/05/2014,117,123,117,18,21,50
31/05/2014,113,110,109,16,16,40
31/05/2014,108,92,107,14,8,38
31/05/2014,110,118,120,15,19,54
31/05/2014,96,103,105,9,13,36
31/05/2014,99,108,86,10,15,19
31/05/2014,79,94,82,4,9,16
31/05/2014,110,118,118,15,19,51
31/05/2014,119,103,113,19,13,45
31/05/2014,113,110,103,16,16,34
31/05/2014,101,123,126,11,21,63
31/05/2014,99,94,90,10,9,22
31/05/2014,134,138,130,23,24,68
31/05/2014,106,106,119,13,14,53
31/05/2014,124,123,132,21,21,69
31/05/2014,108,113,108,14,17,39
31/05/2014,106,108,108,13,15,39
31/05/2014,124,120,134,21,20,71
31/05/2014,101,103,103,11,13,33
31/05/2014,124,126,125,21,22,62
31/05/2014,113,115,105,16,18,36
31/05/2014,90,99,103,7,11,33
31/05/2014,124,126,126,21,22,63
31/05/2014,115,126,121,17,22,57
31/05/2014,122,115,118,20,18,52
31/05/2014,134,120,133,23,20,70
31/05/2014,117,132,129,18,23,67
31/05/2014,122,110,120,20,16,54
31/05/2014,90,97,93,7,10,24
31/05/2014,128,126,141,22,22,76
31/05/2014,117,126,120,18,22,55
31/05/2014,101,94,110,11,9,41
31/05/2014,87,75,88,6,3,20
31/05/2014,115,103,120,17,13,55
31/05/2014,138,138,132,24,24,69
31/05/2014,113,118,110,16,19,41
31/05/2014,101,106,103,11,14,34
31/05/2014,99,99,111,10,11,42
31/05/2014,83,92,86,5,8,19
31/05/2014,101,97,114,11,10,46
31/05/2014,96,94,103,9,9,33
31/05/2014,104,113,88,12,17,20
31/05/2014,124,110,126,21,16,63
31/05/2014,113,101,103,16,12,34
31/05/2014,87,99,94,6,11,25
31/05/2014,101,75,105,11,3,36
31/05/2014,106,103,118,13,13,51
31/05/2014,90,82,97,7,5,28
31/05/2014,96,106,111,9,14,42
31/05/2014,113,106,108,16,14,39
31/05/2014,87,79,83,6,4,17
31/05/2014,117,115,112,18,18,44
31/05/2014,79,82,101,4,5,31
31/05/2014,101,118,118,11,19,51
31/05/2014,74,92,93,3,8,24
31/05/2014,124,138,135,21,24,72
31/05/2014,117,110,108,18,16,39
31/05/2014,93,92,80,8,8,15
31/05/2014,90,89,95,7,7,26
31/05/2014,96,89,90,9,7,22
31/05/2014,83,92,90,5,8,22
31/05/2014,119,110,122,19,16,58
31/05/2014,113,123,122,16,21,58
31/05/2014,93,103,106,8,13,37
31/05/2014,122,132,137,20,23,73
31/05/2014,141,138,128,25,24,66
31/05/2014,99,99,92,10,11,23
31/05/2014,87,103,108,6,13,39
31/05/2014,106,120,118,13,20,51
31/05/2014,117,97,90,18,10,22
31/05/2014,115,103,117,17,13,50
31/05/2014,110,118,125,15,19,62
31/05/2014,99,97,83,10,10,17
31/05/2014,104,120,101,12,20,31
31/05/2014,122,110,115,20,16,47
31/05/2014,115,120,121,17,20,56
31/05/2014,83,82,86,5,5,19
31/05/2014,124,115,123,21,18,59
31/05/2014,99,118,101,10,19,31
31/05/2014,90,75,88,7,3,20
31/05/2014,110,110,116,15,16,48
31/05/2014,124,138,128,21,24,66
31/05/2014,106,108,111,13,15,43
31/05/2014,134,141,132,23,25,69
31/05/2014,101,99,95,11,11,26
31/05/2014,122,120,133,20,20,70
31/05/2014,79,75,101,4,3,31
31/05/2014,110,113,118,15,17,51
31/05/2014,101,92,105,11,8,36
31/05/2014,119,115,115,19,18,47
31/05/2014,117,110,122,18,16,58
31/05/2014,104,108,110,12,15,41
31/05/2014,83,86,93,5,6,24
31/05/2014,93,101,101,8,12,31
31/05/2014,113,123,118,16,21,52
31/05/2014,101,110,100,11,16,30
31/05/2014,104,113,107,12,17,38
31/05/2014,101,97,115,11,10,47
31/05/2014,79,106,88,4,14,20
31/05/2014,104,92,108,12,8,39
31/05/2014,99,92,97,10,8,28
31/05/2014,113,99,111,16,11,42
31/05/2014,122,126,127,20,22,64
31/05/2014,108,115,108,14,18,39
31/05/2014,113,120,120,16,20,54
31/05/2014,101,106,117,11,14,50
31/05/2014,119,113,121,19,17,56
31/05/2014,106,106,103,13,14,34
31/05/2014,104,103,115,12,13,47
31/05/2014,113,115,111,16,18,42
31/05/2014,119,118,124,19,19,61
31/05/2014,113,108,119,16,15,53
31/05/2014,113,132,123,16,23,60
31/05/2014,117,113,130,18,17,68
31/05/2014,106,101,111,13,12,43
31/05/2014,119,101,121,19,12,56
31/05/2014,90,106,115,7,14,47
31/05/2014,134,123,130,23,21,68
31/05/2014,108,103,121,14,13,56
31/05/2014,115,106,117,17,14,50
31/05/2014,115,108,109,17,15,40
31/05/2014,141,132,141,25,23,76
31/05/2014,117,108,128,18,15,66
31/05/2014,115,123,122,17,21,58
31/05/2014,90,101,112,7,12,44
31/05/2014,117,103,115,18,13,47
31/05/2014,104,99,101,12,11,31
31/05/2014,93,94,88,8,9,20
31/05/2014,119,106,108,19,14,39
31/05/2014,128,110,118,22,16,51
31/05/2014,124,103,116,21,13,48
31/05/2014,69,79,102,2,4,32
31/05/2014,113,101,110,16,12,41
31/05/2014,90,75,93,7,3,24
31/05/2014,96,132,112,9,23,44
31/05/2014,108,118,116,14,19,49
31/05/2014,99,92,108,10,8,39
31/05/2014,141,141,137,25,26,73
31/05/2014,122,106,110,20,14,41
31/05/2014,124,126,129,21,22,67
31/05/2014,128,126,128,22,22,66
31/05/2014,113,115,125,16,18,62
31/05/2014,74,72,86,3,2,19
31/05/2014,115,113,115,17,17,47
31/05/2014,96,106,95,9,14,26
31/05/2014,117,126,120,18,22,54
31/05/2014,119,120,135,19,20,72
31/05/2014,101,92,116,11,8,49
31/05/2014,128,118,125,22,19,62
31/05/2014,115,106,114,17,14,46
31/05/2014,96,94,103,9,9,34
31/05/2014,93,101,100,8,12,30
31/05/2014,96,103,106,9,13,37
31/05/2014,101,86,102,11,6,32
31/05/2014,87,115,101,6,18,31
31/05/2014,87,86,107,6,6,38
31/05/2014,104,108,109,12,15,40
31/05/2014,110,86,86,15,6,19
31/05/2014,99,92,80,10,8,15
31/05/2014,96,92,96,9,8,27
31/05/2014,101,108,88,11,15,20
31/05/2014,110,113,118,15,17,51
31/05/2014,101,103,113,11,13,45
31/05/2014,99,103,108,10,13,39
31/05/2014,106,110,111,13,16,42
31/05/2014,122,115,124,20,18,61
31/05/2014,99,118,111,10,19,43
31/05/2014,90,86,94,7,6,25
31/05/2014,108,106,108,14,14,39
31/05/2014,99,92,104,10,8,35
31/05/2014,96,108,109,9,15,40
31/05/2014,124,118,126,21,19,63
31/05/2014,101,115,111,11,18,43
31/05/2014,128,141,134,22,25,71
31/05/2014,124,126,125,21,22,62
31/05/2014,101,118,106,11,19,37
31/05/2014,134,110,135,23,16,72
31/05/2014,117,120,116,18,20,49
31/05/2014,113,106,106,16,14,37
31/05/2014,104,106,108,12,14,39
31/05/2014,113,115,117,16,18,50
31/05/2014,101,110,100,11,16,30
31/05/2014,117,118,122,18,19,58
31/05/2014,122,113,129,20,17,67
31/05/2014,110,106,117,15,14,50
31/05/2014,122,123,123,20,21,60
31/05/2014,115,118,130,17,19,68
31/05/2014,106,106,108,13,14,39
31/05/2014,90,113,90,7,17,22
31/05/2014,115,106,116,17,14,48
31/05/2014,113,118,118,16,19,52
31/05/2014,106,118,104,13,19,35
31/05/2014,99,106,95,10,14,26
31/05/2014,96,113,111,9,17,42
31/05/2014,117,106,123,18,14,59
31/05/2014,122,126,127,20,22,65
31/05/2014,106,115,118,13,18,52
31/05/2014,87,99,102,6,11,32
31/05/2014,117,115,126,18,18,63
31/05/2014,96,101,103,9,12,33
31/05/2014,108,113,118,14,17,52
31/05/2014,134,120,128,23,20,66
31/05/2014,87,72,101,6,2,31
31/05/2014,117,92,111,18,8,42
31/05/2014,96,75,95,9,3,26
31/05/2014,113,138,123,16,24,60
31/05/2014,104,94,107,12,9,38
31/05/2014,104,99,104,12,11,35
31/05/2014,110,113,116,15,17,49
31/05/2014,93,86,89,8,6,21
31/05/2014,99,103,108,10,13,39
31/05/2014,108,103,113,14,13,45
31/05/2014,108,120,121,14,20,56
31/05/2014,104,103,115,12,13,47
31/05/2014,138,132,127,24,23,65
31/05/2014,128,132,129,22,23,67
07/06/2014,128,132,137,22,23,73
07/06/2014,110,118,117,15,19,50
07/06/2014,96,97,110,9,10,41
07/06/2014,115,118,121,17,19,57
07/06/2014,128,126,127,22,22,65
07/06/2014,117,92,110,18,8,41
07/06/2014,138,141,120,24,25,55
07/06/2014,99,120,97,10,20,28
07/06/2014,108,97,103,14,10,33
07/06/2014,101,97,116,11,10,49
07/06/2014,124,123,127,21,21,64
07/06/2014,128,120,132,22,20,69
07/06/2014,101,86,111,11,6,43
07/06/2014,101,97,94,11,10,25
07/06/2014,101,113,113,11,17,45
07/06/2014,69,69,69,0,0,0
07/06/2014,119,118,126,19,19,63
07/06/2014,106,99,111,13,11,43
07/06/2014,99,115,105,10,18,36
07/06/2014,117,118,111,18,19,43
07/06/2014,117,110,124,18,16,61
07/06/2014,110,120,119,15,20,53
07/06/2014,104,115,118,12,18,51
07/06/2014,90,99,109,7,11,40
07/06/2014,110,106,117,15,14,50
07/06/2014,104,118,112,12,19,44
07/06/2014,106,120,118,13,20,51
07/06/2014,83,106,83,5,14,17
07/06/2014,106,101,106,13,12,37
07/06/2014,90,79,90,7,4,22
07/06/2014,104,92,103,12,8,33
07/06/2014,87,108,103,6,15,33
07/06/2014,134,118,129,23,19,67
07/06/2014,124,123,127,21,21,64
07/06/2014,104,86,103,12,6,33
07/06/2014,128,108,103,22,15,33
07/06/2014,138,120,121,24,20,56
07/06/2014,122,120,118,20,20,51
07/06/2014,128,132,127,22,23,65
07/06/2014,141,141,134,25,25,71
07/06/2014,96,99,110,9,11,41
07/06/2014,122,123,123,20,21,59
07/06/2014,141,138,137,25,24,73
07/06/2014,134,141,141,23,25,77
07/06/2014,138,110,123,24,16,59
07/06/2014,128,123,121,22,21,57
07/06/2014,122,103,110,20,13,41
07/06/2014,122,115,125,20,18,62
07/06/2014,128,115,124,22,18,61
07/06/2014,138,132,127,24,23,65
07/06/2014,106,115,116,13,18,49
07/06/2014,106,110,116,13,16,48
07/06/2014,106,120,108,13,20,39
07/06/2014,106,110,111,13,16,42
07/06/2014,104,99,113,12,11,45
07/06/2014,96,113,95,9,17,26
07/06/2014,113,106,113,16,14,45
07/06/2014,113,92,97,16,8,28
07/06/2014,99,89,90,10,7,22
07/06/2014,106,118,118,13,19,51
07/06/2014,115,108,114,17,15,46
07/06/2014,93,120,109,8,20,40
07/06/2014,69,92,88,2,8,20
07/06/2014,93,99,101,8,11,31
07/06/2014,124,115,120,21,18,55
07/06/2014,104,110,126,12,16,63
07/06/2014,96,113,105,9,17,36
07/06/2014,113,115,123,16,18,60
07/06/2014,106,106,103,13,14,34
07/06/2014,99,99,103,10,11,34
07/06/2014,104,126,101,12,22,31
07/06/2014,117,120,121,18,20,57
07/06/2014,113,126,123,16,22,60
07/06/2014,104,103,95,12,13,26
07/06/2014,113,115,111,16,18,42
07/06/2014,113,138,121,16,24,56
07/06/2014,108,106,101,14,14,31
07/06/2014,141,138,133,25,24,70
07/06/2014,104,106,103,12,14,34
07/06/2014,119,118,118,19,19,52
07/06/2014,124,138,127,21,24,64
07/06/2014,122,106,118,20,14,52
07/06/2014,99,94,115,10,9,47
07/06/2014,96,86,106,9,6,37
07/06/2014,96,99,105,9,11,36
07/06/2014,117,126,130,18,22,68
07/06/2014,119,110,123,19,16,60
07/06/2014,134,126,130,23,22,68
07/06/2014,110,120,116,15,20,48
07/06/2014,90,99,100,7,11,30
07/06/2014,138,123,138,24,21,74
07/06/2014,113,113,113,16,17,45
07/06/2014,113,110,119,16,16,53
07/06/2014,119,120,127,19,20,65
07/06/2014,141,113,119,25,17,53
07/06/2014,117,115,119,18,18,53
07/06/2014,117,103,107,18,13,38
07/06/2014,138,138,123,24,24,59
07/06/2014,128,118,124,22,19,61
07/06/2014,122,141,134,20,25,71
07/06/2014,117,120,121,18,20,57
07/06/2014,113,103,102,16,13,32
07/06/2014,79,108,97,4,15,28
07/06/2014,90,92,107,7,8,38
07/06/2014,101,110,121,11,16,56
07/06/2014,119,115,133,19,18,70
07/06/2014,87,86,82,6,6,16
07/06/2014,108,123,122,14,21,58
07/06/2014,79,89,90,4,7,22
07/06/2014,90,92,92,7,8,23
07/06/2014,96,101,97,9,12,28
07/06/2014,108,110,121,14,16,56
07/06/2014,104,120,104,12,20,35
07/06/2014,108,92,102,14,8,32
07/06/2014,128,120,132,22,20,69
07/06/2014,108,99,108,14,11,39
07/06/2014,74,89,82,3,7,16
07/06/2014,117,103,124,18,13,61
07/06/2014,93,99,83,8,11,17
07/06/2014,101,103,111,11,13,42
07/06/2014,104,101,115,12,12,47
07/06/2014,104,106,107,12,14,38
07/06/2014,93,82,78,8,5,14
07/06/2014,93,103,95,8,13,26
07/06/2014,115,115,123,17,18,60
07/06/2014,117,108,118,18,15,51
07/06/2014,124,141,122,21,25,58
07/06/2014,106,110,106,13,16,37
07/06/2014,115,120,126,17,20,63
07/06/2014,134,126,130,23,22,68
07/06/2014,115,115,128,17,18,66
07/06/2014,113,118,111,16,19,43
07/06/2014,138,138,141,24,24,79
07/06/2014,115,108,107,17,15,38
07/06/2014,108,113,123,14,17,59
07/06/2014,122,120,118,20,20,51
07/06/2014,138,132,138,24,23,74
07/06/2014,128,123,129,22,21,67
07/06/2014,124,138,133,21,24,70
07/06/2014,117,123,127,18,21,64
07/06/2014,104,106,124,12,14,61
07/06/2014,99,82,105,10,5,36
07/06/2014,101,118,107,11,19,38
07/06/2014,101,89,94,11,7,25
07/06/2014,90,75,98,7,3,29
07/06/2014,124,110,130,21,16,68
07/06/2014,108,94,109,14,9,40
07/06/2014,99,115,102,10,18,32
07/06/2014,117,123,115,18,21,47
07/06/2014,113,108,116,16,15,48
07/06/2014,101,94,103,11,9,33
07/06/2014,104,103,116,12,13,49
07/06/2014,101,101,115,11,12,47
07/06/2014,115,108,116,17,15,48
07/06/2014,99,86,95,10,6,26
07/06/2014,106,115,111,13,18,42
07/06/2014,113,103,102,16,13,32
07/06/2014,113,141,115,16,25,47
07/06/2014,113,141,123,16,25,60
07/06/2014,128,126,134,22,22,71
07/06/2014,108,126,118,14,22,51
07/06/2014,122,115,138,20,18,74
07/06/2014,83,99,94,5,11,25
07/06/2014,138,120,130,24,20,68
07/06/2014,113,123,119,16,21,53
07/06/2014,101,108,118,11,15,52
07/06/2014,134,120,124,23,20,61
07/06/2014,124,120,125,21,20,62
07/06/2014,138,126,141,24,22,77
07/06/2014,124,126,119,21,22,53
07/06/2014,117,123,121,18,21,57
07/06/2014,141,115,130,25,18,68
07/06/2014,117,110,119,18,16,53
07/06/2014,110,94,107,15,9,38
07/06/2014,119,108,109,19,15,40
07/06/2014,104,108,98,12,15,29
07/06/2014,113,113,116,16,17,49
07/06/2014,113,103,107,16,13,38
07/06/2014,96,82,108,9,5,39
07/06/2014,99,89,103,10,7,33
07/06/2014,115,101,111,17,12,43
07/06/2014,124,132,135,21,23,72
07/06/2014,110,108,116,15,15,48
07/06/2014,104,103,111,12,13,43
07/06/2014,117,132,124,18,23,61
07/06/2014,99,89,110,10,7,41
07/06/2014,119,120,135,19,20,72
07/06/2014,108,118,111,14,19,43
07/06/2014,87,94,93,6,9,24
07/06/2014,108,103,106,14,13,37
07/06/2014,96,103,83,9,13,17
07/06/2014,104,106,114,12,14,46
07/06/2014,108,106,115,14,14,47
07/06/2014,96,86,102,9,6,32
07/06/2014,119,115,127,19,18,65
07/06/2014,101,110,111,11,16,42
07/06/2014,83,97,83,5,10,17
07/06/2014,96,103,111,9,13,43
07/06/2014,79,94,104,4,9,35
07/06/2014,106,118,111,13,19,43
07/06/2014,108,106,120,14,14,55
07/06/2014,124,120,132,21,20,69
07/06/2014,115,106,121,17,14,56
07/06/2014,93,97,101,8,10,31
07/06/2014,96,97,115,9,10,47
07/06/2014,113,123,113,16,21,45
07/06/2014,122,126,129,20,22,67
07/06/2014,134,138,141,23,24,77
07/06/2014,141,132,141,25,23,76
07/06/2014,115,110,120,17,16,55
07/06/2014,124,118,116,21,19,49
07/06/2014,134,120,127,23,20,64
07/06/2014,106,92,106,13,8,37
07/06/2014,106,103,111,13,13,43
07/06/2014,106,92,104,13,8,35
07/06/2014,90,103,100,7,13,30
07/06/2014,104,110,105,12,16,36
07/06/2014,110,118,123,15,19,59
07/06/2014,106,99,109,13,11,40
07/06/2014,87,86,92,6,6,23
07/06/2014,124,132,133,21,23,70
07/06/2014,96,110,106,9,16,37
07/06/2014,122,120,127,20,20,64
07/06/2014,106,92,115,13,8,47
07/06/2014,122,118,121,20,19,57
07/06/2014,117,113,126,18,17,63
07/06/2014,110,86,100,15,6,30
07/06/2014,69,69,85,2,0,18
07/06/2014,87,103,97,6,13,28
07/06/2014,104,115,116,12,18,49
07/06/2014,113,106,123,16,14,60
07/06/2014,96,103,107,9,13,38
07/06/2014,108,110,112,14,16,44
07/06/2014,122,118,120,20,19,54
07/06/2014,101,118,112,11,19,44
07/06/2014,101,113,122,11,17,58
07/06/2014,96,92,98,9,8,29
07/06/2014,115,123,126,17,21,63
07/06/2014,101,113,95,11,17,26
07/06/2014,117,123,108,18,21,39
07/06/2014,79,106,112,4,14,44
07/06/2014,87,92,88,6,8,20
07/06/2014,99,106,111,10,14,42
07/06/2014,108,120,106,14,20,37
07/06/2014,108,99,109,14,11,40
07/06/2014,96,118,107,9,19,38
07/06/2014,113,97,114,16,10,46
07/06/2014,74,101,98,3,12,29
07/06/2014,113,132,117,16,23,50
07/06/2014,104,118,101,12,19,31
07/06/2014,101,97,112,11,10,44
07/06/2014,124,108,127,21,15,65
07/06/2014,108,115,118,14,18,52
07/06/2014,128,115,130,22,18,68
07/06/2014,110,120,112,15,20,44
07/06/2014,124,115,135,21,18,72
07/06/2014,134,126,129,23,22,67
07/06/2014,90,92,90,7,8,22
07/06/2014,128,126,133,22,22,70
07/06/2014,128,123,138,22,21,74
07/06/2014,138,138,124,24,24,61
07/06/2014,113,108,124,16,15,61
07/06/2014,99,101,116,10,12,49
07/06/2014,110,89,104,15,7,35
07/06/2014,93,123,102,8,21,32
07/06/2014,99,103,95,10,13,26
07/06/2014,99,108,88,10,15,20
07/06/2014,69,69,69,0,0,10
07/06/2014,117,120,120,18,20,55
07/06/2014,108,106,119,14,14,53
07/06/2014,90,97,106,7,10,37
07/06/2014,99,94,97,10,9,28
07/06/2014,122,101,118,20,12,51
07/06/2014,90,103,98,7,13,29
07/06/2014,90,106,100,7,14,30
07/06/2014,106,110,102,13,16,32
07/06/2014,110,94,97,15,9,28
07/06/2014,110,108,113,15,15,45
07/06/2014,104,103,105,12,13,36
07/06/2014,134,141,134,23,25,71
07/06/2014,106,120,111,13,20,42
07/06/2014,90,99,80,7,11,15
07/06/2014,104,115,113,12,18,45
07/06/2014,93,94,104,8,9,35
07/06/2014,124,120,130,21,20,68
07/06/2014,119,118,121,19,19,56
07/06/2014,128,141,132,22,25,69
07/06/2014,104,97,98,12,10,29
07/06/2014,117,113,123,18,17,59
07/06/2014,101,110,111,11,16,43
07/06/2014,108,115,106,14,18,37
14/06/2014,117,138,128,18,24,66
14/06/2014,124,123,135,21,21,72
14/06/2014,128,138,134,22,24,71
14/06/2014,122,132,117,20,23,50
14/06/2014,138,115,135,24,18,72
14/06/2014,90,75,98,7,3,29
14/06/2014,134,132,132,23,23,69
14/06/2014,106,101,107,13,12,38
14/06/2014,113,115,111,16,18,43
14/06/2014,122,118,118,20,19,51
14/06/2014,124,106,121,21,14,56
14/06/2014,117,99,121,18,11,57
14/06/2014,108,120,110,14,20,41
14/06/2014,110,113,112,15,17,44
14/06/2014,122,108,111,20,15,43
14/06/2014,108,101,104,14,12,35
14/06/2014,101,103,106,11,13,37
14/06/2014,83,97,102,5,10,32
14/06/2014,108,113,110,14,17,41
14/06/2014,96,89,100,9,7,30
14/06/2014,79,82,90,4,5,22
14/06/2014,96,92,103,9,8,34
14/06/2014,106,103,114,13,13,46
14/06/2014,106,106,107,13,14,38
14/06/2014,117,113,121,18,17,56
14/06/2014,79,101,80,4,12,15
14/06/2014,104,99,90,12,11,22
14/06/2014,115,110,111,17,16,42
14/06/2014,99,106,115,10,14,47
14/06/2014,90,101,96,7,12,27
14/06/2014,99,106,106,10,14,37
14/06/2014,83,103,106,5,13,37
14/06/2014,113,106,101,16,14,31
14/06/2014,128,120,124,22,20,61
14/06/2014,108,103,112,14,13,44
14/06/2014,101,97,97,11,10,28
14/06/2014,96,101,109,9,12,40
14/06/2014,119,123,116,19,21,49
14/06/2014,96,99,105,9,11,36
14/06/2014,122,120,119,20,20,53
14/06/2014,108,110,97,14,16,28
14/06/2014,113,101,107,16,12,38
14/06/2014,104,99,106,12,11,37
14/06/2014,115,108,117,17,15,50
14/06/2014,115,113,120,17,17,55
14/06/2014,119,120,123,19,20,59
14/06/2014,101,123,101,11,21,31
14/06/2014,134,138,138,23,24,74
14/06/2014,134,132,123,23,23,59
14/06/2014,115,106,106,17,14,37
14/06/2014,115,110,119,17,16,53
14/06/2014,83,101,92,5,12,23
14/06/2014,122,118,127,20,19,64
14/06/2014,108,86,117,14,6,50
14/06/2014,124,132,118,21,23,52
14/06/2014,87,106,110,6,14,41
14/06/2014,128,123,137,22,21,73
14/06/2014,134,126,138,23,22,74
14/06/2014,115,120,128,17,20,66
14/06/2014,122,99,114,20,11,46
14/06/2014,119,123,121,19,21,56
14/06/2014,117,113,127,18,17,64
14/06/2014,122,126,128,20,22,66
14/06/2014,110,106,115,15,14,47
14/06/2014,87,94,92,6,9,23
14/06/2014,110,97,105,15,10,36
14/06/2014,99,103,109,10,13,40
14/06/2014,108,113,97,14,17,28
14/06/2014,115,113,113,17,17,45
14/06/2014,83,75,78,5,3,14
14/06/2014,90,120,103,7,20,33
14/06/2014,90,103,101,7,13,31
14/06/2014,87,99,93,6,11,24
14/06/2014,101,97,98,11,10,29
14/06/2014,87,106,83,6,14,17
14/06/2014,93,106,89,8,14,21
14/06/2014,96,108,107,9,15,38
14/06/2014,83,86,89,5,6,21
14/06/2014,115,115,115,17,18,47
14/06/2014,93,92,103,8,8,33
14/06/2014,87,101,98,6,12,29
14/06/2014,110,113,114,15,17,46
14/06/2014,108,103,112,14,13,44
14/06/2014,110,99,119,15,11,53
14/06/2014,119,123,123,19,21,59
14/06/2014,93,99,100,8,11,30
14/06/2014,122,113,129,20,17,67
14/06/2014,113,110,111,16,16,42
14/06/2014,99,108,111,10,15,43
14/06/2014,122,110,128,20,16,66
14/06/2014,124,126,126,21,22,63
14/06/2014,119,113,114,19,17,46
14/06/2014,128,113,123,22,17,59
14/06/2014,87,101,95,6,12,26
14/06/2014,113,115,121,16,18,56
14/06/2014,115,108,118,17,15,52
14/06/2014,113,110,108,16,16,39
14/06/2014,119,118,119,19,19,53
14/06/2014,122,110,126,20,16,63
14/06/2014,122,113,119,20,17,53
14/06/2014,99,94,108,10,9,39
14/06/2014,138,123,134,24,21,71
14/06/2014,99,108,103,10,15,33
14/06/2014,111,89,106,15,7,36
14/06/2014,102,113,101,11,17,31
14/06/2014,99,97,115,10,10,47
14/06/2014,102,82,86,11,5,19
14/06/2014,74,79,85,3,4,18
14/06/2014,111,110,120,15,16,53
14/06/2014,102,79,98,11,4,28
14/06/2014,113,106,125,16,14,62
14/06/2014,104,104,103,12,13,33
14/06/2014,93,86,92,8,6,23
14/06/2014,122,104,131,20,13,68
14/06/2014,93,97,109,8,10,40
14/06/2014,117,113,122,18,17,58
14/06/2014,111,110,113,15,16,45
14/06/2014,79,106,100,4,14,30
14/06/2014,93,108,105,8,15,35
14/06/2014,104,99,103,12,11,33
14/06/2014,104,110,109,12,16,40
14/06/2014,84,97,89,5,10,21
14/06/2014,117,124,114,18,21,46
14/06/2014,93,79,78,8,4,14
14/06/2014,93,95,88,8,9,20
14/06/2014,115,97,120,17,10,53
14/06/2014,102,79,103,11,4,33
14/06/2014,115,132,126,17,23,63
14/06/2014,120,118,112,19,19,43
14/06/2014,104,97,110,12,10,41
14/06/2014,74,82,91,3,5,22
14/06/2014,113,115,123,16,18,59
14/06/2014,96,95,80,9,9,15
14/06/2014,96,86,111,9,6,42
14/06/2014,117,124,117,18,21,50
14/06/2014,87,102,100,6,12,30
14/06/2014,111,127,117,15,22,50
14/06/2014,104,104,108,12,13,39
14/06/2014,90,89,83,7,7,17
14/06/2014,115,113,118,17,17,51
14/06/2014,83,106,96,5,14,27
14/06/2014,106,94,96,13,9,27
14/06/2014,119,126,121,19,22,57
14/06/2014,122,120,125,20,20,62
14/06/2014,124,132,133,21,23,70
14/06/2014,113,118,120,16,19,55
14/06/2014,106,102,110,13,12,41
14/06/2014,111,115,121,15,18,55
14/06/2014,122,121,121,20,20,56
14/06/2014,122,132,127,20,23,64
14/06/2014,113,121,112,16,20,43
14/06/2014,122,115,122,20,18,58
14/06/2014,115,115,110,17,18,41
14/06/2014,106,82,99,13,5,29
14/06/2014,74,99,94,3,11,25
14/06/2014,102,86,99,11,6,29
14/06/2014,117,113,121,18,17,55
14/06/2014,99,86,86,10,6,19
14/06/2014,141,124,123,25,21,59
14/06/2014,115,124,113,17,21,45
14/06/2014,99,102,92,10,12,23
14/06/2014,139,127,128,24,22,66
14/06/2014,99,99,104,10,11,34
14/06/2014,74,89,85,3,7,18
14/06/2014,122,121,118,20,20,51
14/06/2014,117,132,131,18,23,68
14/06/2014,115,124,120,17,21,54
14/06/2014,102,106,112,11,14,43
14/06/2014,117,124,118,18,21,51
14/06/2014,99,97,106,10,10,37
14/06/2014,117,110,121,18,16,57
14/06/2014,128,127,127,22,22,64
14/06/2014,128,132,131,22,23,68
14/06/2014,139,132,134,24,23,71
14/06/2014,141,132,138,25,23,74
14/06/2014,134,132,141,23,23,76
14/06/2014,84,82,69,5,5,8
14/06/2014,104,108,112,12,15,44
14/06/2014,117,124,122,18,21,58
14/06/2014,117,118,120,18,19,54
14/06/2014,125,110,121,21,16,56
14/06/2014,104,92,94,12,8,25
14/06/2014,113,104,119,16,13,52
14/06/2014,122,115,111,20,18,42
14/06/2014,122,108,124,20,15,60
14/06/2014,106,102,104,13,12,34
14/06/2014,115,127,118,17,22,51
14/06/2014,104,97,93,12,10,24
14/06/2014,93,121,115,8,20,47
14/06/2014,117,110,125,18,16,62
14/06/2014,87,99,106,6,11,36
14/06/2014,125,124,124,21,21,61
14/06/2014,99,113,115,10,17,47
14/06/2014,106,108,110,13,15,41
14/06/2014,139,132,125,24,23,62
14/06/2014,102,110,108,11,16,39
14/06/2014,106,89,94,13,7,25
14/06/2014,91,113,106,7,17,36
14/06/2014,84,99,107,5,11,38
14/06/2014,102,102,115,11,12,47
14/06/2014,115,141,117,17,25,50
14/06/2014,117,118,127,18,19,64
14/06/2014,117,104,117,18,13,50
14/06/2014,108,110,122,14,16,57
14/06/2014,108,118,120,14,19,54
14/06/2014,139,121,135,24,20,72
14/06/2014,115,106,122,17,14,57
14/06/2014,134,124,131,23,21,68
14/06/2014,141,118,130,25,19,67
14/06/2014,122,132,122,20,23,57
14/06/2014,104,82,85,12,5,18
14/06/2014,106,92,97,13,8,27
14/06/2014,91,108,110,7,15,41
14/06/2014,113,127,114,16,22,46
14/06/2014,117,113,119,18,17,52
14/06/2014,115,115,124,17,18,60
14/06/2014,111,113,113,15,17,45
14/06/2014,120,108,132,19,15,69
14/06/2014,93,86,108,8,6,39
14/06/2014,87,95,94,6,9,25
14/06/2014,108,102,116,14,12,48
14/06/2014,104,104,121,12,13,55
14/06/2014,93,97,96,8,10,26
14/06/2014,115,118,112,17,19,44
14/06/2014,93,82,73,8,5,12
14/06/2014,93,99,96,8,11,26
14/06/2014,115,118,113,17,19,45
14/06/2014,115,115,123,17,18,59
14/06/2014,91,102,98,7,12,28
14/06/2014,134,132,138,23,23,74
14/06/2014,111,106,117,15,14,49
14/06/2014,102,138,107,11,24,37
14/06/2014,111,102,108,15,12,39
14/06/2014,79,76,75,4,3,13
14/06/2014,106,121,120,13,20,54
14/06/2014,91,115,107,7,18,37
14/06/2014,99,97,106,10,10,36
14/06/2014,108,121,115,14,20,47
14/06/2014,113,108,115,16,15,47
14/06/2014,141,127,141,25,22,77
14/06/2014,115,113,132,17,17,69
14/06/2014,128,113,122,22,17,58
14/06/2014,106,102,116,13,12,48
14/06/2014,104,110,108,12,16,39
14/06/2014,134,118,126,23,19,63
14/06/2014,104,82,116,12,5,48
14/06/2014,111,113,112,15,17,44
14/06/2014,102,113,109,11,17,40
14/06/2014,117,113,121,18,17,56
14/06/2014,139,138,130,24,24,67
14/06/2014,111,97,121,15,10,56
14/06/2014,117,115,107,18,18,38
14/06/2014,69,79,78,2,4,14
14/06/2014,93,95,109,8,9,40
14/06/2014,108,82,104,14,5,34
14/06/2014,134,127,123,23,22,59
14/06/2014,115,110,122,17,16,57
14/06/2014,108,113,113,14,17,45
14/06/2014,113,132,130,16,23,67
14/06/2014,125,121,120,21,20,54
14/06/2014,113,113,113,16,17,45
14/06/2014,91,95,93,7,9,24
14/06/2014,125,121,132,21,20,69
14/06/2014,115,108,131,17,15,68
14/06/2014,134,118,125,23,19,62
14/06/2014,102,102,110,11,12,41
14/06/2014,96,127,124,9,22,60
14/06/2014,122,132,125,20,23,62
14/06/2014,99,110,106,10,16,36
14/06/2014,125,138,138,21,24,74
14/06/2014,108,110,120,14,16,54
14/06/2014,93,82,107,8,5,38
14/06/2014,104,106,102,12,14,32
14/06/2014,99,92,93,10,8,24
14/06/2014,102,104,111,11,13,42
14/06/2014,113,138,124,16,24,61
14/06/2014,106,104,114,13,13,46
14/06/2014,115,121,123,17,20,59
14/06/2014,84,95,92,5,9,23
14/06/2014,106,102,112,13,12,43
14/06/2014,125,110,117,21,16,50
14/06/2014,120,124,110,19,21,41
14/06/2014,120,124,126,19,21,63
14/06/2014,122,115,123,20,18,59
14/06/2014,111,108,103,15,15,33
14/06/2014,120,110,120,19,16,53
14/06/2014,108,110,108,14,16,39
14/06/2014,104,92,103,12,8,33
14/06/2014,91,82,98,7,5,28
14/06/2014,79,92,101,4,8,31
14/06/2014,104,106,106,12,14,37
14/06/2014,87,95,93,6,9,24
14/06/2014,96,92,80,9,8,15
14/06/2014,96,97,96,9,10,26
14/06/2014,113,102,112,16,12,44
14/06/2014,99,95,101,10,9,31
14/06/2014,139,138,140,24,24,75
14/06/2014,96,108,111,9,15,42
14/06/2014,115,104,110,17,13,41
14/06/2014,115,127,124,17,22,61
14/06/2014,117,99,104,18,11,34
14/06/2014,93,86,102,8,6,32
14/06/2014,108,124,121,14,21,56
14/06/2014,125,121,120,21,20,54
21/06/2014,111,121,111,15,20,42
21/06/2014,113,99,122,16,11,58
21/06/2014,120,118,120,19,19,54
21/06/2014,106,108,107,13,15,37
21/06/2014,113,104,124,16,13,61
21/06/2014,122,115,122,20,18,57
21/06/2014,117,127,114,18,22,46
21/06/2014,125,127,122,21,22,57
21/06/2014,115,102,105,17,12,35
21/06/2014,141,118,138,25,19,73
21/06/2014,115,102,105,17,12,35
21/06/2014,111,102,107,15,12,38
21/06/2014,106,113,107,13,17,37
21/06/2014,93,102,94,8,12,25
21/06/2014,84,110,104,5,16,34
21/06/2014,84,97,69,5,10,0
21/06/2014,91,100,104,7,11,34
21/06/2014,111,118,117,15,19,49
21/06/2014,113,121,121,16,20,55
21/06/2014,111,104,113,15,13,45
21/06/2014,117,132,119,18,23,52
21/06/2014,87,102,86,6,12,19
21/06/2014,122,127,124,20,22,60
21/06/2014,104,106,105,12,14,35
21/06/2014,96,97,112,9,10,43
21/06/2014,122,141,134,20,25,70
21/06/2014,99,99,113,10,11,45
21/06/2014,99,108,112,10,15,43
21/06/2014,91,110,100,7,16,30
21/06/2014,128,113,134,22,17,70
21/06/2014,111,108,117,15,15,49
21/06/2014,96,97,96,9,10,26
21/06/2014,120,121,118,19,20,51
21/06/2014,87,89,92,6,7,23
21/06/2014,120,138,138,19,24,74
21/06/2014,117,121,117,18,20,49
21/06/2014,93,92,97,8,8,27
21/06/2014,99,110,117,10,16,50
21/06/2014,108,104,106,14,13,36
21/06/2014,122,132,130,20,23,67
21/06/2014,87,102,118,6,12,51
21/06/2014,87,92,85,6,8,18
21/06/2014,99,127,113,10,22,45
21/06/2014,115,99,124,17,11,60
21/06/2014,134,141,140,23,25,75
21/06/2014,141,141,141,25,26,78
21/06/2014,91,110,97,7,16,27
21/06/2014,111,82,116,15,5,48
21/06/2014,106,104,110,13,13,41
21/06/2014,106,89,109,13,7,40
21/06/2014,96,108,106,9,15,36
21/06/2014,111,124,124,15,21,60
21/06/2014,106,97,103,13,10,33
21/06/2014,111,97,122,15,10,58
21/06/2014,113,115,120,16,18,54
21/06/2014,125,121,119,21,20,52
21/06/2014,111,121,118,15,20,51
21/06/2014,117,138,121,18,24,55
21/06/2014,134,132,124,23,23,61
21/06/2014,134,124,125,23,21,62
21/06/2014,104,97,93,12,10,24
21/06/2014,87,95,93,6,9,24
21/06/2014,134,113,121,23,17,55
21/06/2014,117,121,134,18,20,70
21/06/2014,134,127,125,23,22,62
21/06/2014,120,115,117,19,18,50
21/06/2014,128,121,140,22,20,75
21/06/2014,128,115,119,22,18,52
21/06/2014,120,113,135,19,17,72
21/06/2014,93,99,94,8,11,25
21/06/2014,139,132,125,24,23,62
21/06/2014,111,106,117,15,14,49
21/06/2014,96,99,93,9,11,24
21/06/2014,120,127,117,19,22,49
21/06/2014,104,102,121,12,12,55
21/06/2014,84,82,91,5,5,22
21/06/2014,106,132,120,13,23,54
21/06/2014,120,102,114,19,12,46
21/06/2014,84,97,82,5,10,16
21/06/2014,79,76,88,4,3,20
21/06/2014,117,99,119,18,11,52
21/06/2014,84,108,99,5,15,29
21/06/2014,108,106,107,14,14,38
21/06/2014,99,110,100,10,16,30
21/06/2014,125,127,140,21,22,75
21/06/2014,91,86,73,7,6,12
21/06/2014,87,72,92,6,2,23
21/06/2014,93,89,102,8,7,32
21/06/2014,106,124,114,13,21,46
21/06/2014,93,104,103,8,13,33
21/06/2014,115,138,141,17,24,76
21/06/2014,93,89,92,8,7,23
21/06/2014,106,138,119,13,24,52
21/06/2014,93,95,84,8,9,17
21/06/2014,91,89,85,7,7,18
21/06/2014,99,97,110,10,10,41
21/06/2014,125,127,130,21,22,67
21/06/2014,113,121,127,16,20,64
21/06/2014,91,95,99,7,9,29
21/06/2014,69,72,82,2,2,16
21/06/2014,113,113,120,16,17,54
21/06/2014,122,115,127,20,18,65
21/06/2014,102,82,101,11,5,31
21/06/2014,96,102,98,9,12,28
21/06/2014,111,92,112,15,8,44
21/06/2014,106,99,116,13,11,48
21/06/2014,115,132,128,17,23,66
21/06/2014,117,121,115,18,20,47
21/06/2014,113,127,120,16,22,53
21/06/2014,99,106,115,10,14,47
21/06/2014,117,108,124,18,15,60
21/06/2014,113,89,118,16,7,51
21/06/2014,108,102,98,14,12,28
21/06/2014,87,99,100,6,11,30
21/06/2014,102,106,112,11,14,44
21/06/2014,141,127,131,25,22,68
21/06/2014,99,102,105,10,12,35
21/06/2014,128,141,134,22,26,71
21/06/2014,104,106,120,12,14,53
21/06/2014,117,113,121,18,17,56
21/06/2014,139,141,141,24,25,76
21/06/2014,106,99,100,13,11,30
21/06/2014,108,124,135,14,21,72
21/06/2014,122,138,126,20,24,63
21/06/2014,120,102,120,19,12,53
21/06/2014,87,92,106,6,8,36
21/06/2014,87,99,103,6,11,33
21/06/2014,93,106,110,8,14,41
21/06/2014,91,106,107,7,14,37
21/06/2014,106,115,106,13,18,36
21/06/2014,111,97,100,15,10,30
21/06/2014,99,110,96,10,16,26
21/06/2014,106,86,85,13,6,18
21/06/2014,96,106,105,9,14,35
21/06/2014,102,99,99,11,11,29
21/06/2014,113,121,119,16,20,52
21/06/2014,91,106,101,7,14,31
21/06/2014,120,121,124,19,20,61
21/06/2014,99,110,105,10,16,35
21/06/2014,106,115,104,13,18,34
21/06/2014,108,99,122,14,11,57
21/06/2014,91,106,102,7,14,32
21/06/2014,99,92,94,10,8,25
21/06/2014,102,106,114,11,14,46
21/06/2014,99,115,121,10,18,56
21/06/2014,104,124,114,12,21,46
21/06/2014,106,118,116,13,19,48
21/06/2014,102,106,118,11,14,51
21/06/2014,79,92,100,4,8,30
21/06/2014,115,97,108,17,10,39
21/06/2014,117,113,121,18,17,56
21/06/2014,93,92,88,8,8,20
21/06/2014,106,113,108,13,17,39
21/06/2014,111,106,107,15,14,37
21/06/2014,117,108,101,18,15,31
21/06/2014,104,86,99,12,6,29
21/06/2014,108,97,112,14,10,43
21/06/2014,141,118,127,25,19,65
21/06/2014,120,110,120,19,16,53
21/06/2014,115,110,124,17,16,61
21/06/2014,128,115,127,22,18,64
21/06/2014,141,138,141,25,24,77
21/06/2014,120,124,127,19,21,64
21/06/2014,108,99,92,14,11,23
21/06/2014,122,124,132,20,21,69
21/06/2014,113,108,119,16,15,52
21/06/2014,122,121,115,20,20,47
21/06/2014,139,132,141,24,23,78
21/06/2014,120,104,115,19,13,47
21/06/2014,106,106,101,13,14,31
21/06/2014,106,106,107,13,14,37
21/06/2014,113,113,107,16,17,37
21/06/2014,106,121,106,13,20,36
21/06/2014,122,110,119,20,16,52
21/06/2014,122,113,109,20,17,40
21/06/2014,69,69,89,0,0,21
21/06/2014,120,108,125,19,15,62
21/06/2014,93,108,94,8,15,25
21/06/2014,117,124,122,18,21,58
21/06/2014,102,113,106,11,17,36
21/06/2014,106,89,107,13,7,37
21/06/2014,93,102,86,8,12,19
21/06/2014,96,97,103,9,10,33
21/06/2014,108,106,113,14,14,45
21/06/2014,106,108,108,13,15,39
21/06/2014,122,124,126,20,21,63
21/06/2014,113,121,117,16,20,49
21/06/2014,122,124,124,20,21,60
21/06/2014,134,138,134,23,24,70
21/06/2014,122,121,120,20,20,53
21/06/2014,120,104,124,19,13,61
21/06/2014,117,127,116,18,22,48
21/06/2014,111,118,123,15,19,59
21/06/2014,117,124,123,18,21,59
21/06/2014,139,127,138,24,22,73
21/06/2014,125,121,134,21,20,70
21/06/2014,125,121,106,21,20,36
21/06/2014,87,92,97,6,8,27
21/06/2014,91,124,107,7,21,38
21/06/2014,108,113,105,14,17,35
21/06/2014,106,121,104,13,20,34
21/06/2014,108,110,122,14,16,58
21/06/2014,115,110,115,17,16,47
21/06/2014,115,115,122,17,18,58
21/06/2014,115,99,116,17,11,48
21/06/2014,84,79,86,5,4,19
21/06/2014,84,106,94,5,14,25
21/06/2014,99,89,115,10,7,47
21/06/2014,93,104,112,8,13,43
21/06/2014,117,115,122,18,18,58
21/06/2014,79,79,75,4,4,13
21/06/2014,91,76,97,7,3,27
21/06/2014,120,110,125,19,16,62
21/06/2014,128,106,122,22,14,57
21/06/2014,122,110,113,20,16,45
21/06/2014,108,97,102,14,10,32
21/06/2014,69,69,69,2,0,0
21/06/2014,128,132,128,22,23,66
21/06/2014,99,115,118,10,18,51
21/06/2014,91,82,93,7,5,24
21/06/2014,115,113,124,17,17,61
21/06/2014,93,82,89,8,5,21
21/06/2014,108,104,117,14,13,49
21/06/2014,128,121,132,22,20,69
21/06/2014,115,132,120,17,23,53
21/06/2014,111,132,124,15,23,60
21/06/2014,122,115,121,20,18,55
21/06/2014,134,127,138,23,22,73
21/06/2014,111,118,126,15,19,63
21/06/2014,125,127,128,21,22,66
21/06/2014,115,124,126,17,21,63
21/06/2014,93,97,108,8,10,39
21/06/2014,134,124,130,23,21,67
21/06/2014,93,92,112,8,8,43
21/06/2014,111,104,122,15,13,57
21/06/2014,122,110,125,20,16,62
21/06/2014,120,132,140,19,23,75
21/06/2014,115,110,131,17,16,68
21/06/2014,134,113,125,23,17,62
21/06/2014,128,132,116,22,23,48
21/06/2014,120,124,116,19,21,48
21/06/2014,91,79,86,7,4,19
21/06/2014,120,110,119,19,16,52
21/06/2014,115,118,112,17,19,44
21/06/2014,104,95,86,12,9,19
21/06/2014,104,108,100,12,15,30
21/06/2014,93,82,80,8,5,15
21/06/2014,128,127,122,22,22,57
21/06/2014,106,95,101,13,9,31
21/06/2014,115,118,123,17,19,59
21/06/2014,106,108,115,13,15,47
21/06/2014,108,132,110,14,23,41
21/06/2014,104,121,104,12,20,34
21/06/2014,96,113,114,9,17,46
21/06/2014,120,127,128,19,22,66
21/06/2014,106,89,97,13,7,27
21/06/2014,134,124,126,23,21,63
21/06/2014,111,95,93,15,9,24
21/06/2014,113,79,82,16,4,16
21/06/2014,106,113,121,13,17,56
21/06/2014,99,95,102,10,9,32
21/06/2014,99,79,104,10,4,34
21/06/2014,128,113,134,22,17,70
21/06/2014,106,121,121,13,20,55
21/06/2014,91,97,99,7,10,29
21/06/2014,69,95,92,2,9,23
21/06/2014,113,118,122,16,19,57
21/06/2014,91,92,89,7,8,21
21/06/2014,96,106,100,9,14,30
21/06/2014,117,110,115,18,16,47
21/06/2014,120,113,119,19,17,52
21/06/2014,108,99,111,14,11,42
21/06/2014,125,141,124,21,25,60
21/06/2014,102,106,117,11,14,49
21/06/2014,91,102,115,7,12,47
21/06/2014,108,102,101,14,12,31
21/06/2014,139,121,132,24,20,69
21/06/2014,120,132,138,19,23,73
21/06/2014,104,102,105,12,12,35
21/06/2014,99,79,116,10,4,48
21/06/2014,120,121,127,19,20,65
21/06/2014,99,113,113,10,17,45
21/06/2014,87,99,88,6,11,20
21/06/2014,108,102,105,14,12,35
21/06/2014,99,99,115,10,11,47
21/06/2014,115,86,117,17,6,49
21/06/2014,93,108,109,8,15,40
21/06/2014,102,115,116,11,18,48
21/06/2014,115,110,92,17,16,23
21/06/2014,104,106,119,12,14,52
21/06/2014,122,113,121,20,17,55
21/06/2014,122,118,123,20,19,59
21/06/2014,104,113,119,12,17,52
21/06/2014,96,95,112,9,9,44
21/06/2014,91,99,85,7,11,18
21/06/2014,122,118,138,20,19,74
21/06/2014,120,108,118,19,15,51
21/06/2014,102,118,116,11,19,48
21/06/2014,120,121,122,19,20,58
21/06/2014,106,121,105,13,20,35
21/06/2014,106,108,107,13,15,38
21/06/2014,104,106,101,12,14,31
21/06/2014,122,118,127,20,19,65
21/06/2014,111,102,117,15,12,49
21/06/2014,117,106,119,18,14,52
21/06/2014,113,110,127,16,16,65
21/06/2014,96,82,84,9,5,17
21/06/2014,106,110,115,13,16,47
21/06/2014,99,99,91,10,11,22
21/06/2014,125,121,124,21,20,61
21/06/2014,108,108,124,14,15,60
21/06/2014,104,99,102,12,11,32
21/06/2014,113,104,116,16,13,48
21/06/2014,139,124,117,24,21,50
21/06/2014,111,106,108,15,14,39
21/06/2014,84,86,88,5,6,20
21/06/2014,122,121,132,20,20,69
21/06/2014,108,106,102,14,14,32
21/06/2014,111,110,110,15,16,41
21/06/2014,134,124,141,23,21,79
21/06/2014,113,108,92,16,15,23
21/06/2014,117,121,122,18,20,58
28/06/2014,104,124,107,12,21,38
28/06/2014,93,89,96,8,7,26
28/06/2014,125,141,127,21,26,65
28/06/2014,102,108,106,11,15,36
28/06/2014,115,124,128,17,21,66
28/06/2014,106,108,104,13,15,34
28/06/2014,125,132,119,21,23,52
28/06/2014,134,127,134,23,22,71
28/06/2014,120,115,120,19,18,53
28/06/2014,117,124,123,18,21,59
28/06/2014,120,99,111,19,11,42
28/06/2014,111,124,112,15,21,44
28/06/2014,104,115,105,12,18,35
28/06/2014,106,110,117,13,16,49
28/06/2014,106,108,120,13,15,54
28/06/2014,122,132,123,20,23,59
28/06/2014,122,118,120,20,19,54
28/06/2014,102,110,117,11,16,50
28/06/2014,99,108,108,10,15,39
28/06/2014,113,108,113,16,15,45
28/06/2014,99,95,92,10,9,23
28/06/2014,84,95,96,5,9,26
28/06/2014,104,104,107,12,13,37
28/06/2014,117,118,120,18,19,54
28/06/2014,87,92,100,6,8,30
28/06/2014,115,127,124,17,22,60
28/06/2014,115,104,113,17,13,45
28/06/2014,93,99,93,8,11,24
28/06/2014,106,99,107,13,11,37
28/06/2014,87,106,101,6,14,31
28/06/2014,106,89,94,13,7,25
28/06/2014,87,97,93,6,10,24
28/06/2014,93,108,97,8,15,27
28/06/2014,91,76,78,7,3,14
28/06/2014,93,104,100,8,13,30
28/06/2014,93,92,104,8,8,34
28/06/2014,128,121,138,22,20,74
28/06/2014,99,92,92,10,8,23
28/06/2014,99,95,97,10,9,27
28/06/2014,115,138,131,17,24,68
28/06/2014,102,104,106,11,13,36
28/06/2014,117,99,117,18,11,49
28/06/2014,117,121,107,18,20,38
28/06/2014,113,102,116,16,12,48
28/06/2014,111,113,125,15,17,62
28/06/2014,122,121,132,20,20,69
28/06/2014,120,108,116,19,15,48
28/06/2014,122,108,122,20,15,57
28/06/2014,122,113,125,20,17,62
28/06/2014,125,115,121,21,18,55
28/06/2014,120,110,122,19,16,57
28/06/2014,93,95,116,8,9,48
28/06/2014,91,102,98,7,12,28
28/06/2014,122,118,123,20,19,59
28/06/2014,141,121,127,25,20,64
28/06/2014,134,124,122,23,21,57
28/06/2014,125,115,132,21,18,69
28/06/2014,111,106,113,15,14,45
28/06/2014,99,86,100,10,6,30
28/06/2014,115,115,114,17,18,46
28/06/2014,111,113,121,15,17,55
28/06/2014,104,110,117,12,16,50
28/06/2014,111,115,119,15,18,52
28/06/2014,104,121,107,12,20,38
28/06/2014,74,97,80,3,10,15
28/06/2014,134,138,134,23,24,71
28/06/2014,84,108,97,5,15,27
28/06/2014,91,110,98,7,16,28
28/06/2014,102,95,106,11,9,36
28/06/2014,111,121,117,15,20,50
28/06/2014,99,89,100,10,7,30
28/06/2014,113,118,122,16,19,57
28/06/2014,113,76,100,16,3,30
28/06/2014,108,79,110,14,4,41
28/06/2014,102,113,107,11,17,37
28/06/2014,111,95,100,15,9,30
28/06/2014,108,99,112,14,11,44
28/06/2014,111,92,86,15,8,19
28/06/2014,111,121,123,15,20,59
28/06/2014,120,121,125,19,20,62
28/06/2014,104,124,118,12,21,51
28/06/2014,122,110,130,20,16,67
28/06/2014,117,115,124,18,18,61
28/06/2014,93,99,93,8,11,24
28/06/2014,134,121,117,23,20,50
28/06/2014,120,127,134,19,22,70
28/06/2014,113,110,107,16,16,38
28/06/2014,108,121,106,14,20,36
28/06/2014,125,113,127,21,17,65
28/06/2014,113,124,120,16,21,54
28/06/2014,117,106,120,18,14,54
28/06/2014,117,121,130,18,20,67
28/06/2014,93,104,102,8,13,32
28/06/2014,122,108,138,20,15,73
28/06/2014,99,115,105,10,18,35
28/06/2014,117,121,113,18,20,45
28/06/2014,104,89,101,12,7,31
28/06/2014,122,118,122,20,19,58
28/06/2014,125,121,122,21,20,57
28/06/2014,106,118,104,13,19,34
28/06/2014,102,115,107,11,18,38
28/06/2014,108,113,108,14,17,39
28/06/2014,117,108,117,18,15,49
28/06/2014,120,99,114,19,11,46
28/06/2014,79,86,93,4,6,24
28/06/2014,120,92,108,19,8,39
28/06/2014,93,82,98,8,5,28
28/06/2014,91,106,99,7,14,29
28/06/2014,91,110,102,7,16,32
28/06/2014,102,99,113,11,11,45
28/06/2014,87,95,89,6,9,21
28/06/2014,96,95,84,9,9,17
28/06/2014,102,89,105,11,7,35
28/06/2014,87,102,112,6,12,44
28/06/2014,102,106,120,11,14,54
28/06/2014,104,106,98,12,14,28
28/06/2014,115,102,121,17,12,55
28/06/2014,84,82,85,5,5,18
28/06/2014,108,104,97,14,13,27
28/06/2014,120,115,123,19,18,59
28/06/2014,106,110,112,13,16,43
28/06/2014,102,95,97,11,9,27
28/06/2014,104,106,120,12,14,54
28/06/2014,115,110,112,17,16,44
28/06/2014,102,92,110,11,8,41
28/06/2014,139,127,132,24,22,69
28/06/2014,117,118,109,18,19,40
28/06/2014,102,118,110,11,19,41
28/06/2014,122,118,124,20,19,60
28/06/2014,93,89,75,8,7,13
28/06/2014,113,113,115,16,17,47
28/06/2014,139,127,134,24,22,70
28/06/2014,139,115,128,24,18,66
28/06/2014,102,108,104,11,15,34
28/06/2014,120,115,107,19,18,38
28/06/2014,139,110,124,24,16,61
28/06/2014,134,127,132,23,22,69
28/06/2014,134,121,135,23,20,72
28/06/2014,134,138,141,23,24,76
28/06/2014,134,124,114,23,21,46
28/06/2014,117,127,112,18,22,44
28/06/2014,117,115,120,18,18,53
28/06/2014,106,118,106,13,19,36
28/06/2014,84,97,94,5,10,25
28/06/2014,120,118,119,19,19,52
28/06/2014,115,108,110,17,15,41
28/06/2014,74,99,84,3,11,17
28/06/2014,106,118,121,13,19,55
28/06/2014,99,95,97,10,9,27
28/06/2014,108,104,112,14,13,43
28/06/2014,106,99,99,13,11,29
28/06/2014,111,99,122,15,11,57
28/06/2014,96,99,107,9,11,38
28/06/2014,93,82,99,8,5,29
28/06/2014,91,79,101,7,4,31
28/06/2014,122,115,122,20,18,58
28/06/2014,106,106,109,13,14,40
28/06/2014,96,95,101,9,9,31
28/06/2014,74,97,85,3,10,18
28/06/2014,91,104,99,7,13,29
28/06/2014,113,97,111,16,10,42
28/06/2014,96,102,107,9,12,37
28/06/2014,108,108,117,14,15,50
28/06/2014,84,95,84,5,9,17
28/06/2014,117,121,124,18,20,60
28/06/2014,128,118,126,22,19,63
28/06/2014,122,138,128,20,24,66
28/06/2014,115,118,127,17,19,64
28/06/2014,115,115,127,17,18,64
28/06/2014,108,113,116,14,17,48
28/06/2014,99,121,103,10,20,33
28/06/2014,120,132,130,19,23,67
28/06/2014,120,102,104,19,12,34
28/06/2014,106,106,107,13,14,38
28/06/2014,93,95,94,8,9,25
28/06/2014,84,82,89,5,5,21
28/06/2014,104,97,111,12,10,42
28/06/2014,134,138,135,23,24,72
28/06/2014,108,118,110,14,19,41
28/06/2014,96,99,102,9,11,32
28/06/2014,111,99,116,15,11,48
28/06/2014,96,92,103,9,8,33
28/06/2014,84,95,91,5,9,22
28/06/2014,87,102,99,6,12,29
28/06/2014,102,104,101,11,13,31
28/06/2014,91,95,106,7,9,36
28/06/2014,125,124,130,21,21,67
28/06/2014,113,104,107,16,13,38
28/06/2014,113,110,107,16,16,37
28/06/2014,115,108,107,17,15,37
28/06/2014,96,95,93,9,9,24
28/06/2014,87,99,101,6,11,31
28/06/2014,117,118,112,18,19,43
28/06/2014,110,113,120,15,17,54
28/06/2014,104,113,110,12,17,41
28/06/2014,91,89,99,7,7,29
28/06/2014,84,92,103,5,8,33
28/06/2014,117,115,118,18,18,51
28/06/2014,99,110,96,10,16,26
28/06/2014,108,118,113,14,19,45
28/06/2014,139,127,132,24,22,69
28/06/2014,111,108,94,15,15,25
28/06/2014,117,110,117,18,16,50
28/06/2014,108,108,107,14,15,37
28/06/2014,106,97,85,13,10,18
28/06/2014,122,113,126,20,17,63
28/06/2014,122,118,122,20,19,57
28/06/2014,117,127,120,18,22,54
28/06/2014,117,102,111,18,12,42
28/06/2014,125,124,123,21,21,59
28/06/2014,117,138,134,18,24,70
28/06/2014,125,132,125,21,23,62
28/06/2014,125,110,107,21,16,38
28/06/2014,139,132,138,24,23,74
28/06/2014,122,132,127,20,23,64
28/06/2014,120,99,113,19,11,45
28/06/2014,108,118,120,14,19,54
28/06/2014,106,127,102,13,22,32
28/06/2014,87,110,104,6,16,34
28/06/2014,113,89,113,16,7,45
28/06/2014,108,104,110,14,13,41
28/06/2014,108,95,113,14,9,45
28/06/2014,93,102,105,8,12,35
28/06/2014,99,104,102,10,13,32
28/06/2014,141,132,141,25,23,77
28/06/2014,117,132,132,18,23,69
28/06/2014,106,104,111,13,13,42
28/06/2014,117,118,119,18,19,52
28/06/2014,106,97,100,13,10,30
28/06/2014,108,92,107,14,8,37
28/06/2014,79,108,94,4,15,25
28/06/2014,122,132,122,20,23,57
28/06/2014,104,115,107,12,18,37
28/06/2014,84,95,80,5,9,15
28/06/2014,104,106,106,12,14,36
28/06/2014,102,113,94,11,17,25
28/06/2014,141,141,138,25,25,74
28/06/2014,111,113,109,15,17,40
28/06/2014,115,124,120,17,21,53
28/06/2014,79,89,88,4,7,20
28/06/2014,115,108,116,17,15,48
28/06/2014,117,110,131,18,16,68
28/06/2014,104,89,103,12,7,33
28/06/2014,113,106,122,16,14,58
28/06/2014,120,113,107,19,17,37
28/06/2014,113,110,112,16,16,44
28/06/2014,91,97,101,7,10,31
28/06/2014,120,108,130,19,15,67
28/06/2014,128,121,127,22,20,64
28/06/2014,117,108,112,18,15,44
28/06/2014,69,82,88,1,5,20
28/06/2014,102,110,108,11,16,39
28/06/2014,111,132,126,15,23,63
28/06/2014,99,99,118,10,11,51
28/06/2014,115,115,117,17,18,49
28/06/2014,108,121,121,14,20,55
28/06/2014,120,132,115,19,23,47
28/06/2014,113,104,120,16,13,53
28/06/2014,139,141,138,24,25,73
28/06/2014,108,102,114,14,12,46
28/06/2014,120,118,117,19,19,50
28/06/2014,96,108,106,9,15,36
28/06/2014,99,106,109,10,14,40
28/06/2014,106,127,103,13,22,33
28/06/2014,84,110,93,5,16,24
28/06/2014,106,102,107,13,12,37
28/06/2014,93,102,109,8,12,40
28/06/2014,115,89,107,17,7,37
28/06/2014,74,79,89,3,4,21
28/06/2014,104,89,111,12,7,42
28/06/2014,113,110,110,16,16,41
28/06/2014,113,108,120,16,15,53
28/06/2014,117,110,115,18,16,47
28/06/2014,111,121,122,15,20,57
28/06/2014,111,102,106,15,12,36
28/06/2014,120,110,117,19,16,49
28/06/2014,115,104,119,17,13,52
28/06/2014,115,124,119,17,21,52
28/06/2014,93,99,117,8,11,49
28/06/2014,102,110,103,11,16,33
28/06/2014,106,115,107,13,18,37
28/06/2014,91,69,88,7,0,20
28/06/2014,93,92,101,8,8,31
28/06/2014,113,115,120,16,18,54
28/06/2014,128,110,125,22,16,62
28/06/2014,134,132,135,23,23,72
28/06/2014,79,82,85,4,5,18
28/06/2014,87,95,99,6,9,29
28/06/2014,106,79,91,13,4,22
28/06/2014,102,99,109,11,11,40
28/06/2014,115,138,121,17,24,56
28/06/2014,117,99,116,18,11,48
28/06/2014,104,104,102,12,13,32
28/06/2014,91,92,104,7,8,34
28/06/2014,91,108,104,7,15,34
28/06/2014,113,115,117,16,18,50
28/06/2014,111,113,115,15,17,47
28/06/2014,106,132,119,13,23,52
28/06/2014,125,132,128,21,23,66
28/06/2014,134,124,132,23,21,69
05/07/2014,96,110,119,9,16,52
05/07/2014,91,97,106,7,10,36
05/07/2014,102,99,103,11,11,33
05/07/2014,111,124,121,15,21,55
05/07/2014,115,113,123,17,17,59
05/07/2014,122,118,126,20,19,63
05/07/2014,139,115,134,24,18,70
05/07/2014,141,132,135,25,23,72
05/07/2014,102,106,117,11,14,49
05/07/2014,125,127,127,21,22,65
05/07/2014,120,108,114,19,15,46
05/07/2014,111,132,117,15,23,50
05/07/2014,99,89,105,10,7,35
05/07/2014,79,86,84,4,6,17
05/07/2014,111,115,118,15,18,51
05/07/2014,87,97,100,6,10,30
05/07/2014,117,124,127,18,21,64
05/07/2014,111,118,114,15,19,46
05/07/2014,106,104,92,13,13,23
05/07/2014,93,89,99,8,7,29
05/07/2014,120,108,115,19,15,47
05/07/2014,108,92,106,14,8,36
05/07/2014,104,95,118,12,9,51
05/07/2014,106,104,105,13,13,35
05/07/2014,111,110,105,15,16,35
05/07/2014,111,115,112,15,18,44
05/07/2014,93,97,102,8,10,32
05/07/2014,99,110,98,10,16,28
05/07/2014,125,118,123,21,19,59
05/07/2014,93,86,96,8,6,26
05/07/2014,74,92,88,3,8,20
05/07/2014,104,104,101,12,13,31
05/07/2014,134,138,132,23,24,69
05/07/2014,120,115,112,19,18,44
05/07/2014,79,102,88,4,12,20
05/07/2014,104,110,104,12,16,34
05/07/2014,125,124,121,21,21,56
05/07/2014,91,86,94,7,6,25
05/07/2014,99,97,102,10,10,32
05/07/2014,91,89,96,7,7,26
05/07/2014,113,110,113,16,16,45
05/07/2014,93,89,108,8,7,39
05/07/2014,87,95,80,6,9,15
05/07/2014,128,124,121,22,21,55
05/07/2014,125,108,123,21,15,59
05/07/2014,122,108,127,20,15,64
05/07/2014,108,110,107,14,16,38
05/07/2014,125,138,122,21,24,58
05/07/2014,108,106,102,14,14,32
05/07/2014,113,97,103,16,10,33
05/07/2014,111,124,116,15,21,48
05/07/2014,99,97,112,10,10,44
05/07/2014,128,124,123,22,21,59
05/07/2014,139,138,123,24,24,59
05/07/2014,139,141,132,24,25,69
05/07/2014,84,86,92,5,6,23
05/07/2014,128,115,130,22,18,67
05/07/2014,139,124,141,24,21,78
05/07/2014,111,118,121,15,19,55
05/07/2014,125,108,120,21,15,54
05/07/2014,111,110,102,15,16,32
05/07/2014,125,127,123,21,22,59
05/07/2014,115,124,124,17,21,60
05/07/2014,125,124,121,21,21,56
05/07/2014,122,127,127,20,22,65
05/07/2014,91,92,105,7,8,35
05/07/2014,99,110,97,10,16,27
05/07/2014,87,95,70,6,9,11
05/07/2014,108,106,105,14,14,35
05/07/2014,93,95,98,8,9,28
05/07/2014,106,95,118,13,9,51
05/07/2014,96,89,107,9,7,37
05/07/2014,108,106,99,14,14,29
05/07/2014,111,92,107,15,8,37
05/07/2014,99,110,110,10,16,41
05/07/2014,128,102,110,22,12,41
05/07/2014,102,97,107,11,10,37
05/07/2014,93,104,113,8,13,45
05/07/2014,113,121,113,16,20,45
05/07/2014,104,106,118,12,14,51
05/07/2014,87,104,101,6,13,31
05/07/2014,125,97,117,21,10,49
05/07/2014,99,127,115,10,22,47
05/07/2014,79,110,102,4,16,32
05/07/2014,93,104,93,8,13,24
05/07/2014,99,89,101,10,7,31
05/07/2014,87,79,92,6,4,23
05/07/2014,93,97,82,8,10,16
05/07/2014,120,97,109,19,10,40
05/07/2014,87,89,88,6,7,20
05/07/2014,117,113,121,18,17,55
05/07/2014,91,99,91,7,11,22
05/07/2014,111,110,115,15,16,47
05/07/2014,106,86,124,13,6,61
05/07/2014,117,102,106,18,12,36
05/07/2014,113,113,112,16,17,43
05/07/2014,120,127,127,19,22,65
05/07/2014,120,118,122,19,19,57
05/07/2014,104,118,101,12,19,31
05/07/2014,93,92,104,8,8,34
05/07/2014,115,132,121,17,23,56
05/07/2014,128,124,134,22,21,70
05/07/2014,117,115,120,18,18,53
05/07/2014,125,108,127,21,15,65
05/07/2014,139,132,141,24,23,77
05/07/2014,96,92,101,9,8,31
05/07/2014,122,110,115,20,16,47
05/07/2014,104,97,109,12,10,40
05/07/2014,91,99,101,7,11,31
05/07/2014,115,121,131,17,20,68
05/07/2014,113,121,117,16,20,50
05/07/2014,111,108,112,15,15,44
05/07/2014,87,92,88,6,8,20
05/07/2014,104,104,112,12,13,43
05/07/2014,113,121,121,16,20,55
05/07/2014,104,95,102,12,9,32
05/07/2014,106,115,93,13,18,24
05/07/2014,113,138,117,16,24,49
05/07/2014,102,106,110,11,14,41
05/07/2014,74,76,75,3,3,13
05/07/2014,93,102,118,8,12,51
05/07/2014,113,86,101,16,6,31
05/07/2014,115,118,121,17,19,56
05/07/2014,102,108,114,11,15,46
05/07/2014,91,79,84,7,4,17
05/07/2014,104,92,117,12,8,50
05/07/2014,117,121,122,18,20,58
05/07/2014,102,92,93,11,8,24
05/07/2014,120,113,120,19,17,54
05/07/2014,96,102,107,9,12,38
05/07/2014,84,69,92,5,1,23
05/07/2014,115,104,121,17,13,56
05/07/2014,111,82,110,15,5,41
05/07/2014,84,106,92,5,14,23
05/07/2014,108,95,106,14,9,36
05/07/2014,69,92,80,2,8,15
05/07/2014,115,104,112,17,13,43
05/07/2014,117,115,121,18,18,55
05/07/2014,115,118,124,17,19,60
05/07/2014,128,124,127,22,21,64
05/07/2014,122,108,126,20,15,63
05/07/2014,108,127,123,14,22,59
05/07/2014,128,108,122,22,15,58
05/07/2014,111,108,110,15,15,41
05/07/2014,139,132,134,24,23,71
05/07/2014,111,102,114,15,12,46
05/07/2014,113,102,120,16,12,53
05/07/2014,128,124,125,22,21,62
05/07/2014,117,124,130,18,21,67
05/07/2014,134,141,140,23,25,75
05/07/2014,139,141,135,24,26,72
05/07/2014,106,110,112,13,16,43
05/07/2014,125,138,124,21,24,61
05/07/2014,122,110,127,20,16,64
05/07/2014,134,106,120,23,14,54
05/07/2014,128,124,128,22,21,66
05/07/2014,120,104,124,19,13,61
05/07/2014,122,110,117,20,16,50
05/07/2014,117,121,120,18,20,54
05/07/2014,115,104,97,17,13,27
05/07/2014,120,115,125,19,18,62
05/07/2014,113,115,117,16,18,49
05/07/2014,93,99,94,8,11,25
05/07/2014,84,92,93,5,8,24
05/07/2014,128,132,126,22,23,63
05/07/2014,93,92,105,8,8,35
05/07/2014,84,102,82,5,12,16
05/07/2014,108,113,101,14,17,31
05/07/2014,120,118,119,19,19,52
05/07/2014,117,110,116,18,16,48
05/07/2014,87,82,98,6,5,28
05/07/2014,102,89,93,11,7,24
05/07/2014,104,95,120,12,9,54
05/07/2014,104,97,99,12,10,29
05/07/2014,106,115,106,13,18,36
05/07/2014,84,99,106,5,11,36
05/07/2014,108,104,106,14,13,36
05/07/2014,120,108,120,19,15,53
05/07/2014,115,115,117,17,18,50
05/07/2014,115,118,112,17,19,44
05/07/2014,104,95,104,12,9,34
05/07/2014,96,99,100,9,11,30
05/07/2014,122,110,122,20,16,57
05/07/2014,141,141,141,25,25,78
05/07/2014,125,127,118,21,22,51
05/07/2014,87,72,91,6,2,22
05/07/2014,106,102,117,13,12,50
05/07/2014,134,121,127,23,20,65
05/07/2014,134,110,118,23,16,51
05/07/2014,117,127,127,18,22,65
05/07/2014,125,124,141,21,21,76
05/07/2014,128,127,128,22,22,66
05/07/2014,102,110,110,11,16,41
05/07/2014,128,115,127,22,18,64
05/07/2014,139,141,141,24,26,78
05/07/2014,120,104,127,19,13,64
05/07/2014,125,141,132,21,26,69
05/07/2014,120,113,120,19,17,54
05/07/2014,106,121,124,13,20,60
05/07/2014,111,113,112,15,17,44
05/07/2014,139,138,134,24,24,71
05/07/2014,141,138,134,25,24,71
05/07/2014,125,110,128,21,16,66
05/07/2014,106,115,100,13,18,30
05/07/2014,122,95,114,20,9,46
05/07/2014,96,113,91,9,17,22
05/07/2014,113,108,119,16,15,52
05/07/2014,111,108,112,15,15,44
05/07/2014,113,115,117,16,18,49
05/07/2014,104,102,107,12,12,38
05/07/2014,113,115,110,16,18,41
05/07/2014,111,99,94,15,11,25
05/07/2014,93,92,105,8,8,35
05/07/2014,111,113,109,15,17,40
05/07/2014,102,108,112,11,15,44
05/07/2014,111,118,114,15,19,46
05/07/2014,96,97,97,9,10,27
05/07/2014,108,102,105,14,12,35
05/07/2014,106,115,96,13,18,26
05/07/2014,79,99,100,4,11,30
05/07/2014,120,113,112,19,17,44
05/07/2014,108,102,106,14,12,36
05/07/2014,115,108,110,17,15,41
05/07/2014,117,138,112,18,24,44
05/07/2014,93,89,100,8,7,30
05/07/2014,91,95,93,7,9,24
05/07/2014,113,124,120,16,21,53
05/07/2014,115,106,124,17,14,61
05/07/2014,111,141,134,15,25,71
05/07/2014,111,118,111,15,19,42
05/07/2014,134,127,138,23,22,74
05/07/2014,122,124,127,20,21,65
05/07/2014,111,97,103,15,10,33
05/07/2014,122,106,125,20,14,62
05/07/2014,134,127,134,23,22,70
05/07/2014,102,113,104,11,17,34
05/07/2014,115,118,122,17,19,58
05/07/2014,99,95,100,10,9,30
05/07/2014,111,110,115,15,16,47
05/07/2014,120,121,119,19,20,52
05/07/2014,96,106,101,9,14,31
05/07/2014,113,104,116,16,13,48
05/07/2014,106,99,107,13,11,37
05/07/2014,102,102,100,11,12,30
05/07/2014,106,108,117,13,15,49
05/07/2014,115,108,113,17,15,45
05/07/2014,113,106,114,16,14,46
05/07/2014,84,82,86,5,5,19
05/07/2014,128,121,130,22,20,67
05/07/2014,120,115,112,19,18,44
05/07/2014,87,97,101,6,10,31
05/07/2014,91,89,97,7,7,27
05/07/2014,93,92,104,8,8,34
05/07/2014,106,113,110,13,17,41
05/07/2014,96,113,113,9,17,45
05/07/2014,91,86,82,7,6,16
05/07/2014,106,102,105,13,12,35
05/07/2014,108,110,122,14,16,57
05/07/2014,96,92,98,9,8,28
05/07/2014,134,124,126,23,21,63
05/07/2014,96,106,110,9,14,41
05/07/2014,102,97,99,11,10,29
05/07/2014,91,92,84,7,8,17
05/07/2014,104,113,110,12,17,41
05/07/2014,102,110,109,11,16,40
05/07/2014,125,110,127,21,16,64
05/07/2014,125,118,123,21,19,59
05/07/2014,91,99,96,7,11,26
05/07/2014,96,113,82,9,17,16
05/07/2014,128,132,132,22,23,69
05/07/2014,117,115,124,18,18,61
05/07/2014,93,104,104,8,13,34
05/07/2014,106,127,125,13,22,62
05/07/2014,115,121,117,17,20,49
05/07/2014,113,92,121,16,8,56
05/07/2014,134,118,141,23,19,76
05/07/2014,128,115,125,22,18,62
05/07/2014,99,92,107,10,8,38
05/07/2014,128,102,121,22,12,55
05/07/2014,106,108,107,13,15,38
05/07/2014,117,115,116,18,18,48
05/07/2014,111,113,123,15,17,59
05/07/2014,106,95,105,13,9,35
05/07/2014,113,108,101,16,15,31
05/07/2014,113,115,124,16,18,61
05/07/2014,111,113,107,15,17,38
05/07/2014,120,113,106,19,17,36
05/07/2014,115,115,124,17,18,60
05/07/2014,115,108,104,17,15,34
05/07/2014,106,102,111,13,12,42
05/07/2014,113,115,125,16,18,62
05/07/2014,128,132,125,22,23,62
05/07/2014,111,108,121,15,15,56
05/07/2014,93,104,88,8,13,20
05/07/2014,74,69,78,3,1,14
05/07/2014,102,113,108,11,17,39
05/07/2014,99,118,97,10,19,27
05/07/2014,106,97,111,13,10,42
05/07/2014,102,99,89,11,11,21
05/07/2014,99,97,109,10,10,40
05/07/2014,99,89,107,10,7,37
05/07/2014,111,106,114,15,14,46
05/07/2014,106,106,109,13,14,40
05/07/2014,79,86,73,4,6,12
05/07/2014,108,108,117,14,15,49
05/07/2014,91,92,100,7,8,30
05/07/2014,102,110,112,11,16,43
05/07/2014,102,106,116,11,14,48
05/07/2014,96,102,103,9,12,33
05/07/2014,113,106,115,16,14,47
05/07/2014,99,104,109,10,13,40
05/07/2014,104,108,105,12,15,35
05/07/2014,108,97,101,14,10,31
05/07/2014,91,97,98,7,10,28
05/07/2014,91,102,82,7,12,16
05/07/2014,106,113,107,13,17,38
05/07/2014,96,115,108,9,18,39
05/07/2014,134,127,141,23,22,76
05/07/2014,128,127,134,22,22,70
05/07/2014,108,106,115,14,14,47
05/07/2014,122,127,122,20,22,58
05/07/2014,113,86,102,16,6,32
05/07/2014,108,110,104,14,16,34
12/07/2014,115,104,104,17,13,34
12/07/2014,120,121,119,19,20,52
12/07/2014,122,92,125,20,8,62
12/07/2014,120,102,115,19,12,47
12/07/2014,141,141,140,25,26,75
12/07/2014,113,102,117,16,12,50
12/07/2014,122,110,128,20,16,66
12/07/2014,139,115,134,24,18,71
12/07/2014,113,121,128,16,20,66
12/07/2014,108,113,113,14,17,45
12/07/2014,117,138,121,18,24,55
12/07/2014,113,104,114,16,13,46
12/07/2014,120,115,120,19,18,54
12/07/2014,108,102,106,14,12,36
12/07/2014,125,132,127,21,23,65
12/07/2014,91,118,103,7,19,33
12/07/2014,115,113,113,17,17,45
12/07/2014,96,99,103,9,11,33
12/07/2014,108,113,117,14,17,50
12/07/2014,87,89,102,6,7,32
12/07/2014,102,97,113,11,10,45
12/07/2014,111,115,110,15,18,41
12/07/2014,115,121,123,17,20,59
12/07/2014,87,86,91,6,6,22
12/07/2014,99,102,109,10,12,40
12/07/2014,99,104,99,10,13,29
12/07/2014,111,113,108,15,17,39
12/07/2014,113,110,111,16,16,42
12/07/2014,125,115,121,21,18,55
12/07/2014,125,104,122,21,13,58
12/07/2014,108,104,117,14,13,49
12/07/2014,120,121,141,19,20,76
12/07/2014,111,132,124,15,23,60
12/07/2014,111,106,113,15,14,45
12/07/2014,96,108,103,9,15,33
12/07/2014,113,106,121,16,14,55
12/07/2014,117,106,127,18,14,64
12/07/2014,84,89,85,5,7,18
12/07/2014,84,97,98,5,10,28
12/07/2014,115,113,121,17,17,55
12/07/2014,106,97,117,13,10,50
12/07/2014,93,92,91,8,8,22
12/07/2014,99,92,94,10,8,25
12/07/2014,111,110,122,15,16,58
12/07/2014,122,110,125,20,16,62
12/07/2014,93,104,103,8,13,33
12/07/2014,117,115,116,18,18,48
12/07/2014,111,115,124,15,18,61
12/07/2014,104,99,118,12,11,51
12/07/2014,106,102,112,13,12,43
12/07/2014,104,113,120,12,17,54
12/07/2014,125,127,135,21,22,72
12/07/2014,113,115,121,16,18,56
12/07/2014,102,110,107,11,16,38
12/07/2014,134,127,125,23,22,62
12/07/2014,102,82,106,11,5,36
12/07/2014,108,104,114,14,13,46
12/07/2014,111,106,118,15,14,51
12/07/2014,134,141,141,23,26,76
12/07/2014,128,138,125,22,24,62
12/07/2014,108,102,109,14,12,40
12/07/2014,93,118,110,8,19,41
12/07/2014,104,99,116,12,11,48
12/07/2014,106,99,94,13,11,25
12/07/2014,111,108,122,15,15,58
12/07/2014,96,102,116,9,12,48
12/07/2014,93,89,96,8,7,26
12/07/2014,96,97,103,9,10,33
12/07/2014,106,115,102,13,18,32
12/07/2014,99,86,109,10,6,40
12/07/2014,99,102,112,10,12,43
12/07/2014,102,92,94,11,8,25
12/07/2014,87,86,103,6,6,33
12/07/2014,113,121,111,16,20,42
12/07/2014,84,102,108,5,12,39
12/07/2014,115,115,107,17,18,37
12/07/2014,84,76,89,5,3,21
12/07/2014,99,106,107,10,14,37
12/07/2014,106,121,116,13,20,48
12/07/2014,108,104,117,14,13,49
12/07/2014,93,97,111,8,10,42
12/07/2014,111,95,111,15,9,42
12/07/2014,108,106,111,14,14,42
12/07/2014,115,124,102,17,21,32
12/07/2014,87,92,78,6,8,14
12/07/2014,108,97,122,14,10,57
12/07/2014,84,69,75,5,0,13
12/07/2014,122,118,123,20,19,59
12/07/2014,122,115,106,20,18,36
12/07/2014,111,115,93,15,18,24
12/07/2014,113,106,119,16,14,52
12/07/2014,106,113,100,13,17,30
12/07/2014,128,110,120,22,16,53
12/07/2014,122,132,126,20,23,63
12/07/2014,117,115,127,18,18,64
12/07/2014,122,115,125,20,18,62
12/07/2014,104,97,114,12,10,46
12/07/2014,102,92,107,11,8,38
12/07/2014,111,115,112,15,18,44
12/07/2014,108,113,110,14,17,41
12/07/2014,128,115,140,22,18,75
12/07/2014,120,127,126,19,22,63
12/07/2014,122,108,128,20,15,66
12/07/2014,122,121,126,20,20,63
12/07/2014,115,104,111,17,13,42
12/07/2014,128,124,135,22,21,72
12/07/2014,104,102,107,12,12,37
12/07/2014,84,99,89,5,11,21
12/07/2014,113,118,120,16,19,53
12/07/2014,120,124,119,19,21,52
12/07/2014,111,104,121,15,13,56
12/07/2014,117,104,119,18,13,52
12/07/2014,139,124,126,24,21,63
12/07/2014,113,108,122,16,15,57
12/07/2014,106,104,112,13,13,43
12/07/2014,91,82,78,7,5,14
12/07/2014,106,118,105,13,19,35
12/07/2014,128,108,126,22,15,63
12/07/2014,122,113,117,20,17,49
12/07/2014,113,108,121,16,15,56
12/07/2014,125,138,124,21,24,60
12/07/2014,102,118,113,11,19,45
12/07/2014,108,108,112,14,15,43
12/07/2014,115,102,123,17,12,59
12/07/2014,122,124,127,20,21,64
12/07/2014,120,127,113,19,22,45
12/07/2014,102,110,116,11,16,48
12/07/2014,96,108,107,9,15,37
12/07/2014,117,113,128,18,17,66
12/07/2014,120,110,110,19,16,41
12/07/2014,141,113,132,25,17,69
12/07/2014,139,132,130,24,23,67
12/07/2014,134,127,132,23,22,69
12/07/2014,120,118,128,19,19,66
12/07/2014,128,124,120,22,21,53
12/07/2014,134,118,119,23,19,52
12/07/2014,122,118,127,20,19,64
12/07/2014,125,106,119,21,14,52
12/07/2014,106,104,112,13,13,43
12/07/2014,139,132,127,24,23,65
12/07/2014,111,121,132,15,20,69
12/07/2014,117,118,127,18,19,65
12/07/2014,106,82,102,13,5,32
12/07/2014,117,106,122,18,14,57
12/07/2014,122,132,121,20,23,56
12/07/2014,115,97,112,17,10,44
12/07/2014,111,115,114,15,18,46
12/07/2014,93,72,93,8,2,24
12/07/2014,111,106,118,15,14,51
12/07/2014,113,92,114,16,8,46
12/07/2014,111,104,103,15,13,33
12/07/2014,117,118,121,18,19,56
12/07/2014,108,118,119,14,19,52
12/07/2014,120,121,122,19,20,58
12/07/2014,84,92,97,5,8,27
12/07/2014,84,86,101,5,6,31
12/07/2014,87,86,96,6,6,26
12/07/2014,102,102,97,11,12,27
12/07/2014,111,104,110,15,13,41
12/07/2014,108,118,121,14,19,56
12/07/2014,96,104,99,9,13,29
12/07/2014,120,121,127,19,20,64
12/07/2014,125,115,124,21,18,61
12/07/2014,128,127,127,22,22,64
12/07/2014,134,124,126,23,21,63
12/07/2014,117,127,121,18,22,55
12/07/2014,106,106,111,13,14,42
12/07/2014,125,111,116,21,16,48
12/07/2014,104,121,104,12,20,34
12/07/2014,109,95,104,14,9,34
12/07/2014,87,109,103,6,15,33
12/07/2014,115,118,127,17,19,64
12/07/2014,100,118,108,10,19,38
12/07/2014,125,121,121,21,20,55
12/07/2014,111,102,104,15,12,34
12/07/2014,111,116,106,15,18,36
12/07/2014,106,118,123,13,19,59
12/07/2014,122,121,112,20,20,44
12/07/2014,115,132,117,17,23,50
12/07/2014,84,69,99,5,1,29
12/07/2014,106,109,105,13,15,35
12/07/2014,100,90,96,10,7,26
12/07/2014,106,141,117,13,25,49
12/07/2014,125,118,115,21,19,46
12/07/2014,111,113,121,15,17,55
12/07/2014,75,118,105,3,19,35
12/07/2014,96,111,91,9,16,22
12/07/2014,122,102,117,20,12,50
12/07/2014,125,113,113,21,17,45
12/07/2014,120,121,128,19,20,66
12/07/2014,113,99,106,16,11,36
12/07/2014,113,108,118,16,15,51
12/07/2014,122,124,127,20,21,64
12/07/2014,96,99,101,9,11,31
12/07/2014,102,79,88,11,4,20
12/07/2014,139,141,138,24,25,74
12/07/2014,104,115,104,12,18,34
12/07/2014,125,118,132,21,19,69
12/07/2014,122,138,138,20,24,74
12/07/2014,128,138,120,22,24,54
12/07/2014,120,121,112,19,20,43
12/07/2014,134,115,122,23,18,58
12/07/2014,120,113,124,19,17,61
12/07/2014,128,113,128,22,17,65
12/07/2014,134,141,132,23,25,69
12/07/2014,96,93,97,9,8,27
12/07/2014,106,109,108,13,15,38
12/07/2014,104,90,108,12,7,38
12/07/2014,106,104,112,13,13,43
12/07/2014,111,111,104,15,16,34
12/07/2014,100,111,105,10,16,35
12/07/2014,100,104,107,10,13,37
12/07/2014,93,100,94,8,11,24
12/07/2014,128,118,122,22,19,57
12/07/2014,118,100,113,18,11,44
12/07/2014,104,100,107,12,11,37
12/07/2014,139,127,131,24,22,68
12/07/2014,115,109,103,17,15,33
12/07/2014,100,111,111,10,16,42
12/07/2014,102,93,100,11,8,30
12/07/2014,109,111,119,14,16,52
12/07/2014,80,80,85,4,4,18
12/07/2014,109,132,125,14,23,61
12/07/2014,109,90,118,14,7,50
12/07/2014,87,72,91,6,2,22
12/07/2014,100,102,104,10,12,34
12/07/2014,91,93,102,7,8,32
12/07/2014,113,111,114,16,16,45
12/07/2014,118,138,128,18,24,65
12/07/2014,122,106,120,20,14,53
12/07/2014,104,106,112,12,14,43
12/07/2014,118,124,125,18,21,61
12/07/2014,115,111,116,17,16,48
12/07/2014,102,118,122,11,19,57
12/07/2014,104,99,103,12,11,33
12/07/2014,93,106,94,8,14,25
12/07/2014,134,127,124,23,22,60
12/07/2014,125,124,127,21,21,64
12/07/2014,91,100,98,7,11,28
12/07/2014,109,104,112,14,13,43
12/07/2014,115,90,105,17,7,35
12/07/2014,134,113,138,23,17,73
12/07/2014,134,118,121,23,19,56
12/07/2014,118,118,110,18,19,41
12/07/2014,134,138,134,23,24,70
12/07/2014,117,127,114,18,22,46
12/07/2014,111,115,122,15,18,57
12/07/2014,128,132,134,22,23,70
12/07/2014,109,109,123,14,15,59
12/07/2014,93,111,116,8,16,48
12/07/2014,93,111,88,8,16,20
12/07/2014,120,104,118,19,13,50
12/07/2014,106,93,119,13,8,52
12/07/2014,80,86,91,4,6,22
12/07/2014,70,93,82,2,8,16
12/07/2014,120,127,109,19,22,40
12/07/2014,120,113,116,19,17,48
12/07/2014,96,95,101,9,9,31
12/07/2014,118,116,127,18,18,64
12/07/2014,109,109,124,14,15,60
12/07/2014,111,118,118,15,19,51
12/07/2014,113,113,125,16,17,61
12/07/2014,125,104,116,21,13,47
12/07/2014,93,83,101,8,5,31
12/07/2014,100,95,101,10,9,31
12/07/2014,118,102,109,18,12,40
12/07/2014,100,102,99,10,12,29
12/07/2014,128,118,128,22,19,66
12/07/2014,125,132,140,21,23,75
12/07/2014,106,106,121,13,14,56
12/07/2014,122,106,130,20,14,67
12/07/2014,120,121,122,19,20,57
19/07/2014,111,111,109,15,16,40
19/07/2014,122,124,122,20,21,57
19/07/2014,109,106,111,14,14,42
19/07/2014,102,106,106,11,14,36
19/07/2014,109,104,119,14,13,52
19/07/2014,139,138,141,24,24,77
19/07/2014,115,116,118,17,18,51
19/07/2014,122,113,130,20,17,67
19/07/2014,111,102,104,15,12,34
19/07/2014,87,98,73,6,10,12
19/07/2014,91,86,75,7,6,13
19/07/2014,96,106,99,9,14,29
19/07/2014,115,93,108,17,8,38
19/07/2014,111,109,111,15,15,42
19/07/2014,84,102,99,5,12,29
19/07/2014,139,138,141,24,24,79
19/07/2014,106,111,113,13,16,44
19/07/2014,118,124,122,18,21,58
19/07/2014,128,124,124,22,21,60
19/07/2014,84,95,73,5,9,12
19/07/2014,96,100,92,9,11,23
19/07/2014,104,106,125,12,14,62
19/07/2014,111,95,112,15,9,43
19/07/2014,106,121,113,13,20,44
19/07/2014,100,106,98,10,14,28
19/07/2014,115,124,110,17,21,41
19/07/2014,120,132,134,19,23,70
19/07/2014,102,118,120,11,19,54
19/07/2014,122,132,131,20,23,68
19/07/2014,118,111,118,18,16,51
19/07/2014,96,72,94,9,2,24
19/07/2014,80,98,80,4,10,15
19/07/2014,120,127,126,19,22,63
19/07/2014,125,138,134,21,24,70
19/07/2014,120,109,109,19,15,40
19/07/2014,104,104,111,12,13,42
19/07/2014,134,127,124,23,22,60
19/07/2014,104,121,102,12,20,32
19/07/2014,70,93,73,2,8,12
19/07/2014,91,127,99,7,22,29
19/07/2014,96,100,97,9,11,27
19/07/2014,91,83,94,7,5,24
19/07/2014,96,100,109,9,11,40
19/07/2014,118,118,120,18,19,54
19/07/2014,122,118,127,20,19,64
19/07/2014,139,124,140,24,21,75
19/07/2014,141,132,131,25,23,68
19/07/2014,111,104,117,15,13,49
19/07/2014,125,132,124,21,23,60
19/07/2014,93,90,102,8,7,32
19/07/2014,122,127,113,20,22,44
19/07/2014,141,124,130,25,21,67
19/07/2014,113,98,100,16,10,30
19/07/2014,134,127,134,23,22,70
19/07/2014,134,138,120,23,24,54
19/07/2014,118,111,122,18,16,58
19/07/2014,87,83,90,6,5,21
19/07/2014,84,83,105,5,5,35
19/07/2014,120,109,115,19,15,46
19/07/2014,84,72,84,5,2,17
19/07/2014,109,109,122,14,15,58
19/07/2014,120,102,102,19,12,32
19/07/2014,106,121,102,13,20,32
19/07/2014,122,109,122,20,15,58
19/07/2014,104,100,111,12,11,42
19/07/2014,115,100,120,17,11,54
19/07/2014,115,100,118,17,11,51
19/07/2014,100,109,109,10,15,40
19/07/2014,118,113,122,18,17,57
19/07/2014,111,121,117,15,20,49
19/07/2014,104,116,112,12,18,43
19/07/2014,118,127,124,18,22,60
19/07/2014,100,86,105,10,6,35
19/07/2014,91,98,85,7,10,18
19/07/2014,80,95,96,4,9,26
19/07/2014,111,116,113,15,18,44
19/07/2014,96,95,110,9,9,41
19/07/2014,104,106,116,12,14,48
19/07/2014,111,100,107,15,11,37
19/07/2014,102,93,96,11,8,26
19/07/2014,93,102,100,8,12,30
19/07/2014,109,106,103,14,14,33
19/07/2014,125,111,131,21,16,68
19/07/2014,120,95,96,19,9,26
19/07/2014,113,100,108,16,11,39
19/07/2014,115,102,110,17,12,41
19/07/2014,109,116,107,14,18,37
19/07/2014,106,86,98,13,6,28
19/07/2014,87,109,88,6,15,20
19/07/2014,93,95,108,8,9,39
19/07/2014,102,102,108,11,12,39
19/07/2014,122,118,117,20,19,49
19/07/2014,120,118,122,19,19,57
19/07/2014,128,127,125,22,22,61
19/07/2014,106,109,116,13,15,48
19/07/2014,96,93,92,9,8,23
19/07/2014,102,106,111,11,14,42
19/07/2014,106,102,95,13,12,25
19/07/2014,96,102,98,9,12,28
19/07/2014,113,90,123,16,7,59
19/07/2014,118,132,117,18,23,49
19/07/2014,106,104,117,13,13,49
19/07/2014,141,121,130,25,20,67
19/07/2014,115,111,120,17,16,53
19/07/2014,120,111,116,19,16,48
19/07/2014,84,98,105,5,10,35
19/07/2014,139,141,135,24,26,71
19/07/2014,120,118,125,19,19,61
19/07/2014,91,121,124,7,20,60
19/07/2014,120,127,125,19,22,62
19/07/2014,118,113,128,18,17,66
19/07/2014,106,90,84,13,7,17
19/07/2014,80,90,102,4,7,32
19/07/2014,118,113,122,18,17,57
19/07/2014,102,104,99,11,13,29
19/07/2014,120,100,125,19,11,61
19/07/2014,84,98,105,5,10,35
19/07/2014,113,118,118,16,19,51
19/07/2014,93,100,105,8,11,35
19/07/2014,96,113,119,9,17,52
19/07/2014,109,95,106,14,9,36
19/07/2014,93,93,101,8,8,31
19/07/2014,109,111,108,14,16,39
19/07/2014,104,104,111,12,13,42
19/07/2014,100,95,117,10,9,49
19/07/2014,91,86,90,7,6,21
19/07/2014,96,104,109,9,13,40
19/07/2014,113,116,119,16,18,52
19/07/2014,87,83,82,6,5,16
19/07/2014,96,106,113,9,14,44
19/07/2014,96,109,116,9,15,47
19/07/2014,109,121,127,14,20,64
19/07/2014,122,104,124,20,13,60
19/07/2014,111,111,107,15,16,37
19/07/2014,96,90,94,9,7,24
19/07/2014,96,100,97,9,11,27
19/07/2014,106,113,121,13,17,56
19/07/2014,106,113,104,13,17,34
19/07/2014,104,98,115,12,10,46
19/07/2014,106,95,101,13,9,31
19/07/2014,109,118,101,14,19,31
19/07/2014,122,127,130,20,22,67
19/07/2014,102,111,107,11,16,37
19/07/2014,104,116,108,12,18,39
19/07/2014,115,106,119,17,14,52
19/07/2014,109,106,104,14,14,34
19/07/2014,104,109,115,12,15,46
19/07/2014,104,106,120,12,14,53
19/07/2014,106,113,111,13,17,42
19/07/2014,125,121,127,21,20,64
19/07/2014,106,121,121,13,20,55
19/07/2014,122,127,122,20,22,58
19/07/2014,106,109,108,13,15,39
19/07/2014,109,111,113,14,16,44
19/07/2014,96,121,108,9,20,39
19/07/2014,122,109,118,20,15,51
19/07/2014,120,127,121,19,22,56
19/07/2014,141,141,135,25,25,71
19/07/2014,104,104,101,12,13,31
19/07/2014,84,80,102,5,4,32
19/07/2014,113,118,116,16,19,48
19/07/2014,91,100,90,7,11,21
19/07/2014,111,121,107,15,20,37
19/07/2014,102,118,114,11,19,45
19/07/2014,115,138,122,17,24,57
19/07/2014,115,102,112,17,12,43
19/07/2014,113,124,124,16,21,60
19/07/2014,104,124,109,12,21,40
19/07/2014,111,106,118,15,14,51
19/07/2014,93,83,97,8,5,27
19/07/2014,115,100,120,17,11,53
19/07/2014,102,111,118,11,16,50
19/07/2014,125,118,130,21,19,67
19/07/2014,122,118,130,20,19,67
19/07/2014,106,95,116,13,9,48
19/07/2014,120,116,120,19,18,54
19/07/2014,115,118,109,17,19,40
19/07/2014,102,102,106,11,12,36
19/07/2014,100,98,108,10,10,38
19/07/2014,125,106,117,21,14,49
19/07/2014,120,118,127,19,19,64
19/07/2014,87,113,113,6,17,44
19/07/2014,91,100,96,7,11,26
19/07/2014,122,116,132,20,18,69
19/07/2014,91,109,99,7,15,29
19/07/2014,115,111,120,17,16,54
19/07/2014,115,116,118,17,18,51
19/07/2014,113,111,119,16,16,52
19/07/2014,70,86,87,2,6,19
19/07/2014,118,116,108,18,18,39
19/07/2014,104,106,109,12,14,40
19/07/2014,100,104,100,10,13,30
19/07/2014,122,116,124,20,18,60
19/07/2014,125,113,126,21,17,63
19/07/2014,120,121,130,19,20,67
19/07/2014,115,116,122,17,18,58
19/07/2014,118,121,121,18,20,56
19/07/2014,111,116,125,15,18,61
19/07/2014,120,127,126,19,22,63
19/07/2014,118,121,128,18,20,65
19/07/2014,111,127,114,15,22,45
19/07/2014,141,124,134,25,21,70
19/07/2014,139,124,141,24,21,76
19/07/2014,84,93,91,5,8,22
19/07/2014,111,106,118,15,14,50
19/07/2014,113,109,120,16,15,54
19/07/2014,91,104,115,7,13,46
19/07/2014,93,93,98,8,8,28
19/07/2014,96,100,109,9,11,40
19/07/2014,111,111,103,15,16,33
19/07/2014,113,118,125,16,19,62
19/07/2014,102,83,101,11,5,31
19/07/2014,120,116,125,19,18,61
19/07/2014,100,80,102,10,4,32
19/07/2014,87,95,85,6,9,18
19/07/2014,111,111,108,15,16,38
19/07/2014,70,95,87,2,9,19
19/07/2014,80,90,97,4,7,27
19/07/2014,111,104,102,15,13,32
19/07/2014,115,111,127,17,16,64
19/07/2014,100,104,103,10,13,33
19/07/2014,91,100,113,7,11,44
19/07/2014,115,109,114,17,15,45
19/07/2014,118,116,106,18,18,36
19/07/2014,93,76,80,8,3,15
19/07/2014,100,95,122,10,9,57
19/07/2014,87,90,91,6,7,22
19/07/2014,106,113,116,13,17,47
19/07/2014,104,102,101,12,12,31
19/07/2014,113,121,113,16,20,44
19/07/2014,70,76,91,2,3,22
19/07/2014,139,138,130,24,24,67
19/07/2014,113,104,102,16,13,32
19/07/2014,118,111,121,18,16,56
19/07/2014,134,127,138,23,22,74
19/07/2014,125,118,121,21,19,56
19/07/2014,104,104,106,12,13,36
19/07/2014,134,141,134,23,25,70
19/07/2014,102,102,105,11,12,35
19/07/2014,128,124,124,22,21,60
19/07/2014,141,141,140,25,26,75
19/07/2014,122,121,123,20,20,59
19/07/2014,125,121,122,21,20,57
19/07/2014,115,118,116,17,19,48
19/07/2014,122,124,122,20,21,57
19/07/2014,111,118,126,15,19,63
19/07/2014,109,118,123,14,19,59
19/07/2014,93,124,116,8,21,47
19/07/2014,69,95,85,1,9,18
19/07/2014,113,118,121,16,19,56
19/07/2014,104,118,120,12,19,54
19/07/2014,115,111,120,17,16,54
19/07/2014,102,95,101,11,9,31
19/07/2014,87,106,95,6,14,25
19/07/2014,113,121,115,16,20,46
19/07/2014,84,95,98,5,9,28
19/07/2014,109,106,105,14,14,35
19/07/2014,104,113,101,12,17,31
19/07/2014,113,121,124,16,20,60
19/07/2014,100,95,102,10,9,32
19/07/2014,118,124,120,18,21,53
19/07/2014,106,109,84,13,15,17
19/07/2014,106,86,109,13,6,40
19/07/2014,96,102,108,9,12,39
19/07/2014,115,102,118,17,12,50
19/07/2014,70,100,97,2,11,27
19/07/2014,118,121,111,18,20,42
19/07/2014,115,113,122,17,17,57
19/07/2014,118,127,120,18,22,53
19/07/2014,87,83,95,6,5,25
19/07/2014,102,90,111,11,7,42
19/07/2014,104,93,103,12,8,33
19/07/2014,106,106,109,13,14,40
19/07/2014,102,98,102,11,10,32
19/07/2014,120,132,123,19,23,59
19/07/2014,96,100,116,9,11,48
19/07/2014,118,109,117,18,15,49
19/07/2014,125,111,122,21,16,57
19/07/2014,122,113,127,20,17,64
19/07/2014,96,109,104,9,15,34
19/07/2014,104,98,103,12,10,33
19/07/2014,111,102,113,15,12,44
19/07/2014,111,113,120,15,17,53
19/07/2014,93,98,87,8,10,19
19/07/2014,128,98,82,22,10,16
19/07/2014,118,113,124,18,17,60
19/07/2014,104,86,84,12,6,17
19/07/2014,104,98,100,12,10,30
19/07/2014,128,118,130,22,19,67
19/07/2014,113,98,114,16,10,45
19/07/2014,96,102,114,9,12,45
19/07/2014,120,124,122,19,21,57
19/07/2014,100,102,108,10,12,39
19/07/2014,120,113,128,19,17,65
19/07/2014,91,95,92,7,9,23
19/07/2014,87,86,104,6,6,34
19/07/2014,118,113,121,18,17,56
19/07/2014,118,127,121,18,22,56
19/07/2014,102,93,104,11,8,34
19/07/2014,134,141,132,23,25,69
19/07/2014,93,113,116,8,17,47
19/07/2014,111,106,117,15,14,49
19/07/2014,125,127,123,21,22,59
19/07/2014,139,118,120,24,19,53
19/07/2014,109,118,118,14,19,50
19/07/2014,69,95,69,0,9,10
19/07/2014,102,106,94,11,14,24
19/07/2014,104,102,100,12,12,30
19/07/2014,93,83,69,8,5,9
19/07/2014,93,98,97,8,10,27
19/07/2014,93,106,101,8,14,31
19/07/2014,115,95,122,17,9,58
19/07/2014,102,106,95,11,14,25
19/07/2014,100,111,105,10,16,35
19/07/2014,91,90,92,7,7,23
19/07/2014,115,116,122,17,18,57
19/07/2014,118,132,131,18,23,68
19/07/2014,113,111,118,16,16,50
19/07/2014,106,106,108,13,14,39
19/07/2014,100,104,118,10,13,50
19/07/2014,91,106,98,7,14,28
19/07/2014,111,121,117,15,20,49
19/07/2014,91,90,103,7,7,33
19/07/2014,80,90,85,4,7,18
19/07/2014,113,138,121,16,24,56
19/07/2014,125,124,116,21,21,48
26/07/2014,93,111,107,8,16,37
26/07/2014,113,113,118,16,17,51
26/07/2014,120,124,122,19,21,58
26/07/2014,125,116,117,21,18,49
26/07/2014,115,138,114,17,24,45
26/07/2014,113,106,116,16,14,47
26/07/2014,134,124,140,23,21,75
26/07/2014,102,102,118,11,12,50
26/07/2014,109,106,120,14,14,54
26/07/2014,102,113,99,11,17,29
26/07/2014,122,116,107,20,18,37
26/07/2014,125,116,121,21,18,56
26/07/2014,125,127,131,21,22,68
26/07/2014,115,109,131,17,15,68
26/07/2014,118,111,121,18,16,56
26/07/2014,134,116,118,23,18,50
26/07/2014,120,113,116,19,17,48
26/07/2014,113,111,108,16,16,39
26/07/2014,120,127,126,19,22,63
26/07/2014,113,104,116,16,13,48
26/07/2014,96,104,108,9,13,39
26/07/2014,120,113,116,19,17,47
26/07/2014,102,124,107,11,21,37
26/07/2014,91,104,119,7,13,52
26/07/2014,87,90,90,6,7,21
26/07/2014,100,104,102,10,13,32
26/07/2014,111,98,115,15,10,46
26/07/2014,115,127,128,17,22,65
26/07/2014,93,90,85,8,7,18
26/07/2014,104,106,113,12,14,44
26/07/2014,113,127,125,16,22,62
26/07/2014,113,113,126,16,17,63
26/07/2014,96,102,95,9,12,25
26/07/2014,111,121,121,15,20,55
26/07/2014,122,132,117,20,23,49
26/07/2014,120,106,100,19,14,30
26/07/2014,96,93,95,9,8,25
26/07/2014,102,106,115,11,14,46
26/07/2014,109,102,106,14,12,36
26/07/2014,75,80,82,3,4,16
26/07/2014,128,138,134,22,24,70
26/07/2014,80,98,88,4,10,20
26/07/2014,113,100,108,16,11,38
26/07/2014,102,100,103,11,11,33
26/07/2014,93,93,98,8,8,28
26/07/2014,106,104,111,13,13,42
26/07/2014,84,100,90,5,11,21
26/07/2014,106,127,120,13,22,53
26/07/2014,100,121,118,10,20,51
26/07/2014,102,100,100,11,11,30
26/07/2014,118,113,110,18,17,41
26/07/2014,106,109,108,13,15,38
26/07/2014,113,118,122,16,19,57
26/07/2014,84,86,100,5,6,30
26/07/2014,102,98,92,11,10,23
26/07/2014,104,124,113,12,21,44
26/07/2014,115,100,110,17,11,41
26/07/2014,106,124,131,13,21,68
26/07/2014,102,106,104,11,14,34
26/07/2014,111,138,116,15,24,47
26/07/2014,111,118,119,15,19,52
26/07/2014,120,106,125,19,14,62
26/07/2014,113,124,118,16,21,51
26/07/2014,120,102,122,19,12,58
26/07/2014,102,113,108,11,17,38
26/07/2014,84,95,85,5,9,18
26/07/2014,141,141,138,25,25,74
26/07/2014,128,127,131,22,22,68
26/07/2014,120,138,130,19,24,67
26/07/2014,115,113,118,17,17,51
26/07/2014,125,106,131,21,14,68
26/07/2014,115,113,116,17,17,47
26/07/2014,111,100,92,15,11,23
26/07/2014,102,98,111,11,10,42
26/07/2014,141,141,141,25,26,76
26/07/2014,134,132,140,23,23,75
26/07/2014,111,118,121,15,19,55
26/07/2014,91,102,117,7,12,49
26/07/2014,115,116,107,17,18,37
26/07/2014,104,111,97,12,16,27
26/07/2014,84,90,100,5,7,30
26/07/2014,91,100,85,7,11,18
26/07/2014,115,106,118,17,14,50
26/07/2014,80,86,69,4,6,2
26/07/2014,87,90,103,6,7,33
26/07/2014,91,80,105,7,4,35
26/07/2014,125,116,132,21,18,69
26/07/2014,113,109,121,16,15,55
26/07/2014,91,100,105,7,11,35
26/07/2014,111,118,136,15,19,72
26/07/2014,96,109,98,9,15,28
26/07/2014,109,100,106,14,11,36
26/07/2014,122,127,131,20,22,68
26/07/2014,102,111,114,11,16,45
26/07/2014,128,116,134,22,18,70
26/07/2014,113,116,111,16,18,42
26/07/2014,102,124,112,11,21,43
26/07/2014,93,102,104,8,12,34
26/07/2014,96,106,106,9,14,36
26/07/2014,104,106,117,12,14,49
26/07/2014,118,111,130,18,16,67
26/07/2014,125,124,128,21,21,66
26/07/2014,139,113,127,24,17,64
26/07/2014,113,100,127,16,11,64
26/07/2014,109,104,117,14,13,49
26/07/2014,91,90,103,7,7,33
26/07/2014,113,118,120,16,19,54
26/07/2014,120,111,113,19,16,44
26/07/2014,102,104,106,11,13,36
26/07/2014,134,109,122,23,15,57
26/07/2014,118,102,125,18,12,61
26/07/2014,128,111,126,22,16,63
26/07/2014,102,113,116,11,17,47
26/07/2014,91,113,108,7,17,38
26/07/2014,93,69,96,8,1,26
26/07/2014,104,98,115,12,10,46
26/07/2014,106,93,97,13,8,27
26/07/2014,91,76,75,7,3,13
26/07/2014,106,98,105,13,10,35
26/07/2014,84,98,85,5,10,18
26/07/2014,93,104,108,8,13,38
26/07/2014,106,98,91,13,10,22
26/07/2014,84,100,97,5,11,27
26/07/2014,113,100,113,16,11,44
26/07/2014,109,127,126,14,22,63
26/07/2014,113,106,97,16,14,27
26/07/2014,102,113,112,11,17,43
26/07/2014,106,72,101,13,2,31
26/07/2014,128,132,134,22,23,70
26/07/2014,111,127,120,15,22,53
26/07/2014,120,116,121,19,18,56
26/07/2014,111,113,115,15,17,46
26/07/2014,111,124,116,15,21,48
26/07/2014,115,124,124,17,21,60
26/07/2014,122,127,132,20,22,69
26/07/2014,106,111,112,13,16,43
26/07/2014,100,95,118,10,9,50
26/07/2014,111,127,123,15,22,59
26/07/2014,122,127,118,20,22,51
26/07/2014,100,109,97,10,15,27
26/07/2014,80,80,78,4,4,14
26/07/2014,111,109,114,15,15,45
26/07/2014,106,100,99,13,11,29
26/07/2014,109,100,114,14,11,45
26/07/2014,96,93,92,9,8,23
26/07/2014,113,116,124,16,18,60
26/07/2014,111,102,103,15,12,33
26/07/2014,120,138,134,19,24,70
26/07/2014,115,132,127,17,23,64
26/07/2014,120,98,102,19,10,32
26/07/2014,109,113,112,14,17,43
26/07/2014,93,95,109,8,9,40
26/07/2014,109,111,121,14,16,56
26/07/2014,134,138,126,23,24,63
26/07/2014,104,104,108,12,13,38
26/07/2014,106,106,114,13,14,45
26/07/2014,96,95,82,9,9,16
26/07/2014,111,102,112,15,12,43
26/07/2014,120,116,116,19,18,47
26/07/2014,106,86,96,13,6,26
26/07/2014,120,104,123,19,13,59
26/07/2014,139,138,128,24,24,66
26/07/2014,106,116,118,13,18,51
26/07/2014,104,106,120,12,14,53
26/07/2014,139,132,130,24,23,67
26/07/2014,134,127,109,23,22,40
26/07/2014,120,121,118,19,20,51
26/07/2014,109,100,101,14,11,31
26/07/2014,102,95,105,11,9,35
26/07/2014,70,86,75,2,6,13
26/07/2014,87,90,78,6,7,14
26/07/2014,128,116,120,22,18,54
26/07/2014,113,111,123,16,16,59
26/07/2014,115,124,122,17,21,57
26/07/2014,104,106,101,12,14,31
26/07/2014,128,138,132,22,24,69
26/07/2014,84,95,96,5,9,26
26/07/2014,115,100,112,17,11,43
26/07/2014,84,93,96,5,8,26
26/07/2014,111,90,97,15,7,27
26/07/2014,113,109,118,16,15,51
26/07/2014,113,100,117,16,11,49
26/07/2014,118,98,125,18,10,61
26/07/2014,87,80,94,6,4,24
26/07/2014,115,116,122,17,18,57
26/07/2014,122,118,112,20,19,43
26/07/2014,106,113,113,13,17,44
26/07/2014,104,113,120,12,17,53
26/07/2014,122,132,124,20,23,60
26/07/2014,109,109,106,14,15,36
26/07/2014,113,113,127,16,17,64
26/07/2014,91,72,84,7,2,17
26/07/2014,111,127,128,15,22,66
26/07/2014,134,132,140,23,23,75
26/07/2014,122,118,123,20,19,59
26/07/2014,113,100,116,16,11,48
26/07/2014,120,95,110,19,9,41
26/07/2014,125,121,127,21,20,64
26/07/2014,109,124,127,14,21,64
26/07/2014,125,124,125,21,21,61
26/07/2014,91,111,108,7,16,39
26/07/2014,125,118,120,21,19,54
26/07/2014,91,102,104,7,12,34
26/07/2014,115,109,118,17,15,51
26/07/2014,106,116,117,13,18,49
26/07/2014,106,113,125,13,17,62
26/07/2014,113,116,107,16,18,37
26/07/2014,91,93,94,7,8,24
26/07/2014,93,113,102,8,17,32
26/07/2014,84,95,85,5,9,18
26/07/2014,134,124,120,23,21,53
26/07/2014,125,138,128,21,24,66
26/07/2014,102,98,108,11,10,38
26/07/2014,100,109,108,10,15,39
26/07/2014,80,90,94,4,7,24
26/07/2014,104,118,111,12,19,42
26/07/2014,134,138,125,23,24,61
26/07/2014,125,113,119,21,17,52
26/07/2014,115,124,121,17,21,55
26/07/2014,120,132,128,19,23,65
26/07/2014,109,104,108,14,13,38
26/07/2014,106,102,125,13,12,61
26/07/2014,134,141,134,23,25,70
26/07/2014,80,98,80,4,10,15
26/07/2014,100,98,102,10,10,32
26/07/2014,134,127,131,23,22,68
26/07/2014,115,109,116,17,15,47
26/07/2014,139,121,140,24,20,75
26/07/2014,102,86,92,11,6,23
26/07/2014,134,141,125,23,25,62
26/07/2014,111,95,106,15,9,36
26/07/2014,128,111,116,22,16,47
26/07/2014,139,138,118,24,24,51
26/07/2014,111,109,112,15,15,43
26/07/2014,118,111,125,18,16,61
26/07/2014,118,100,119,18,11,52
26/07/2014,102,113,102,11,17,32
26/07/2014,104,118,108,12,19,38
26/07/2014,106,109,110,13,15,41
26/07/2014,111,111,114,15,16,45
26/07/2014,111,113,112,15,17,43
26/07/2014,91,93,98,7,8,28
26/07/2014,104,90,104,12,7,34
26/07/2014,128,116,130,22,18,67
26/07/2014,96,104,105,9,13,35
26/07/2014,111,113,107,15,17,37
26/07/2014,118,113,112,18,17,43
26/07/2014,118,124,138,18,21,74
26/07/2014,109,104,107,14,13,37
26/07/2014,109,118,111,14,19,42
26/07/2014,104,109,103,12,15,33
26/07/2014,118,109,122,18,15,58
26/07/2014,93,90,92,8,7,23
26/07/2014,113,124,113,16,21,44
26/07/2014,122,113,127,20,17,64
26/07/2014,125,109,128,21,15,66
26/07/2014,115,106,124,17,14,60
26/07/2014,111,113,120,15,17,54
26/07/2014,115,111,118,17,16,51
26/07/2014,134,109,121,23,15,55
26/07/2014,118,113,117,18,17,49
26/07/2014,128,113,131,22,17,68
26/07/2014,106,106,122,13,14,57
26/07/2014,125,118,122,21,19,58
26/07/2014,93,104,118,8,13,50
26/07/2014,120,127,125,19,22,62
26/07/2014,96,106,101,9,14,31
26/07/2014,111,118,125,15,19,61
26/07/2014,113,116,115,16,18,46
26/07/2014,139,141,121,24,26,55
26/07/2014,134,138,119,23,24,52
26/07/2014,115,106,108,17,14,39
26/07/2014,104,104,108,12,13,38
26/07/2014,91,102,95,7,12,25
26/07/2014,100,90,104,10,7,34
26/07/2014,139,132,138,24,23,73
26/07/2014,113,127,120,16,22,54
26/07/2014,106,86,107,13,6,37
26/07/2014,115,104,122,17,13,58
26/07/2014,96,86,92,9,6,23
26/07/2014,109,86,106,14,6,36
26/07/2014,100,76,94,10,3,24
26/07/2014,102,102,103,11,12,33
26/07/2014,84,106,91,5,14,22
26/07/2014,100,109,109,10,15,40
26/07/2014,106,118,112,13,19,43
26/07/2014,128,104,128,22,13,66
26/07/2014,113,121,115,16,20,46
26/07/2014,104,109,120,12,15,54
26/07/2014,111,106,107,15,14,37
26/07/2014,122,113,115,20,17,46
02/08/2014,75,83,84,3,5,17
02/08/2014,139,141,131,24,25,68
02/08/2014,134,132,132,23,23,69
02/08/2014,104,95,107,12,9,37
02/08/2014,111,104,110,15,13,41
02/08/2014,93,138,104,8,24,34
02/08/2014,120,138,122,19,24,57
02/08/2014,118,127,110,18,22,41
02/08/2014,141,138,138,25,24,74
02/08/2014,87,102,91,6,12,22
02/08/2014,96,111,115,9,16,46
02/08/2014,87,104,98,6,13,28
02/08/2014,109,109,125,14,15,61
02/08/2014,134,109,127,23,15,64
02/08/2014,96,86,96,9,6,26
02/08/2014,111,113,110,15,17,41
02/08/2014,122,124,120,20,21,53
02/08/2014,106,109,112,13,15,43
02/08/2014,118,116,123,18,18,59
02/08/2014,93,98,101,8,10,31
02/08/2014,113,111,112,16,16,43
02/08/2014,113,118,128,16,19,65
02/08/2014,70,90,96,2,7,26
02/08/2014,104,93,105,12,8,35
02/08/2014,109,121,116,14,20,47
02/08/2014,96,72,92,9,2,23
02/08/2014,109,118,113,14,19,44
02/08/2014,120,121,127,19,20,64
02/08/2014,75,83,78,3,5,14
02/08/2014,87,93,92,6,8,23
02/08/2014,93,102,105,8,12,35
02/08/2014,100,102,101,10,12,31
02/08/2014,91,116,96,7,18,26
02/08/2014,106,109,122,13,15,57
02/08/2014,118,121,116,18,20,48
02/08/2014,106,121,110,13,20,41
02/08/2014,115,104,117,17,13,49
02/08/2014,106,113,111,13,17,42
02/08/2014,125,121,128,21,20,65
02/08/2014,96,111,116,9,16,47
02/08/2014,122,118,121,20,19,56
02/08/2014,104,113,114,12,17,45
02/08/2014,125,116,124,21,18,60
02/08/2014,118,127,135,18,22,71
02/08/2014,115,124,128,17,21,65
02/08/2014,111,93,109,15,8,40
02/08/2014,122,111,123,20,16,59
02/08/2014,128,116,121,22,18,55
02/08/2014,134,109,127,23,15,64
02/08/2014,115,118,124,17,19,60
02/08/2014,109,104,118,14,13,50
02/08/2014,139,141,138,24,25,74
02/08/2014,134,104,122,23,13,58
02/08/2014,100,106,101,10,14,31
02/08/2014,109,106,115,14,14,46
02/08/2014,118,98,114,18,10,45
02/08/2014,109,106,114,14,14,45
02/08/2014,113,124,123,16,21,59
02/08/2014,106,111,115,13,16,46
02/08/2014,96,102,78,9,12,14
02/08/2014,91,100,97,7,11,27
02/08/2014,104,116,113,12,18,44
02/08/2014,106,100,105,13,11,35
02/08/2014,91,72,99,7,2,29
02/08/2014,104,102,102,12,12,32
02/08/2014,96,100,94,9,11,24
02/08/2014,120,111,132,19,16,69
02/08/2014,120,124,125,19,21,62
02/08/2014,109,102,111,14,12,42
02/08/2014,93,100,99,8,11,29
02/08/2014,109,106,125,14,14,61
02/08/2014,91,90,96,7,7,26
02/08/2014,91,111,112,7,16,43
02/08/2014,84,80,94,5,4,24
02/08/2014,115,106,120,17,14,53
02/08/2014,115,100,116,17,11,48
02/08/2014,111,106,105,15,14,35
02/08/2014,109,93,110,14,8,41
02/08/2014,93,83,87,8,5,19
02/08/2014,111,100,124,15,11,60
02/08/2014,111,111,113,15,16,44
02/08/2014,111,111,108,15,16,39
02/08/2014,100,104,97,10,13,27
02/08/2014,122,106,122,20,14,58
02/08/2014,120,95,114,19,9,45
02/08/2014,120,121,121,19,20,55
02/08/2014,113,102,109,16,12,40
02/08/2014,118,113,125,18,17,62
02/08/2014,102,109,108,11,15,39
02/08/2014,102,95,121,11,9,56
02/08/2014,122,124,127,20,21,64
02/08/2014,139,141,140,24,25,75
02/08/2014,106,121,121,13,20,56
02/08/2014,87,93,84,6,8,17
02/08/2014,104,111,116,12,16,47
02/08/2014,122,127,126,20,22,63
02/08/2014,125,111,123,21,16,59
02/08/2014,128,113,112,22,17,43
02/08/2014,115,106,117,17,14,49
02/08/2014,100,93,87,10,8,19
02/08/2014,91,90,94,7,7,24
02/08/2014,84,95,98,5,9,28
02/08/2014,111,109,118,15,15,50
02/08/2014,93,93,101,8,8,31
02/08/2014,118,121,128,18,20,65
02/08/2014,93,90,88,8,7,20
02/08/2014,111,116,108,15,18,38
02/08/2014,102,111,99,11,16,29
02/08/2014,115,113,100,17,17,30
02/08/2014,84,104,104,5,13,34
02/08/2014,102,109,111,11,15,42
02/08/2014,118,138,123,18,24,59
02/08/2014,120,121,131,19,20,68
02/08/2014,122,127,131,20,22,68
02/08/2014,100,116,110,10,18,41
02/08/2014,70,76,91,2,3,22
02/08/2014,93,116,95,8,18,25
02/08/2014,102,116,103,11,18,33
02/08/2014,122,113,130,20,17,67
02/08/2014,96,102,94,9,12,24
02/08/2014,115,100,118,17,11,51
02/08/2014,120,106,132,19,14,69
02/08/2014,91,113,100,7,17,30
02/08/2014,96,83,99,9,5,29
02/08/2014,125,124,138,21,21,74
02/08/2014,113,109,107,16,15,37
02/08/2014,96,102,120,9,12,53
02/08/2014,122,109,121,20,15,55
02/08/2014,115,104,116,17,13,48
02/08/2014,109,118,123,14,19,59
02/08/2014,111,113,106,15,17,36
02/08/2014,118,121,131,18,20,68
02/08/2014,134,121,119,23,20,52
02/08/2014,134,132,126,23,23,63
02/08/2014,122,118,136,20,19,72
02/08/2014,106,113,103,13,17,33
02/08/2014,113,106,116,16,14,47
02/08/2014,115,113,119,17,17,52
02/08/2014,120,124,119,19,21,52
02/08/2014,96,98,108,9,10,38
02/08/2014,70,104,95,2,13,25
02/08/2014,100,113,115,10,17,46
02/08/2014,141,118,138,25,19,74
02/08/2014,96,83,91,9,5,22
02/08/2014,91,90,100,7,7,30
02/08/2014,113,100,96,16,11,26
02/08/2014,113,102,114,16,12,45
02/08/2014,100,90,91,10,7,22
02/08/2014,134,138,141,23,24,77
02/08/2014,102,118,109,11,19,40
02/08/2014,115,95,97,17,9,27
02/08/2014,100,98,109,10,10,40
02/08/2014,120,121,124,19,20,60
02/08/2014,109,93,107,14,8,37
02/08/2014,120,138,111,19,24,42
02/08/2014,128,124,135,22,21,71
02/08/2014,96,95,105,9,9,35
02/08/2014,96,90,88,9,7,20
02/08/2014,128,109,130,22,15,67
02/08/2014,84,76,91,5,3,22
02/08/2014,120,109,118,19,15,50
02/08/2014,118,106,116,18,14,47
02/08/2014,111,124,122,15,21,57
02/08/2014,93,95,102,8,9,32
02/08/2014,125,116,126,21,18,63
02/08/2014,113,121,127,16,20,64
02/08/2014,128,132,127,22,23,64
02/08/2014,118,124,138,18,21,73
02/08/2014,102,111,109,11,16,40
02/08/2014,84,111,103,5,16,33
02/08/2014,125,124,122,21,21,57
02/08/2014,104,116,97,12,18,27
02/08/2014,118,113,134,18,17,70
02/08/2014,106,113,116,13,17,47
02/08/2014,141,138,138,25,24,74
02/08/2014,128,121,128,22,20,66
02/08/2014,118,124,114,18,21,45
02/08/2014,111,121,118,15,20,51
02/08/2014,102,124,121,11,21,56
02/08/2014,120,116,109,19,18,40
02/08/2014,91,104,106,7,13,36
02/08/2014,93,116,102,8,18,32
02/08/2014,80,90,100,4,7,30
02/08/2014,113,113,125,16,17,61
02/08/2014,109,118,124,14,19,60
02/08/2014,104,106,108,12,14,39
02/08/2014,120,106,112,19,14,43
02/08/2014,96,93,104,9,8,34
02/08/2014,104,109,114,12,15,45
02/08/2014,111,132,130,15,23,67
02/08/2014,104,100,118,12,11,51
02/08/2014,100,113,92,10,17,23
02/08/2014,75,90,87,3,7,19
02/08/2014,93,76,91,8,3,22
02/08/2014,102,95,100,11,9,30
02/08/2014,106,121,120,13,20,54
02/08/2014,125,116,127,21,18,64
02/08/2014,115,111,116,17,16,48
02/08/2014,102,106,106,11,14,36
02/08/2014,96,90,100,9,7,30
02/08/2014,102,100,104,11,11,34
02/08/2014,102,111,115,11,16,46
02/08/2014,100,106,108,10,14,39
02/08/2014,115,100,122,17,11,58
02/08/2014,91,113,98,7,17,28
02/08/2014,104,121,108,12,20,38
02/08/2014,118,132,118,18,23,50
02/08/2014,91,90,73,7,7,12
02/08/2014,104,93,103,12,8,33
02/08/2014,118,102,115,18,12,46
02/08/2014,111,111,128,15,16,65
02/08/2014,91,121,100,7,20,30
02/08/2014,120,116,128,19,18,65
02/08/2014,118,106,119,18,14,52
02/08/2014,122,116,120,20,18,54
02/08/2014,111,102,119,15,12,52
02/08/2014,106,98,105,13,10,35
02/08/2014,122,124,138,20,21,74
02/08/2014,141,124,140,25,21,75
02/08/2014,118,116,118,18,18,50
02/08/2014,102,90,99,11,7,29
02/08/2014,102,111,114,11,16,45
02/08/2014,128,116,132,22,18,69
02/08/2014,118,104,112,18,13,43
02/08/2014,104,102,100,12,12,30
02/08/2014,118,118,125,18,19,62
02/08/2014,80,90,91,4,7,22
02/08/2014,100,106,103,10,14,33
02/08/2014,109,98,109,14,10,40
02/08/2014,134,141,136,23,26,72
02/08/2014,113,100,105,16,11,35
02/08/2014,106,124,108,13,21,38
02/08/2014,102,118,117,11,19,49
02/08/2014,106,121,118,13,20,51
02/08/2014,100,93,102,10,8,32
02/08/2014,111,127,127,15,22,64
02/08/2014,115,118,120,17,19,54
02/08/2014,125,141,134,21,25,70
02/08/2014,87,72,80,6,2,15
02/08/2014,115,116,118,17,18,51
02/08/2014,91,113,85,7,17,18
02/08/2014,91,100,106,7,11,36
02/08/2014,125,127,126,21,22,63
02/08/2014,84,76,90,5,3,21
02/08/2014,93,98,82,8,10,16
02/08/2014,115,127,125,17,22,62
02/08/2014,120,111,116,19,16,48
02/08/2014,104,113,115,12,17,46
02/08/2014,113,113,126,16,17,63
02/08/2014,109,124,120,14,21,53
02/08/2014,134,132,126,23,23,63
02/08/2014,118,118,122,18,19,57
02/08/2014,111,93,115,15,8,46
02/08/2014,80,93,88,4,8,20
02/08/2014,134,109,121,23,15,55
02/08/2014,93,113,98,8,17,28
02/08/2014,115,132,128,17,23,66
02/08/2014,84,80,82,5,4,16
02/08/2014,106,138,108,13,24,39
02/08/2014,91,83,90,7,5,21
02/08/2014,134,132,141,23,23,76
02/08/2014,96,86,102,9,6,32
02/08/2014,106,104,119,13,13,52
02/08/2014,118,118,121,18,19,56
02/08/2014,139,118,127,24,19,64
02/08/2014,113,111,114,16,16,45
02/08/2014,115,111,105,17,16,35
02/08/2014,111,118,103,15,19,33
02/08/2014,109,116,120,14,18,53
02/08/2014,125,109,114,21,15,45
02/08/2014,113,106,118,16,14,50
02/08/2014,93,93,90,8,8,21
02/08/2014,84,90,85,5,7,18
02/08/2014,104,100,112,12,11,43
02/08/2014,96,109,104,9,15,34
02/08/2014,109,98,115,14,10,46
02/08/2014,109,124,116,14,21,47
02/08/2014,102,93,91,11,8,22
02/08/2014,87,100,104,6,11,34
02/08/2014,118,116,117,18,18,49
02/08/2014,125,113,128,21,17,66
02/08/2014,122,104,122,20,13,58
02/08/2014,96,95,104,9,9,34
02/08/2014,70,76,90,2,3,21
02/08/2014,70,80,99,2,4,29
02/08/2014,109,95,91,14,9,22
02/08/2014,118,121,126,18,20,63
02/08/2014,96,118,118,9,19,51
02/08/2014,122,109,120,20,15,54
02/08/2014,109,109,121,14,15,56
02/08/2014,84,95,104,5,9,34
02/08/2014,102,104,108,11,13,38
02/08/2014,113,116,124,16,18,60
02/08/2014,87,83,103,6,5,33
02/08/2014,113,104,91,16,13,22
02/08/2014,106,111,117,13,16,49
02/08/2014,87,98,101,6,10,31
02/08/2014,115,116,123,17,18,59
02/08/2014,84,83,85,5,5,18
02/08/2014,111,106,117,15,14,49
09/08/2014,128,121,132,22,20,69
09/08/2014,115,113,124,17,17,60
09/08/2014,128,116,120,22,18,54
09/08/2014,106,116,116,13,18,48
09/08/2014,111,100,120,15,11,53
09/08/2014,139,124,128,24,21,65
09/08/2014,113,121,123,16,20,59
09/08/2014,109,90,91,14,7,22
09/08/2014,91,93,96,7,8,26
09/08/2014,111,100,108,15,11,38
09/08/2014,115,127,116,17,22,48
09/08/2014,102,111,103,11,16,33
09/08/2014,128,127,140,22,22,75
09/08/2014,93,116,104,8,18,34
09/08/2014,109,118,110,14,19,41
09/08/2014,104,100,104,12,11,34
09/08/2014,113,111,119,16,16,52
09/08/2014,122,109,125,20,15,62
09/08/2014,109,116,115,14,18,46
09/08/2014,106,102,121,13,12,55
09/08/2014,100,118,118,10,19,50
09/08/2014,96,93,120,9,8,53
09/08/2014,96,98,102,9,10,32
09/08/2014,125,116,117,21,18,49
09/08/2014,93,72,105,8,2,35
09/08/2014,102,118,114,11,19,45
09/08/2014,111,124,122,15,21,57
09/08/2014,122,113,125,20,17,62
09/08/2014,75,95,95,3,9,25
09/08/2014,102,106,108,11,14,39
09/08/2014,104,113,111,12,17,42
09/08/2014,122,132,128,20,23,65
09/08/2014,125,124,132,21,21,69
09/08/2014,120,121,118,19,20,50
09/08/2014,122,109,108,20,15,39
09/08/2014,128,127,131,22,22,68
09/08/2014,113,111,120,16,16,54
09/08/2014,134,124,134,23,21,70
09/08/2014,120,109,111,19,15,42
09/08/2014,93,90,102,8,7,32
09/08/2014,104,102,114,12,12,45
09/08/2014,91,109,110,7,15,41
09/08/2014,118,116,120,18,18,54
09/08/2014,134,109,127,23,15,64
09/08/2014,109,111,111,14,16,42
09/08/2014,122,138,126,20,24,63
09/08/2014,109,100,108,14,11,39
09/08/2014,109,100,92,14,11,23
09/08/2014,128,124,125,22,21,61
09/08/2014,93,95,105,8,9,35
09/08/2014,102,111,116,11,16,48
09/08/2014,100,80,113,10,4,44
09/08/2014,120,138,119,19,24,52
09/08/2014,91,83,105,7,5,35
09/08/2014,100,102,82,10,12,16
09/08/2014,109,121,111,14,20,42
09/08/2014,118,116,128,18,18,65
09/08/2014,93,100,104,8,11,34
09/08/2014,113,100,115,16,11,46
09/08/2014,122,116,120,20,18,53
09/08/2014,113,121,123,16,20,59
09/08/2014,100,104,100,10,13,30
09/08/2014,104,106,107,12,14,37
09/08/2014,102,100,101,11,11,31
09/08/2014,120,118,126,19,19,63
09/08/2014,115,109,123,17,15,59
09/08/2014,115,106,110,17,14,41
09/08/2014,128,124,131,22,21,68
09/08/2014,111,106,103,15,14,33
09/08/2014,102,93,96,11,8,26
09/08/2014,100,93,108,10,8,38
09/08/2014,102,109,103,11,15,33
09/08/2014,115,106,121,17,14,56
09/08/2014,128,138,134,22,24,70
09/08/2014,122,116,122,20,18,58
09/08/2014,106,109,116,13,15,47
09/08/2014,115,111,107,17,16,37
09/08/2014,111,113,131,15,17,68
09/08/2014,120,111,116,19,16,48
09/08/2014,120,118,117,19,19,49
09/08/2014,120,132,132,19,23,69
09/08/2014,120,111,127,19,16,64
09/08/2014,120,109,122,19,15,57
09/08/2014,109,113,105,14,17,35
09/08/2014,109,104,121,14,13,55
09/08/2014,134,109,121,23,15,55
09/08/2014,115,111,117,17,16,49
09/08/2014,120,121,125,19,20,62
09/08/2014,113,106,119,16,14,52
09/08/2014,118,121,123,18,20,59
09/08/2014,122,116,125,20,18,62
09/08/2014,122,111,128,20,16,65
09/08/2014,115,109,108,17,15,38
09/08/2014,102,80,92,11,4,23
09/08/2014,118,111,123,18,16,59
09/08/2014,139,116,125,24,18,62
09/08/2014,122,127,122,20,22,57
09/08/2014,109,111,103,14,16,33
09/08/2014,139,132,138,24,23,73
09/08/2014,128,113,122,22,17,58
09/08/2014,106,138,116,13,24,47
09/08/2014,87,95,82,6,9,16
09/08/2014,118,132,120,18,23,53
09/08/2014,87,90,91,6,7,22
09/08/2014,84,93,101,5,8,31
09/08/2014,118,106,114,18,14,45
09/08/2014,113,102,109,16,12,40
09/08/2014,104,104,111,12,13,42
09/08/2014,100,104,105,10,13,35
09/08/2014,111,116,114,15,18,45
09/08/2014,93,102,97,8,12,27
09/08/2014,118,109,120,18,15,53
09/08/2014,113,118,116,16,19,48
09/08/2014,109,111,122,14,16,58
09/08/2014,122,127,125,20,22,62
09/08/2014,120,102,110,19,12,41
09/08/2014,102,113,118,11,17,51
09/08/2014,100,109,103,10,15,33
09/08/2014,113,121,108,16,20,38
09/08/2014,109,132,121,14,23,56
09/08/2014,118,132,122,18,23,58
09/08/2014,75,95,91,3,9,22
09/08/2014,80,98,87,4,10,19
09/08/2014,87,100,91,6,11,22
09/08/2014,104,111,115,12,16,46
09/08/2014,100,106,107,10,14,37
09/08/2014,118,113,113,18,17,44
09/08/2014,96,83,94,9,5,24
09/08/2014,122,118,123,20,19,59
09/08/2014,109,118,116,14,19,48
09/08/2014,120,118,116,19,19,47
09/08/2014,118,109,122,18,15,57
09/08/2014,118,109,122,18,15,58
09/08/2014,100,98,103,10,10,33
09/08/2014,120,127,127,19,22,64
09/08/2014,102,98,103,11,10,33
09/08/2014,91,106,107,7,14,37
09/08/2014,104,121,127,12,20,64
09/08/2014,102,111,113,11,16,44
09/08/2014,115,124,114,17,21,45
09/08/2014,134,111,136,23,16,72
09/08/2014,118,113,121,18,17,56
09/08/2014,134,138,141,23,24,77
09/08/2014,134,121,135,23,20,71
09/08/2014,84,95,90,5,9,21
09/08/2014,106,102,104,13,12,34
09/08/2014,109,109,121,14,15,55
09/08/2014,122,132,131,20,23,68
09/08/2014,91,69,87,7,1,19
09/08/2014,96,109,114,9,15,45
09/08/2014,104,104,113,12,13,44
09/08/2014,102,90,104,11,7,34
09/08/2014,122,109,113,20,15,44
09/08/2014,87,93,82,6,8,16
09/08/2014,96,93,90,9,8,21
09/08/2014,93,111,98,8,16,28
09/08/2014,102,104,111,11,13,42
09/08/2014,106,80,104,13,4,34
09/08/2014,102,98,105,11,10,35
09/08/2014,87,98,97,6,10,27
09/08/2014,100,102,107,10,12,37
09/08/2014,122,121,121,20,20,55
09/08/2014,120,109,116,19,15,48
09/08/2014,118,127,114,18,22,45
09/08/2014,111,121,120,15,20,54
09/08/2014,80,98,87,4,10,19
09/08/2014,122,138,126,20,24,63
09/08/2014,106,118,122,13,19,57
09/08/2014,91,93,92,7,8,23
09/08/2014,118,121,126,18,20,63
09/08/2014,120,124,124,19,21,60
09/08/2014,120,124,125,19,21,61
09/08/2014,122,132,136,20,23,72
09/08/2014,93,98,100,8,10,30
09/08/2014,93,100,98,8,11,28
09/08/2014,120,113,122,19,17,58
09/08/2014,118,111,130,18,16,67
09/08/2014,111,113,116,15,17,48
09/08/2014,118,102,118,18,12,50
09/08/2014,125,121,132,21,20,69
09/08/2014,102,100,103,11,11,33
09/08/2014,84,80,87,5,4,19
09/08/2014,118,102,127,18,12,64
09/08/2014,96,102,100,9,12,30
09/08/2014,111,109,100,15,15,30
09/08/2014,104,113,119,12,17,52
09/08/2014,102,106,107,11,14,37
09/08/2014,109,104,105,14,13,35
09/08/2014,102,95,105,11,9,35
09/08/2014,87,98,88,6,10,20
09/08/2014,118,106,109,18,14,40
09/08/2014,120,106,111,19,14,42
09/08/2014,115,83,105,17,5,35
09/08/2014,106,100,102,13,11,32
09/08/2014,102,106,103,11,14,33
09/08/2014,96,104,108,9,13,38
09/08/2014,109,124,122,14,21,58
09/08/2014,122,127,130,20,22,67
09/08/2014,106,104,112,13,13,43
09/08/2014,134,111,135,23,16,71
09/08/2014,104,109,118,12,15,51
09/08/2014,125,121,122,21,20,58
09/08/2014,122,141,125,20,25,62
09/08/2014,125,116,119,21,18,52
09/08/2014,91,83,102,7,5,32
09/08/2014,106,98,108,13,10,39
09/08/2014,122,111,113,20,16,44
09/08/2014,125,118,124,21,19,60
09/08/2014,113,111,115,16,16,46
09/08/2014,111,102,109,15,12,40
09/08/2014,111,104,119,15,13,52
09/08/2014,102,106,104,11,14,34
09/08/2014,104,106,105,12,14,35
09/08/2014,80,83,90,4,5,21
09/08/2014,84,76,115,5,3,46
09/08/2014,118,116,119,18,18,52
09/08/2014,113,98,107,16,10,37
09/08/2014,115,109,118,17,15,51
09/08/2014,118,118,100,18,19,30
09/08/2014,102,104,109,11,13,40
09/08/2014,122,106,134,20,14,70
09/08/2014,113,118,119,16,19,52
09/08/2014,104,102,108,12,12,39
09/08/2014,96,98,97,9,10,27
09/08/2014,87,100,107,6,11,37
09/08/2014,96,102,103,9,12,33
09/08/2014,106,109,110,13,15,41
09/08/2014,102,104,114,11,13,45
09/08/2014,104,116,123,12,18,59
09/08/2014,120,113,128,19,17,65
09/08/2014,122,104,111,20,13,42
09/08/2014,106,100,106,13,11,36
09/08/2014,93,98,100,8,10,30
09/08/2014,96,95,108,9,9,39
09/08/2014,106,102,99,13,12,29
09/08/2014,96,76,92,9,3,23
09/08/2014,104,109,98,12,15,28
09/08/2014,113,127,109,16,22,40
09/08/2014,113,106,114,16,14,45
09/08/2014,91,98,111,7,10,42
09/08/2014,125,127,128,21,22,65
09/08/2014,115,113,123,17,17,59
09/08/2014,104,90,102,12,7,32
09/08/2014,93,109,94,8,15,24
09/08/2014,125,132,132,21,23,69
09/08/2014,102,98,100,11,10,30
09/08/2014,118,113,134,18,17,70
09/08/2014,115,121,116,17,20,47
09/08/2014,80,86,91,4,6,22
09/08/2014,100,104,103,10,13,33
09/08/2014,102,102,103,11,12,33
09/08/2014,75,95,95,3,9,25
09/08/2014,102,124,123,11,21,59
09/08/2014,84,80,78,5,4,14
09/08/2014,93,111,128,8,16,65
09/08/2014,100,104,115,10,13,46
09/08/2014,109,106,110,14,14,41
09/08/2014,104,86,114,12,6,45
09/08/2014,93,95,88,8,9,20
09/08/2014,118,104,112,18,13,43
09/08/2014,125,116,113,21,18,44
09/08/2014,111,100,102,15,11,32
09/08/2014,93,93,92,8,8,23
09/08/2014,111,121,113,15,20,44
09/08/2014,106,118,114,13,19,45
09/08/2014,115,132,125,17,23,61
09/08/2014,102,104,108,11,13,39
09/08/2014,106,104,105,13,13,35
09/08/2014,102,109,108,11,15,39
09/08/2014,96,90,75,9,7,13
09/08/2014,102,95,97,11,9,27
09/08/2014,100,111,112,10,16,43
09/08/2014,104,118,114,12,19,45
09/08/2014,104,104,106,12,13,36
09/08/2014,115,98,110,17,10,41
09/08/2014,125,111,113,21,16,44
09/08/2014,100,100,95,10,11,25
09/08/2014,84,93,82,5,8,16
09/08/2014,96,95,90,9,9,21
09/08/2014,115,132,135,17,23,71
09/08/2014,111,102,107,15,12,37
16/08/2014,118,127,120,18,22,53
16/08/2014,128,138,128,22,24,65
16/08/2014,113,113,120,16,17,53
16/08/2014,134,113,125,23,17,61
16/08/2014,120,116,110,19,18,41
16/08/2014,122,113,123,20,17,59
16/08/2014,128,116,134,22,18,70
16/08/2014,113,109,110,16,15,41
16/08/2014,80,76,96,4,3,26
16/08/2014,100,111,97,10,16,27
16/08/2014,109,98,111,14,10,41
16/08/2014,84,90,103,5,7,32
16/08/2014,111,116,122,15,18,57
16/08/2014,116,114,116,17,17,47
16/08/2014,84,80,81,5,4,15
16/08/2014,116,116,127,17,18,63
16/08/2014,88,100,90,6,11,21
16/08/2014,94,96,102,8,9,31
16/08/2014,69,80,86,1,4,18
16/08/2014,75,90,102,3,7,31
16/08/2014,109,114,122,14,17,56
16/08/2014,84,105,103,5,13,32
16/08/2014,84,96,87,5,9,19
16/08/2014,107,105,107,13,13,37
16/08/2014,116,116,129,17,18,66
16/08/2014,75,103,76,3,12,13
16/08/2014,109,132,128,14,23,65
16/08/2014,94,111,95,8,16,25
16/08/2014,116,111,119,17,16,52
16/08/2014,107,103,103,13,12,32
16/08/2014,75,76,89,3,3,20
16/08/2014,109,96,104,14,9,33
16/08/2014,107,114,119,13,17,51
16/08/2014,109,98,115,14,10,46
16/08/2014,84,90,83,5,7,16
16/08/2014,114,105,112,16,13,43
16/08/2014,114,116,127,16,18,63
16/08/2014,111,76,83,15,3,16
16/08/2014,128,132,132,22,23,69
16/08/2014,125,132,135,21,23,71
16/08/2014,104,109,108,12,15,38
16/08/2014,111,111,107,15,16,37
16/08/2014,96,109,98,9,15,28
16/08/2014,109,111,101,14,16,31
16/08/2014,139,141,141,24,26,78
16/08/2014,111,109,120,15,15,54
16/08/2014,125,116,120,21,18,54
16/08/2014,125,141,141,21,25,80
16/08/2014,115,100,103,17,11,33
16/08/2014,109,116,120,14,18,53
16/08/2014,118,113,131,18,17,68
16/08/2014,109,109,128,14,15,65
16/08/2014,115,127,141,17,22,76
16/08/2014,109,104,110,14,13,41
16/08/2014,91,100,108,7,11,39
16/08/2014,94,83,104,8,5,33
16/08/2014,116,127,119,17,22,51
16/08/2014,97,114,97,9,17,27
16/08/2014,118,114,114,18,17,45
16/08/2014,97,107,101,9,14,30
16/08/2014,97,96,104,9,9,34
16/08/2014,102,100,111,11,11,41
16/08/2014,114,109,106,16,15,36
16/08/2014,118,127,124,18,22,60
16/08/2014,100,96,105,10,9,35
16/08/2014,125,127,141,21,22,76
16/08/2014,100,105,86,10,13,18
16/08/2014,109,103,115,14,12,46
16/08/2014,139,118,123,24,19,58
16/08/2014,94,83,99,8,5,29
16/08/2014,97,100,109,9,11,39
16/08/2014,97,118,111,9,19,41
16/08/2014,120,109,120,19,15,53
16/08/2014,109,109,111,14,15,42
16/08/2014,80,105,104,4,13,34
16/08/2014,102,107,98,11,14,28
16/08/2014,114,103,102,16,12,31
16/08/2014,84,87,83,5,6,16
16/08/2014,102,103,102,11,12,31
16/08/2014,128,114,138,22,17,73
16/08/2014,105,103,104,12,12,34
16/08/2014,107,107,116,13,14,47
16/08/2014,115,113,122,17,17,57
16/08/2014,113,121,122,16,20,58
16/08/2014,134,111,125,23,16,61
16/08/2014,120,132,138,19,23,73
16/08/2014,102,109,118,11,15,50
16/08/2014,118,127,107,18,22,37
16/08/2014,128,132,127,22,23,63
16/08/2014,105,107,98,12,14,28
16/08/2014,114,114,108,16,17,38
16/08/2014,107,124,116,13,21,48
16/08/2014,116,105,116,17,13,48
16/08/2014,134,121,134,23,20,70
16/08/2014,109,100,117,14,11,49
16/08/2014,116,103,110,17,12,40
16/08/2014,88,80,106,6,4,36
16/08/2014,102,100,104,11,11,34
16/08/2014,94,87,69,8,6,8
16/08/2014,88,98,98,6,10,28
16/08/2014,84,80,83,5,4,16
16/08/2014,100,107,103,10,14,32
16/08/2014,122,114,122,20,17,56
16/08/2014,107,98,95,13,10,25
16/08/2014,120,138,128,19,24,65
16/08/2014,94,83,96,8,5,26
16/08/2014,80,90,93,4,7,23
16/08/2014,116,116,116,17,18,48
16/08/2014,97,96,95,9,9,25
16/08/2014,102,96,97,11,9,27
16/08/2014,118,109,125,18,15,61
16/08/2014,116,114,124,17,17,60
16/08/2014,122,124,119,20,21,52
16/08/2014,122,116,119,20,18,52
16/08/2014,111,118,120,15,19,53
16/08/2014,100,87,94,10,6,24
16/08/2014,91,98,106,7,10,36
16/08/2014,109,114,111,14,17,42
16/08/2014,125,132,129,21,23,66
16/08/2014,102,111,113,11,16,44
16/08/2014,120,116,122,19,18,57
16/08/2014,116,132,111,17,23,41
16/08/2014,122,114,121,20,17,54
16/08/2014,120,116,120,19,18,53
16/08/2014,111,107,116,15,14,48
16/08/2014,94,96,90,8,9,21
16/08/2014,105,103,112,12,12,43
16/08/2014,97,103,107,9,12,37
16/08/2014,125,124,136,21,21,72
16/08/2014,111,109,119,15,15,51
16/08/2014,120,98,120,19,10,53
16/08/2014,109,114,112,14,17,43
16/08/2014,105,109,119,12,15,51
16/08/2014,107,114,121,13,17,54
16/08/2014,100,109,103,10,15,32
16/08/2014,100,96,101,10,9,30
16/08/2014,100,111,113,10,16,44
16/08/2014,107,121,118,13,20,50
16/08/2014,94,76,91,8,3,22
16/08/2014,91,107,119,7,14,51
16/08/2014,100,76,103,10,3,32
16/08/2014,97,73,111,9,2,42
16/08/2014,105,93,110,12,8,40
16/08/2014,100,118,115,10,19,46
16/08/2014,100,116,113,10,18,44
16/08/2014,109,111,101,14,16,30
16/08/2014,88,114,111,6,17,42
16/08/2014,109,116,119,14,18,51
16/08/2014,102,111,116,11,16,48
16/08/2014,91,80,97,7,4,27
16/08/2014,102,118,111,11,19,41
16/08/2014,125,118,123,21,19,59
16/08/2014,107,98,114,13,10,45
16/08/2014,102,114,114,11,17,45
16/08/2014,114,118,121,16,19,54
16/08/2014,114,114,116,16,17,48
16/08/2014,105,107,94,12,14,24
16/08/2014,88,96,97,6,9,27
16/08/2014,102,96,104,11,9,34
16/08/2014,109,105,108,14,13,38
16/08/2014,97,87,103,9,6,32
16/08/2014,120,118,127,19,19,64
16/08/2014,111,109,116,15,15,48
16/08/2014,111,118,121,15,19,54
16/08/2014,100,124,110,10,21,40
16/08/2014,128,98,125,22,10,61
16/08/2014,134,116,126,23,18,62
16/08/2014,100,96,115,10,9,46
16/08/2014,120,116,118,19,18,50
16/08/2014,107,103,112,13,12,43
16/08/2014,122,111,122,20,16,57
16/08/2014,109,116,117,14,18,49
16/08/2014,102,109,110,11,15,40
16/08/2014,94,100,106,8,11,36
16/08/2014,116,111,127,17,16,64
16/08/2014,120,121,127,19,20,64
16/08/2014,84,69,83,5,1,16
16/08/2014,107,111,110,13,16,40
16/08/2014,125,111,124,21,16,60
16/08/2014,120,114,116,19,17,48
16/08/2014,70,96,84,2,9,17
16/08/2014,91,105,76,7,13,13
16/08/2014,97,96,110,9,9,40
16/08/2014,114,100,109,16,11,39
16/08/2014,109,124,115,14,21,46
16/08/2014,111,118,122,15,19,56
16/08/2014,70,96,90,2,9,21
16/08/2014,118,111,108,18,16,38
16/08/2014,128,132,126,22,23,62
16/08/2014,107,87,111,13,6,42
16/08/2014,125,124,135,21,21,71
16/08/2014,91,93,83,7,8,16
16/08/2014,111,114,120,15,17,53
16/08/2014,114,116,111,16,18,41
16/08/2014,105,114,116,12,17,47
16/08/2014,114,116,123,16,18,58
16/08/2014,105,93,107,12,8,37
16/08/2014,109,111,125,14,16,61
16/08/2014,111,107,105,15,14,35
16/08/2014,128,121,134,22,20,70
16/08/2014,122,121,127,20,20,64
16/08/2014,128,132,122,22,23,57
16/08/2014,122,116,108,20,18,38
16/08/2014,125,118,131,21,19,68
16/08/2014,122,138,127,20,24,64
16/08/2014,116,132,115,17,23,46
16/08/2014,125,116,127,21,18,63
16/08/2014,114,124,121,16,21,54
16/08/2014,105,116,117,12,18,49
16/08/2014,120,124,122,19,21,57
16/08/2014,118,121,121,18,20,54
16/08/2014,118,111,115,18,16,46
16/08/2014,109,111,124,14,16,60
16/08/2014,111,107,107,15,14,37
16/08/2014,107,109,121,13,15,54
16/08/2014,116,107,104,17,14,33
16/08/2014,88,111,91,6,16,22
16/08/2014,100,107,110,10,14,40
16/08/2014,94,100,109,8,11,39
16/08/2014,114,127,123,16,22,58
16/08/2014,105,107,104,12,14,34
16/08/2014,97,103,99,9,12,29
16/08/2014,125,118,122,21,19,56
16/08/2014,105,87,93,12,6,23
16/08/2014,100,103,101,10,12,30
16/08/2014,84,93,99,5,8,29
16/08/2014,118,98,128,18,10,65
16/08/2014,114,121,121,16,20,54
16/08/2014,122,118,119,20,19,52
16/08/2014,97,107,106,9,14,36
16/08/2014,102,80,121,11,4,55
16/08/2014,122,114,113,20,17,44
16/08/2014,80,87,89,4,6,20
16/08/2014,100,105,90,10,13,21
16/08/2014,102,105,105,11,13,35
16/08/2014,102,93,96,11,8,26
16/08/2014,118,111,111,18,16,42
16/08/2014,105,114,121,12,17,55
16/08/2014,105,111,117,12,16,49
16/08/2014,88,109,107,6,15,37
16/08/2014,97,103,110,9,12,40
16/08/2014,107,100,119,13,11,51
16/08/2014,91,96,110,7,9,40
16/08/2014,105,111,116,12,16,48
16/08/2014,111,121,121,15,20,54
16/08/2014,91,96,120,7,9,53
16/08/2014,118,121,134,18,20,70
16/08/2014,122,114,113,20,17,44
16/08/2014,94,87,104,8,6,34
16/08/2014,122,116,119,20,18,52
16/08/2014,120,118,113,19,19,44
16/08/2014,120,124,123,19,21,58
16/08/2014,69,69,69,0,0,0
16/08/2014,114,121,109,16,20,39
16/08/2014,97,114,106,9,17,36
16/08/2014,80,83,93,4,5,23
16/08/2014,84,100,83,5,11,16
16/08/2014,94,90,96,8,7,26
16/08/2014,97,107,104,9,14,34
16/08/2014,88,93,117,6,8,49
16/08/2014,88,83,102,6,5,31
16/08/2014,100,109,106,10,15,36
16/08/2014,109,111,106,14,16,36
16/08/2014,97,98,96,9,10,26
16/08/2014,102,105,104,11,13,33
23/08/2014,125,124,128,21,21,65
23/08/2014,111,109,119,15,15,51
23/08/2014,118,96,117,18,9,49
23/08/2014,111,118,125,15,19,61
23/08/2014,120,109,122,19,15,57
23/08/2014,116,109,119,17,15,51
23/08/2014,141,138,141,25,24,77
23/08/2014,109,118,108,14,19,38
23/08/2014,122,132,128,20,23,65
23/08/2014,114,124,119,16,21,51
23/08/2014,102,87,104,11,6,34
23/08/2014,102,111,114,11,16,45
23/08/2014,109,116,103,14,18,32
23/08/2014,122,121,129,20,20,66
23/08/2014,105,105,106,12,13,36
23/08/2014,88,103,99,6,12,29
23/08/2014,120,111,127,19,16,63
23/08/2014,94,96,106,8,9,36
23/08/2014,118,116,106,18,18,36
23/08/2014,120,124,121,19,21,55
23/08/2014,102,93,96,11,8,26
23/08/2014,114,107,122,16,14,56
23/08/2014,84,107,94,5,14,24
23/08/2014,122,107,122,20,14,57
23/08/2014,118,116,125,18,18,61
23/08/2014,105,100,107,12,11,37
23/08/2014,105,111,107,12,16,37
23/08/2014,109,111,115,14,16,46
23/08/2014,111,127,112,15,22,43
23/08/2014,69,76,78,1,3,14
23/08/2014,116,116,123,17,18,59
23/08/2014,114,103,122,16,12,57
23/08/2014,91,90,104,7,7,34
23/08/2014,107,103,112,13,12,43
23/08/2014,94,87,86,8,6,18
23/08/2014,88,83,94,6,5,24
23/08/2014,125,121,134,21,20,70
23/08/2014,105,114,105,12,17,35
23/08/2014,120,116,118,19,18,50
23/08/2014,120,109,110,19,15,40
23/08/2014,114,107,113,16,14,44
23/08/2014,120,100,111,19,11,41
23/08/2014,111,96,107,15,9,37
23/08/2014,105,98,114,12,10,45
23/08/2014,80,93,90,4,8,21
23/08/2014,111,124,126,15,21,62
23/08/2014,120,111,106,19,16,36
23/08/2014,111,105,119,15,13,51
23/08/2014,134,138,138,23,24,74
23/08/2014,122,111,128,20,16,65
23/08/2014,134,116,135,23,18,71
23/08/2014,118,127,121,18,22,54
23/08/2014,116,109,123,17,15,58
23/08/2014,114,100,122,16,11,57
23/08/2014,125,127,138,21,22,73
23/08/2014,139,127,138,24,22,73
23/08/2014,134,132,134,23,23,70
23/08/2014,105,132,106,12,23,36
23/08/2014,94,90,104,8,7,33
23/08/2014,88,105,103,6,13,32
23/08/2014,120,114,125,19,17,61
23/08/2014,107,127,116,13,22,48
23/08/2014,102,103,115,11,12,46
23/08/2014,109,96,107,14,9,37
23/08/2014,122,132,129,20,23,66
23/08/2014,109,124,119,14,21,51
23/08/2014,128,121,130,22,20,67
23/08/2014,105,93,96,12,8,26
23/08/2014,105,141,116,12,25,47
23/08/2014,100,114,109,10,17,39
23/08/2014,107,111,113,13,16,44
23/08/2014,94,109,114,8,15,45
23/08/2014,118,107,116,18,14,47
23/08/2014,91,98,97,7,10,27
23/08/2014,116,121,126,17,20,62
23/08/2014,107,83,115,13,5,46
23/08/2014,102,109,96,11,15,26
23/08/2014,84,69,81,5,1,15
23/08/2014,94,107,109,8,14,39
23/08/2014,91,96,91,7,9,22
23/08/2014,84,105,87,5,13,19
23/08/2014,84,76,73,5,3,12
23/08/2014,125,116,122,21,18,57
23/08/2014,114,103,113,16,12,44
23/08/2014,139,118,140,24,19,75
23/08/2014,134,121,130,23,20,67
23/08/2014,114,118,116,16,19,48
23/08/2014,120,100,122,19,11,57
23/08/2014,134,116,138,23,18,74
23/08/2014,111,107,121,15,14,54
23/08/2014,139,132,134,24,23,70
23/08/2014,122,132,122,20,23,56
23/08/2014,120,132,123,19,23,59
23/08/2014,120,118,110,19,19,40
23/08/2014,122,116,122,20,18,56
23/08/2014,122,114,121,20,17,55
23/08/2014,102,105,105,11,13,35
23/08/2014,109,98,109,14,10,39
23/08/2014,114,114,102,16,17,31
23/08/2014,120,121,116,19,20,48
23/08/2014,120,111,121,19,16,54
23/08/2014,107,105,111,13,13,42
23/08/2014,100,100,101,10,11,30
23/08/2014,118,109,95,18,15,25
23/08/2014,97,96,110,9,9,40
23/08/2014,118,105,118,18,13,50
23/08/2014,105,107,117,12,14,49
23/08/2014,105,118,115,12,19,46
23/08/2014,84,107,99,5,14,29
23/08/2014,105,114,111,12,17,41
23/08/2014,88,98,101,6,10,30
23/08/2014,91,107,104,7,14,33
23/08/2014,91,107,102,7,14,31
23/08/2014,107,109,120,13,15,53
23/08/2014,97,121,104,9,20,33
23/08/2014,100,105,116,10,13,47
23/08/2014,118,121,123,18,20,58
23/08/2014,80,80,86,4,4,18
23/08/2014,111,114,115,15,17,46
23/08/2014,111,114,109,15,17,39
23/08/2014,97,100,101,9,11,30
23/08/2014,84,105,97,5,13,27
23/08/2014,128,111,127,22,16,63
23/08/2014,102,96,104,11,9,33
23/08/2014,102,96,114,11,9,45
23/08/2014,107,105,115,13,13,46
23/08/2014,107,103,122,13,12,56
23/08/2014,109,116,123,14,18,59
23/08/2014,125,127,128,21,22,65
23/08/2014,107,109,106,13,15,36
23/08/2014,120,105,122,19,13,56
23/08/2014,128,116,125,22,18,61
23/08/2014,107,107,104,13,14,33
23/08/2014,105,109,118,12,15,50
23/08/2014,118,124,127,18,21,63
23/08/2014,100,114,93,10,17,23
23/08/2014,94,109,103,8,15,32
23/08/2014,91,90,91,7,7,22
23/08/2014,114,118,126,16,19,62
23/08/2014,118,124,126,18,21,62
23/08/2014,97,76,84,9,3,17
23/08/2014,114,111,121,16,16,54
23/08/2014,75,90,105,3,7,35
23/08/2014,109,100,116,14,11,47
23/08/2014,102,121,120,11,20,53
23/08/2014,111,114,116,15,17,47
23/08/2014,80,73,83,4,2,16
23/08/2014,114,96,107,16,9,37
23/08/2014,139,124,123,24,21,58
23/08/2014,107,109,109,13,15,39
23/08/2014,116,96,105,17,9,35
23/08/2014,102,118,112,11,19,43
23/08/2014,102,103,112,11,12,43
23/08/2014,88,90,90,6,7,21
23/08/2014,118,116,116,18,18,48
23/08/2014,100,109,118,10,15,50
23/08/2014,120,118,119,19,19,52
23/08/2014,141,124,138,25,21,74
23/08/2014,134,132,135,23,23,71
23/08/2014,122,121,130,20,20,67
23/08/2014,141,138,140,25,24,75
23/08/2014,116,114,127,17,17,64
23/08/2014,118,118,122,18,19,56
23/08/2014,116,127,123,17,22,58
23/08/2014,128,124,131,22,21,68
23/08/2014,134,127,138,23,22,73
23/08/2014,111,118,111,15,19,42
23/08/2014,114,114,109,16,17,39
23/08/2014,122,124,125,20,21,61
23/08/2014,120,109,130,19,15,67
23/08/2014,141,124,125,25,21,61
23/08/2014,109,76,97,14,3,27
23/08/2014,91,93,99,7,8,29
23/08/2014,80,111,103,4,16,32
23/08/2014,111,127,136,15,22,72
23/08/2014,120,103,117,19,12,49
23/08/2014,102,87,76,11,6,13
23/08/2014,128,105,122,22,13,56
23/08/2014,80,83,84,4,5,17
23/08/2014,111,107,124,15,14,60
23/08/2014,105,111,120,12,16,53
23/08/2014,91,98,104,7,10,33
23/08/2014,107,105,111,13,13,41
23/08/2014,109,114,122,14,17,56
23/08/2014,111,103,111,15,12,41
23/08/2014,84,80,87,5,4,19
23/08/2014,107,98,106,13,10,36
23/08/2014,122,124,128,20,21,65
23/08/2014,107,111,111,13,16,41
23/08/2014,97,93,95,9,8,25
23/08/2014,88,98,95,6,10,25
23/08/2014,125,114,138,21,17,73
23/08/2014,122,118,125,20,19,61
23/08/2014,100,111,114,10,16,45
23/08/2014,88,93,95,6,8,25
23/08/2014,116,114,119,17,17,52
23/08/2014,97,93,91,9,8,22
23/08/2014,111,103,117,15,12,49
23/08/2014,120,121,112,19,20,43
23/08/2014,139,127,122,24,22,56
23/08/2014,134,111,125,23,16,61
23/08/2014,122,109,119,20,15,52
23/08/2014,125,138,132,21,24,69
23/08/2014,122,109,105,20,15,35
23/08/2014,109,109,114,14,15,45
23/08/2014,97,105,104,9,13,34
23/08/2014,97,80,97,9,4,27
23/08/2014,134,121,135,23,20,71
23/08/2014,118,124,119,18,21,52
23/08/2014,105,111,122,12,16,56
23/08/2014,80,107,91,4,14,22
23/08/2014,91,103,101,7,12,30
23/08/2014,88,87,93,6,6,23
23/08/2014,97,98,103,9,10,32
23/08/2014,97,109,104,9,15,33
23/08/2014,109,114,113,14,17,44
23/08/2014,111,116,118,15,18,50
23/08/2014,107,103,107,13,12,37
23/08/2014,109,107,104,14,14,33
23/08/2014,102,103,112,11,12,43
23/08/2014,80,93,91,4,8,22
23/08/2014,97,93,87,9,8,19
23/08/2014,114,124,121,16,21,54
23/08/2014,105,111,115,12,16,46
23/08/2014,88,105,93,6,13,23
23/08/2014,102,105,102,11,13,31
23/08/2014,88,96,83,6,9,16
23/08/2014,105,109,114,12,15,45
23/08/2014,88,90,81,6,7,15
23/08/2014,102,100,94,11,11,24
23/08/2014,114,103,123,16,12,59
23/08/2014,94,96,97,8,9,27
23/08/2014,118,114,119,18,17,51
23/08/2014,102,90,102,11,7,31
23/08/2014,70,98,73,2,10,12
23/08/2014,139,132,140,24,23,75
23/08/2014,118,98,112,18,10,43
23/08/2014,114,116,121,16,18,55
23/08/2014,120,118,122,19,19,57
23/08/2014,125,118,123,21,19,59
23/08/2014,94,103,87,8,12,19
23/08/2014,139,141,136,24,25,72
23/08/2014,75,100,114,3,11,45
23/08/2014,139,107,121,24,14,54
23/08/2014,100,109,104,10,15,34
23/08/2014,100,103,108,10,12,38
23/08/2014,116,118,116,17,19,48
23/08/2014,120,107,119,19,14,52
23/08/2014,107,121,112,13,20,43
23/08/2014,122,138,128,20,24,65
23/08/2014,128,109,112,22,15,43
23/08/2014,122,105,122,20,13,57
23/08/2014,100,100,90,10,11,21
23/08/2014,107,127,125,13,22,61
23/08/2014,125,118,124,21,19,60
23/08/2014,105,111,108,12,16,38
23/08/2014,105,100,114,12,11,45
23/08/2014,114,124,114,16,21,45
23/08/2014,109,107,121,14,14,54
23/08/2014,109,127,122,14,22,56
23/08/2014,94,105,109,8,13,39
23/08/2014,88,80,81,6,4,15
23/08/2014,84,96,99,5,9,29
23/08/2014,122,109,110,20,15,40
23/08/2014,139,138,135,24,24,71
23/08/2014,122,121,138,20,20,74
23/08/2014,107,116,104,13,18,34
23/08/2014,105,114,113,12,17,44
23/08/2014,94,96,91,8,9,22
23/08/2014,111,105,109,15,13,39
23/08/2014,80,96,114,4,9,45
23/08/2014,97,105,108,9,13,38
23/08/2014,84,109,99,5,15,29
23/08/2014,88,98,104,6,10,34
23/08/2014,100,98,105,10,10,35
23/08/2014,122,116,120,20,18,53
23/08/2014,105,96,111,12,9,41
23/08/2014,91,76,90,7,3,21
23/08/2014,128,141,127,22,26,63
23/08/2014,114,111,118,16,16,50
23/08/2014,111,116,115,15,18,46
30/08/2014,125,121,130,21,20,67
30/08/2014,141,132,138,25,23,74
30/08/2014,111,124,121,15,21,55
30/08/2014,122,141,132,20,25,69
30/08/2014,75,111,91,3,16,22
30/08/2014,125,118,134,21,19,70
30/08/2014,139,138,132,24,24,69
30/08/2014,122,107,122,20,14,57
30/08/2014,88,73,87,6,2,19
30/08/2014,107,69,106,13,1,36
30/08/2014,114,111,122,16,16,57
30/08/2014,84,83,97,5,5,27
30/08/2014,91,93,94,7,8,24
30/08/2014,116,103,113,17,12,44
30/08/2014,111,107,125,15,14,61
30/08/2014,94,100,94,8,11,24
30/08/2014,125,132,138,21,23,73
30/08/2014,114,114,118,16,17,50
30/08/2014,100,98,121,10,10,54
30/08/2014,102,105,104,11,13,33
30/08/2014,97,96,95,9,9,25
30/08/2014,91,87,95,7,6,25
30/08/2014,107,118,117,13,19,49
30/08/2014,94,80,84,8,4,17
30/08/2014,128,118,114,22,19,45
30/08/2014,97,83,105,9,5,35
30/08/2014,118,109,116,18,15,48
30/08/2014,102,100,101,11,11,30
30/08/2014,114,107,126,16,14,62
30/08/2014,102,107,111,11,14,41
30/08/2014,91,118,111,7,19,41
30/08/2014,114,114,122,16,17,57
30/08/2014,105,109,93,12,15,23
30/08/2014,122,105,119,20,13,51
30/08/2014,100,107,98,10,14,28
30/08/2014,109,98,104,14,10,33
30/08/2014,109,114,111,14,17,41
30/08/2014,107,118,108,13,19,38
30/08/2014,120,116,118,19,18,50
30/08/2014,116,100,123,17,11,58
30/08/2014,109,103,117,14,12,49
30/08/2014,80,111,87,4,16,19
30/08/2014,97,103,104,9,12,34
30/08/2014,94,93,98,8,8,28
30/08/2014,91,93,104,7,8,33
30/08/2014,118,93,119,18,8,51
30/08/2014,111,107,108,15,14,38
30/08/2014,134,124,136,23,21,72
30/08/2014,118,100,112,18,11,43
30/08/2014,125,127,131,21,22,68
30/08/2014,107,100,97,13,11,27
30/08/2014,128,121,126,22,20,62
30/08/2014,109,111,121,14,16,54
30/08/2014,120,127,127,19,22,64
30/08/2014,107,103,122,13,12,56
30/08/2014,116,100,127,17,11,64
30/08/2014,139,138,136,24,24,72
30/08/2014,109,118,104,14,19,34
30/08/2014,134,132,124,23,23,60
30/08/2014,134,121,116,23,20,48
30/08/2014,102,109,112,11,15,43
30/08/2014,125,138,125,21,24,61
30/08/2014,125,116,128,21,18,65
30/08/2014,100,100,108,10,11,38
30/08/2014,109,116,127,14,18,64
30/08/2014,102,107,111,11,14,42
30/08/2014,88,96,108,6,9,38
30/08/2014,134,138,131,23,24,68
30/08/2014,102,105,110,11,13,40
30/08/2014,94,96,106,8,9,36
30/08/2014,114,124,123,16,21,58
30/08/2014,107,111,127,13,16,64
30/08/2014,118,121,118,18,20,50
30/08/2014,88,105,86,6,13,18
30/08/2014,94,103,104,8,12,34
30/08/2014,122,118,128,20,19,65
30/08/2014,118,118,121,18,19,55
30/08/2014,100,116,113,10,18,44
30/08/2014,107,124,106,13,21,36
30/08/2014,109,87,108,14,6,38
30/08/2014,97,96,106,9,9,36
30/08/2014,109,105,115,14,13,46
30/08/2014,97,93,101,9,8,30
30/08/2014,84,105,105,5,13,35
30/08/2014,111,111,110,15,16,40
30/08/2014,128,114,123,22,17,58
30/08/2014,116,93,103,17,8,32
30/08/2014,105,98,104,12,10,33
30/08/2014,100,96,95,10,9,25
30/08/2014,91,96,87,7,9,19
30/08/2014,111,111,113,15,16,44
30/08/2014,111,124,138,15,21,74
30/08/2014,141,141,138,25,25,73
30/08/2014,102,90,90,11,7,21
30/08/2014,105,90,109,12,7,39
30/08/2014,116,116,112,17,18,43
30/08/2014,122,114,123,20,17,58
30/08/2014,107,107,109,13,14,39
30/08/2014,107,124,104,13,21,33
30/08/2014,107,90,97,13,7,27
30/08/2014,111,107,122,15,14,56
30/08/2014,100,96,97,10,9,27
30/08/2014,134,118,123,23,19,58
30/08/2014,107,121,122,13,20,57
30/08/2014,91,100,102,7,11,31
30/08/2014,118,116,122,18,18,56
30/08/2014,97,105,106,9,13,36
30/08/2014,107,111,112,13,16,43
30/08/2014,125,116,111,21,18,41
30/08/2014,94,98,91,8,10,22
30/08/2014,91,96,109,7,9,39
30/08/2014,116,118,119,17,19,52
30/08/2014,105,103,109,12,12,39
30/08/2014,116,107,115,17,14,46
30/08/2014,109,109,115,14,15,46
30/08/2014,100,87,113,10,6,44
30/08/2014,109,98,113,14,10,44
30/08/2014,105,93,111,12,8,41
30/08/2014,109,118,108,14,19,38
30/08/2014,125,111,125,21,16,61
30/08/2014,100,124,104,10,21,34
30/08/2014,105,93,95,12,8,25
30/08/2014,91,103,96,7,12,26
30/08/2014,111,116,130,15,18,67
30/08/2014,100,90,102,10,7,31
30/08/2014,116,111,120,17,16,53
30/08/2014,107,107,102,13,14,31
30/08/2014,97,90,108,9,7,38
30/08/2014,94,100,81,8,11,15
30/08/2014,109,109,121,14,15,54
30/08/2014,125,127,123,21,22,59
30/08/2014,109,105,111,14,13,41
30/08/2014,114,121,126,16,20,62
30/08/2014,116,121,107,17,20,37
30/08/2014,128,138,134,22,24,70
30/08/2014,111,124,122,15,21,57
30/08/2014,141,118,135,25,19,71
30/08/2014,120,109,104,19,15,34
30/08/2014,128,121,116,22,20,48
30/08/2014,118,107,123,18,14,58
30/08/2014,97,87,110,9,6,40
30/08/2014,120,96,119,19,9,52
30/08/2014,105,83,103,12,5,32
30/08/2014,107,103,122,13,12,56
30/08/2014,102,103,111,11,12,42
30/08/2014,75,93,93,3,8,23
30/08/2014,118,111,111,18,16,41
30/08/2014,97,105,109,9,13,39
30/08/2014,84,98,86,5,10,18
30/08/2014,109,93,113,14,8,44
30/08/2014,116,111,124,17,16,60
30/08/2014,100,109,102,10,15,31
30/08/2014,102,100,112,11,11,43
30/08/2014,116,116,123,17,18,58
30/08/2014,91,93,93,7,8,23
30/08/2014,120,111,118,19,16,50
30/08/2014,88,103,91,6,12,22
30/08/2014,94,93,94,8,8,24
30/08/2014,91,103,116,7,12,48
30/08/2014,84,93,98,5,8,28
30/08/2014,141,114,125,25,17,61
30/08/2014,102,111,111,11,16,41
30/08/2014,139,121,141,24,20,80
30/08/2014,116,107,117,17,14,49
30/08/2014,118,109,122,18,15,56
30/08/2014,111,111,117,15,16,49
30/08/2014,141,138,134,25,24,70
30/08/2014,116,111,121,17,16,54
30/08/2014,80,93,78,4,8,14
30/08/2014,109,105,117,14,13,49
30/08/2014,125,132,129,21,23,66
30/08/2014,122,103,136,20,12,72
30/08/2014,111,121,125,15,20,61
30/08/2014,118,121,122,18,20,57
30/08/2014,109,118,116,14,19,48
30/08/2014,105,98,101,12,10,30
30/08/2014,105,116,104,12,18,33
30/08/2014,75,93,96,3,8,26
30/08/2014,105,103,101,12,12,30
30/08/2014,125,111,127,21,16,63
30/08/2014,84,76,84,5,3,17
30/08/2014,84,73,98,5,2,28
30/08/2014,102,87,98,11,6,28
30/08/2014,120,124,141,19,21,76
30/08/2014,88,90,76,6,7,13
30/08/2014,84,90,102,5,7,31
30/08/2014,122,121,119,20,20,52
30/08/2014,97,118,111,9,19,41
30/08/2014,107,111,111,13,16,42
30/08/2014,88,111,97,6,16,27
30/08/2014,91,87,89,7,6,20
30/08/2014,102,107,104,11,14,33
30/08/2014,125,127,128,21,22,65
30/08/2014,118,124,131,18,21,68