Reference,WOB,VRTotalRawScore,NVTotalRawScore,SASVR,SASNVR,Total SAS,,
973,14/09/2009,39,38,105,107,212,,
2489,07/09/2009,71,59,134,136,270,,
822,31/08/2009,30,19,98,84,182,,
1347,31/08/2009,54,50,116,122,238,,
1383,31/08/2009,65,53,126,126,252,,
2070,31/08/2009,41,28,106,96,202,,
2604,31/08/2009,72,57,136,132,268,,
2715,31/08/2009,21,,89,,89,,
2724,31/08/2009,65,55,126,129,255,,
3101,31/08/2009,53,53,115,126,241,,
3376,31/08/2009,14,18,78,82,160,,
4138,31/08/2009,31,29,99,97,196,,
3,24/08/2009,59,38,120,107,227,,
51,24/08/2009,70,57,133,132,265,,
125,24/08/2009,37,47,104,118,222,,
141,24/08/2009,26,42,94,112,206,,
197,24/08/2009,46,40,110,109,219,,
256,24/08/2009,42,39,107,108,215,,
296,24/08/2009,38,29,104,97,201,,
397,24/08/2009,14,20,78,85,163,,
542,24/08/2009,63,49,124,121,245,,
586,24/08/2009,30,24,98,91,189,,
593,24/08/2009,15,13,79,71,150,,
624,24/08/2009,42,41,107,111,218,,
725,24/08/2009,20,32,88,101,189,,
795,24/08/2009,61,39,122,108,230,,
960,24/08/2009,47,39,111,108,219,,
1200,24/08/2009,49,46,112,117,229,,
1219,24/08/2009,27,29,95,97,192,,
1227,24/08/2009,46,36,110,105,215,,
1498,24/08/2009,50,37,113,106,219,,
1531,24/08/2009,19,24,86,91,177,,
1566,24/08/2009,38,40,104,109,213,,
1578,24/08/2009,67,54,129,127,256,,
1622,24/08/2009,34,24,101,91,192,,
1701,24/08/2009,40,26,106,93,199,,
1728,24/08/2009,56,36,118,105,223,,
1805,24/08/2009,60,42,121,112,233,,
1855,24/08/2009,46,39,110,108,218,,
1938,24/08/2009,22,30,90,99,189,,
1987,24/08/2009,28,36,96,105,201,,
2061,24/08/2009,61,48,122,119,241,,
2195,24/08/2009,70,59,133,136,269,,
2302,24/08/2009,70,55,133,129,262,,
2336,24/08/2009,75,59,141,136,277,,
2440,24/08/2009,41,33,106,102,208,,
2490,24/08/2009,54,44,116,114,230,,
2555,24/08/2009,50,46,113,117,230,,
2571,24/08/2009,69,51,131,123,254,,
2572,24/08/2009,67,52,129,125,254,,
2633,24/08/2009,23,40,91,109,200,,
2779,24/08/2009,47,41,111,111,222,,
2901,24/08/2009,46,23,110,90,200,,
2984,24/08/2009,42,53,107,126,233,,
3041,24/08/2009,40,38,106,107,213,,
3057,24/08/2009,55,30,117,99,216,,
3124,24/08/2009,67,65,129,141,270,,
3157,24/08/2009,71,51,134,123,257,,
3261,24/08/2009,32,49,99,121,220,,
3322,24/08/2009,34,33,101,102,203,,
3429,24/08/2009,41,41,106,111,217,,
3509,24/08/2009,45,46,109,117,226,,
3510,24/08/2009,54,54,116,127,243,,
3540,24/08/2009,26,17,94,80,174,,
3555,24/08/2009,40,37,106,106,212,,
3583,24/08/2009,34,26,101,93,194,,
3701,24/08/2009,39,50,105,122,227,,
3721,24/08/2009,47,39,111,108,219,,
3789,24/08/2009,70,40,133,109,242,,
3795,24/08/2009,32,23,99,90,189,,
3870,24/08/2009,56,53,118,126,244,,
3890,24/08/2009,17,17,83,80,163,,
3922,24/08/2009,42,40,107,109,216,,
3950,24/08/2009,53,31,115,100,215,,
3980,24/08/2009,45,41,109,111,220,,
4042,24/08/2009,55,52,117,125,242,,
4174,24/08/2009,32,43,99,113,212,,
4176,24/08/2009,37,40,104,109,213,,
4219,24/08/2009,24,21,92,87,179,,
78,17/08/2009,38,41,104,111,215,,
151,17/08/2009,65,53,126,126,252,,
205,17/08/2009,65,56,126,130,256,,
340,17/08/2009,67,50,129,122,251,,
343,17/08/2009,62,44,123,114,237,,
471,17/08/2009,66,45,127,115,242,,
616,17/08/2009,19,36,86,105,191,,
689,17/08/2009,7,15,69,76,145,,
863,17/08/2009,57,54,119,127,246,,
924,17/08/2009,28,47,96,118,214,,
927,17/08/2009,52,33,115,102,217,,
978,17/08/2009,26,22,94,88,182,,
1080,17/08/2009,19,40,86,109,195,,
1092,17/08/2009,19,37,86,106,192,,
1224,17/08/2009,9,30,69,98,167,,
1233,17/08/2009,28,34,96,102,198,,
1237,17/08/2009,48,28,111,96,207,,
1293,17/08/2009,28,34,96,102,198,,
1416,17/08/2009,65,52,126,125,251,,
1421,17/08/2009,60,41,121,110,231,,
1481,17/08/2009,46,40,110,109,219,,
1537,17/08/2009,71,56,134,130,264,,
1691,17/08/2009,49,21,112,87,199,,
1712,17/08/2009,50,50,113,122,235,,
1993,17/08/2009,41,35,106,104,210,,
2033,17/08/2009,69,58,131,134,265,,
2103,17/08/2009,68,50,130,122,252,,
2111,17/08/2009,,22,,88,88,,
2117,17/08/2009,30,,98,,98,,
2172,17/08/2009,33,32,100,101,201,,
2250,17/08/2009,49,37,112,106,218,,
2347,17/08/2009,64,44,125,114,239,,
2429,17/08/2009,37,31,104,99,203,,
2459,17/08/2009,48,32,111,101,212,,
2513,17/08/2009,51,38,114,107,221,,
2538,17/08/2009,33,39,100,108,208,,
2569,17/08/2009,32,39,99,108,207,,
2614,17/08/2009,49,53,112,126,238,,
2658,17/08/2009,42,44,107,114,221,,
2660,17/08/2009,24,38,92,107,199,,
2757,17/08/2009,35,41,102,110,212,,
2758,17/08/2009,60,56,121,130,251,,
2771,17/08/2009,68,47,130,118,248,,
2981,17/08/2009,42,38,107,107,214,,
3061,17/08/2009,63,55,124,129,253,,
3084,17/08/2009,31,23,99,89,188,,
3099,17/08/2009,65,53,126,126,252,,
3122,17/08/2009,40,36,106,105,211,,
3258,17/08/2009,49,50,112,122,234,,
3276,17/08/2009,46,44,110,114,224,,
3317,17/08/2009,32,30,99,99,198,,
3383,17/08/2009,46,40,110,109,219,,
3421,17/08/2009,59,55,120,129,249,,
3447,17/08/2009,54,60,116,137,253,,
3466,17/08/2009,47,35,111,104,215,,
3470,17/08/2009,46,23,110,89,199,,
3471,17/08/2009,37,35,104,104,208,,
3582,17/08/2009,56,40,118,109,227,,
3587,17/08/2009,29,28,97,96,193,,
3702,17/08/2009,60,63,121,141,262,,
3706,17/08/2009,67,34,129,102,231,,
3892,17/08/2009,51,44,114,114,228,,
3947,17/08/2009,34,28,101,96,197,,
4011,17/08/2009,42,42,107,111,218,,
4046,17/08/2009,54,39,116,108,224,,
4216,17/08/2009,29,36,97,105,202,,
15,10/08/2009,41,27,106,95,201,,
87,10/08/2009,71,40,134,109,243,,
179,10/08/2009,54,32,116,100,216,,
212,10/08/2009,55,43,116,113,229,,
300,10/08/2009,34,34,101,102,203,,
302,10/08/2009,40,38,106,107,213,,
342,10/08/2009,66,47,127,118,245,,
365,10/08/2009,31,37,99,106,205,,
426,10/08/2009,49,27,112,95,207,,
504,10/08/2009,75,58,141,134,275,,
543,10/08/2009,48,39,111,108,219,,
577,10/08/2009,11,24,72,90,162,,
677,10/08/2009,16,26,81,93,174,,
688,10/08/2009,41,40,106,109,215,,
713,10/08/2009,54,41,115,110,225,,
719,10/08/2009,60,53,121,126,247,,
753,10/08/2009,41,32,106,100,206,,
780,10/08/2009,17,16,83,78,161,,
830,10/08/2009,31,28,99,96,195,,
913,10/08/2009,41,40,106,109,215,,
942,10/08/2009,55,52,116,125,241,,
1012,10/08/2009,25,22,93,88,181,,
1086,10/08/2009,73,58,137,134,271,,
1091,10/08/2009,21,19,88,84,172,,
1121,10/08/2009,17,24,83,90,173,,
1211,10/08/2009,58,45,120,115,235,,
1299,10/08/2009,73,57,137,132,269,,
1314,10/08/2009,57,40,118,109,227,,
1329,10/08/2009,71,52,134,125,259,,
1413,10/08/2009,41,37,106,106,212,,
1664,10/08/2009,17,26,83,93,176,,
1686,10/08/2009,50,30,113,98,211,,
1702,10/08/2009,28,27,96,95,191,,
1709,10/08/2009,70,62,132,141,273,,
1874,10/08/2009,37,31,104,99,203,,
1877,10/08/2009,27,37,95,106,201,,
1896,10/08/2009,,48,,119,119,,
1910,10/08/2009,63,52,123,125,248,,
1968,10/08/2009,49,,112,,112,,
1986,10/08/2009,36,46,102,117,219,,
2013,10/08/2009,40,26,105,93,198,,
2251,10/08/2009,18,19,85,84,169,,
2443,10/08/2009,50,35,113,104,217,,
2536,10/08/2009,22,17,90,80,170,,
2629,10/08/2009,31,26,98,93,191,,
2645,10/08/2009,31,27,98,95,193,,
2694,10/08/2009,49,26,112,93,205,,
2783,10/08/2009,60,49,121,120,241,,
2819,10/08/2009,16,20,81,85,166,,
3027,10/08/2009,34,30,101,98,199,,
3039,10/08/2009,17,27,83,95,178,,
3098,10/08/2009,61,51,122,123,245,,
3129,10/08/2009,70,45,132,115,247,,
3144,10/08/2009,61,40,122,109,231,,
3245,10/08/2009,51,42,114,111,225,,
3294,10/08/2009,18,10,85,69,154,,
3305,10/08/2009,54,36,116,105,221,,
3306,10/08/2009,19,34,86,102,188,,
3344,10/08/2009,34,39,101,108,209,,
3349,10/08/2009,33,37,100,106,206,,
3359,10/08/2009,19,14,86,73,159,,
3455,10/08/2009,16,22,81,88,169,,
3483,10/08/2009,43,30,107,98,205,,
3577,10/08/2009,42,26,107,93,200,,
3606,10/08/2009,55,38,117,107,224,,
3610,10/08/2009,14,14,77,73,150,,
3618,10/08/2009,72,46,136,117,253,,
3654,10/08/2009,29,36,97,105,202,,
3722,10/08/2009,48,44,111,114,225,,
3773,10/08/2009,25,42,93,111,204,,
3781,10/08/2009,34,29,101,97,198,,
3837,10/08/2009,28,31,96,99,195,,
3909,10/08/2009,43,40,107,109,216,,
3957,10/08/2009,44,41,108,110,218,,
4038,10/08/2009,24,18,91,82,173,,
4045,10/08/2009,19,15,86,76,162,,
4240,10/08/2009,45,37,109,106,215,,
4267,10/08/2009,9,21,69,87,156,,
138,03/08/2009,47,22,110,88,198,,
224,03/08/2009,66,56,127,130,257,,
258,03/08/2009,59,58,120,134,254,,
510,03/08/2009,17,21,83,87,170,,
520,03/08/2009,53,33,115,101,216,,
590,03/08/2009,5,18,69,82,151,,
620,03/08/2009,39,33,104,101,205,,
623,03/08/2009,15,26,79,93,172,,
812,03/08/2009,32,30,99,98,197,,
902,03/08/2009,30,28,97,96,193,,
907,03/08/2009,20,29,87,97,184,,
914,03/08/2009,56,46,117,117,234,,
931,03/08/2009,30,40,97,109,206,,
946,03/08/2009,64,43,125,113,238,,
1021,03/08/2009,76,52,141,125,266,,
1074,03/08/2009,62,55,123,129,252,,
1089,03/08/2009,70,46,132,117,249,,
1169,03/08/2009,39,49,104,120,224,,
1193,03/08/2009,24,28,91,96,187,,
1199,03/08/2009,25,31,92,99,191,,
1319,03/08/2009,71,63,134,141,275,,
1322,03/08/2009,74,57,140,132,272,,
1403,03/08/2009,59,44,120,114,234,,
1404,03/08/2009,54,51,115,123,238,,
1512,03/08/2009,58,52,119,125,244,,
1540,03/08/2009,47,38,110,107,217,,
1596,03/08/2009,54,46,115,117,232,,
1638,03/08/2009,65,40,126,109,235,,
1651,03/08/2009,55,41,116,110,226,,
1719,03/08/2009,49,30,112,98,210,,
1727,03/08/2009,71,45,134,115,249,,
1819,03/08/2009,34,28,101,96,197,,
1950,03/08/2009,52,42,114,111,225,,
2007,03/08/2009,48,51,111,123,234,,
2046,03/08/2009,46,27,109,95,204,,
2069,03/08/2009,36,35,102,104,206,,
2080,03/08/2009,47,45,110,115,225,,
2212,03/08/2009,51,47,113,118,231,,
2299,03/08/2009,69,47,131,118,249,,
2332,03/08/2009,43,38,107,107,214,,
2345,03/08/2009,67,48,128,119,247,,
2386,03/08/2009,45,49,109,120,229,,
2414,03/08/2009,68,50,129,122,251,,
2431,03/08/2009,44,58,108,134,242,,
2441,03/08/2009,25,22,92,88,180,,
2463,03/08/2009,33,39,100,108,208,,
2477,03/08/2009,51,41,113,110,223,,
2488,03/08/2009,45,39,109,108,217,,
2506,03/08/2009,45,25,109,91,200,,
2563,03/08/2009,19,14,86,73,159,,
2615,03/08/2009,42,37,107,106,213,,
2623,03/08/2009,28,26,96,93,189,,
2682,03/08/2009,16,19,81,84,165,,
2760,03/08/2009,38,37,104,106,210,,
2774,03/08/2009,55,52,116,125,241,,
2884,03/08/2009,49,24,112,90,202,,
3007,03/08/2009,51,54,113,127,240,,
3069,03/08/2009,47,42,110,111,221,,
3147,03/08/2009,60,38,121,107,228,,
3195,03/08/2009,44,45,108,115,223,,
3312,03/08/2009,24,18,91,82,173,,
3331,03/08/2009,45,43,109,113,222,,
3518,03/08/2009,58,48,119,119,238,,
3535,03/08/2009,46,36,109,105,214,,
3538,03/08/2009,29,28,97,96,193,,
3608,03/08/2009,28,31,96,99,195,,
3619,03/08/2009,36,43,102,113,215,,
3632,03/08/2009,35,34,102,102,204,,
3667,03/08/2009,20,42,87,111,198,,
3907,03/08/2009,40,37,105,106,211,,
3994,03/08/2009,65,44,126,114,240,,
4086,03/08/2009,72,59,136,136,272,,
4089,03/08/2009,27,25,95,91,186,,
4098,03/08/2009,52,46,114,117,231,,
241,27/07/2009,42,26,107,93,200,,
243,27/07/2009,73,49,137,120,257,,
244,27/07/2009,27,29,95,97,192,,
288,27/07/2009,56,59,117,136,253,,
385,27/07/2009,43,29,107,97,204,,
444,27/07/2009,58,56,119,130,249,,
496,27/07/2009,57,53,118,126,244,,
533,27/07/2009,15,22,79,88,167,,
630,27/07/2009,71,50,134,122,256,,
671,27/07/2009,15,21,79,87,166,,
819,27/07/2009,17,20,83,85,168,,
849,27/07/2009,51,39,113,108,221,,
940,27/07/2009,39,27,104,95,199,,
1017,27/07/2009,17,30,83,98,181,,
1043,27/07/2009,29,41,97,110,207,,
1078,27/07/2009,46,35,109,104,213,,
1157,27/07/2009,18,28,85,96,181,,
1226,27/07/2009,25,32,92,100,192,,
1333,27/07/2009,64,52,125,125,250,,
1350,27/07/2009,58,43,119,113,232,,
1408,27/07/2009,48,24,111,90,201,,
1536,27/07/2009,31,32,98,100,198,,
1573,27/07/2009,53,38,115,107,222,,
1637,27/07/2009,51,47,113,118,231,,
1695,27/07/2009,24,15,91,76,167,,
1903,27/07/2009,58,45,119,115,234,,
1925,27/07/2009,49,43,112,113,225,,
1937,27/07/2009,40,45,105,115,220,,
2086,27/07/2009,26,17,94,80,174,,
2112,27/07/2009,33,33,100,101,201,,
2141,27/07/2009,38,36,104,105,209,,
2147,27/07/2009,68,53,129,126,255,,
2153,27/07/2009,65,41,126,110,236,,
2205,27/07/2009,71,53,134,126,260,,
2367,27/07/2009,62,39,123,108,231,,
2408,27/07/2009,60,47,121,118,239,,
2486,27/07/2009,33,27,100,95,195,,
2497,27/07/2009,26,18,94,82,176,,
2529,27/07/2009,75,46,141,117,258,,
2609,27/07/2009,54,34,115,102,217,,
2737,27/07/2009,36,30,102,98,200,,
2752,27/07/2009,,34,,102,102,,
2807,27/07/2009,67,57,128,132,260,,
3014,27/07/2009,41,31,106,99,205,,
3059,27/07/2009,33,39,100,108,208,,
3105,27/07/2009,54,32,115,100,215,,
3209,27/07/2009,58,45,119,115,234,,
3318,27/07/2009,67,57,128,132,260,,
3347,27/07/2009,42,29,107,97,204,,
3426,27/07/2009,26,27,94,95,189,,
3430,27/07/2009,31,36,98,105,203,,
3464,27/07/2009,54,45,115,115,230,,
3467,27/07/2009,56,37,117,106,223,,
3486,27/07/2009,41,29,106,97,203,,
3531,27/07/2009,42,51,107,123,230,,
3568,27/07/2009,42,48,107,119,226,,
3574,27/07/2009,31,39,98,108,206,,
3649,27/07/2009,32,50,99,122,221,,
3669,27/07/2009,39,31,104,99,203,,
3738,27/07/2009,51,50,113,122,235,,
3772,27/07/2009,45,43,109,113,222,,
3777,27/07/2009,57,41,118,110,228,,
3852,27/07/2009,68,48,129,119,248,,
3942,27/07/2009,29,25,97,91,188,,
4146,27/07/2009,21,18,88,82,170,,
4147,27/07/2009,42,39,107,108,215,,
4223,27/07/2009,28,20,96,85,181,,
66,20/07/2009,51,30,113,98,211,,
105,20/07/2009,22,26,89,93,182,,
187,20/07/2009,62,54,123,127,250,,
248,20/07/2009,65,52,126,125,251,,
265,20/07/2009,54,41,115,110,225,,
268,20/07/2009,48,45,111,115,226,,
407,20/07/2009,60,49,121,120,241,,
448,20/07/2009,50,42,113,111,224,,
456,20/07/2009,45,37,109,106,215,,
459,20/07/2009,66,46,127,117,244,,
550,20/07/2009,20,18,87,82,169,,
565,20/07/2009,41,44,106,114,220,,
571,20/07/2009,42,37,107,105,212,,
622,20/07/2009,24,27,91,95,186,,
682,20/07/2009,36,38,102,107,209,,
716,20/07/2009,61,41,122,110,232,,
789,20/07/2009,64,57,125,132,257,,
801,20/07/2009,23,42,90,111,201,,
807,20/07/2009,55,43,116,113,229,,
872,20/07/2009,37,28,103,96,199,,
890,20/07/2009,25,29,92,97,189,,
904,20/07/2009,33,23,100,89,189,,
1128,20/07/2009,29,29,97,97,194,,
1137,20/07/2009,72,55,136,129,265,,
1164,20/07/2009,22,29,89,97,186,,
1218,20/07/2009,60,57,121,132,253,,
1256,20/07/2009,60,47,121,117,238,,
1259,20/07/2009,76,53,141,126,267,,
1323,20/07/2009,39,34,104,102,206,,
1401,20/07/2009,38,44,104,114,218,,
1496,20/07/2009,48,44,111,114,225,,
1523,20/07/2009,45,40,109,109,218,,
1563,20/07/2009,18,20,85,85,170,,
1570,20/07/2009,71,59,134,136,270,,
1587,20/07/2009,56,50,117,122,239,,
1726,20/07/2009,50,49,113,120,233,,
1731,20/07/2009,62,40,123,109,232,,
1762,20/07/2009,27,20,95,85,180,,
1801,20/07/2009,57,34,118,102,220,,
1824,20/07/2009,36,34,102,102,204,,
1831,20/07/2009,43,38,107,107,214,,
2028,20/07/2009,51,45,113,115,228,,
2055,20/07/2009,27,16,95,78,173,,
2083,20/07/2009,45,44,109,114,223,,
2133,20/07/2009,55,45,116,115,231,,
2203,20/07/2009,77,63,141,141,282,,
2215,20/07/2009,29,31,97,99,196,,
2277,20/07/2009,48,31,111,99,210,,
2305,20/07/2009,68,52,129,125,254,,
2383,20/07/2009,54,40,115,109,224,,
2423,20/07/2009,59,49,120,120,240,,
2464,20/07/2009,28,30,96,98,194,,
2501,20/07/2009,22,25,89,91,180,,
2738,20/07/2009,51,30,113,98,211,,
2743,20/07/2009,16,23,81,89,170,,
2777,20/07/2009,39,34,104,102,206,,
2802,20/07/2009,60,42,121,111,232,,
2830,20/07/2009,39,32,104,100,204,,
2839,20/07/2009,42,29,107,97,204,,
2887,20/07/2009,52,35,114,103,217,,
2940,20/07/2009,52,32,114,100,214,,
2948,20/07/2009,48,49,111,120,231,,
3019,20/07/2009,10,15,69,76,145,,
3042,20/07/2009,56,42,117,111,228,,
3066,20/07/2009,27,28,95,96,191,,
3077,20/07/2009,49,47,112,118,230,,
3100,20/07/2009,23,45,90,115,205,,
3102,20/07/2009,33,25,100,91,191,,
3142,20/07/2009,39,42,104,111,215,,
3153,20/07/2009,53,39,115,108,223,,
3360,20/07/2009,30,20,97,85,182,,
3362,20/07/2009,19,34,86,102,188,,
3377,20/07/2009,33,41,100,110,210,,
3379,20/07/2009,18,22,85,88,173,,
3406,20/07/2009,56,48,117,119,236,,
3475,20/07/2009,35,52,102,125,227,,
3534,20/07/2009,17,13,83,71,154,,
3541,20/07/2009,31,42,98,111,209,,
3561,20/07/2009,23,22,90,88,178,,
3572,20/07/2009,67,50,128,121,249,,
3591,20/07/2009,30,48,97,119,216,,
3730,20/07/2009,34,34,101,102,203,,
3735,20/07/2009,52,40,114,109,223,,
3769,20/07/2009,27,27,95,94,189,,
3874,20/07/2009,70,56,132,130,262,,
3896,20/07/2009,27,25,95,91,186,,
3897,20/07/2009,41,40,106,109,215,,
3916,20/07/2009,47,42,110,111,221,,
3918,20/07/2009,38,19,104,84,188,,
3952,20/07/2009,49,39,112,108,220,,
3955,20/07/2009,38,47,104,118,222,,
3984,20/07/2009,47,41,110,110,220,,
4061,20/07/2009,23,27,90,94,184,,
4070,20/07/2009,28,37,96,105,201,,
4071,20/07/2009,13,21,75,87,162,,
4106,20/07/2009,25,18,92,82,174,,
4140,20/07/2009,66,45,127,115,242,,
4185,20/07/2009,57,49,118,120,238,,
4261,20/07/2009,33,28,100,96,196,,
147,13/07/2009,54,52,115,124,239,,
169,13/07/2009,58,43,119,112,231,,
275,13/07/2009,60,48,121,119,240,,
295,13/07/2009,43,37,107,105,212,,
301,13/07/2009,29,25,97,91,188,,
461,13/07/2009,7,15,69,76,145,,
479,13/07/2009,55,60,116,137,253,,
493,13/07/2009,66,61,127,138,265,,
538,13/07/2009,19,27,86,94,180,,
809,13/07/2009,34,19,101,84,185,,
814,13/07/2009,63,58,123,134,257,,
837,13/07/2009,21,19,88,84,172,,
859,13/07/2009,35,25,102,91,193,,
912,13/07/2009,47,35,110,103,213,,
948,13/07/2009,64,43,125,112,237,,
1028,13/07/2009,42,37,107,105,212,,
1044,13/07/2009,39,34,104,102,206,,
1073,13/07/2009,67,49,128,120,248,,
1087,13/07/2009,27,25,95,91,186,,
1118,13/07/2009,28,50,96,121,217,,
1129,13/07/2009,42,37,107,105,212,,
1152,13/07/2009,52,40,114,109,223,,
1245,13/07/2009,63,55,123,128,251,,
1251,13/07/2009,70,48,132,119,251,,
1302,13/07/2009,71,54,134,127,261,,
1303,13/07/2009,66,61,127,138,265,,
1367,13/07/2009,75,62,141,141,282,,
1373,13/07/2009,61,43,121,112,233,,
1527,13/07/2009,54,47,115,117,232,,
1760,13/07/2009,73,61,137,138,275,,
1830,13/07/2009,36,41,102,110,212,,
1867,13/07/2009,52,40,114,109,223,,
1924,13/07/2009,57,47,118,117,235,,
1958,13/07/2009,44,35,108,103,211,,
1990,13/07/2009,44,42,108,111,219,,
2040,13/07/2009,43,49,107,120,227,,
2091,13/07/2009,58,48,119,119,238,,
2115,13/07/2009,57,39,118,108,226,,
2430,13/07/2009,33,29,100,97,197,,
2433,13/07/2009,62,54,123,127,250,,
2439,13/07/2009,37,41,103,110,213,,
2467,13/07/2009,28,20,96,85,181,,
2541,13/07/2009,18,24,84,90,174,,
2559,13/07/2009,52,51,114,123,237,,
2676,13/07/2009,33,13,99,71,170,,
2721,13/07/2009,68,,129,,129,,
2749,13/07/2009,41,43,105,112,217,,
2785,13/07/2009,50,40,113,109,222,,
2798,13/07/2009,69,56,131,130,261,,
2835,13/07/2009,52,40,114,109,223,,
2842,13/07/2009,30,25,97,91,188,,
2849,13/07/2009,33,,100,,100,,
2859,13/07/2009,74,56,139,130,269,,
2860,13/07/2009,58,42,119,111,230,,
3071,13/07/2009,44,35,108,103,211,,
3230,13/07/2009,72,63,136,141,277,,
3252,13/07/2009,41,46,106,116,222,,
3253,13/07/2009,64,35,125,103,228,,
3295,13/07/2009,50,40,113,109,222,,
3343,13/07/2009,15,18,79,82,161,,
3364,13/07/2009,38,37,104,105,209,,
3451,13/07/2009,61,44,122,114,236,,
3552,13/07/2009,37,44,103,114,217,,
3586,13/07/2009,38,46,104,116,220,,
3696,13/07/2009,51,42,113,111,224,,
3719,13/07/2009,35,27,102,94,196,,
3882,13/07/2009,35,34,102,102,204,,
3921,13/07/2009,21,15,88,76,164,,
3997,13/07/2009,36,20,102,85,187,,
4141,13/07/2009,32,29,99,97,196,,
4177,13/07/2009,32,31,99,99,198,,
4242,13/07/2009,32,31,99,99,198,,
4264,13/07/2009,37,53,103,125,228,,
86,06/07/2009,49,31,111,99,210,,
93,06/07/2009,43,47,107,117,224,,
117,06/07/2009,28,25,95,91,186,,
174,06/07/2009,69,33,131,101,232,,
223,06/07/2009,37,22,103,88,191,,
285,06/07/2009,57,38,118,106,224,,
306,06/07/2009,55,49,116,120,236,,
313,06/07/2009,60,48,120,119,239,,
346,06/07/2009,63,60,123,137,260,,
363,06/07/2009,66,53,127,125,252,,
392,06/07/2009,63,51,123,123,246,,
406,06/07/2009,51,43,113,112,225,,
422,06/07/2009,70,57,132,132,264,,
449,06/07/2009,48,38,111,106,217,,
522,06/07/2009,49,48,111,119,230,,
523,06/07/2009,61,49,121,120,241,,
686,06/07/2009,26,29,93,97,190,,
743,06/07/2009,30,15,97,76,173,,
817,06/07/2009,58,34,119,102,221,,
829,06/07/2009,38,38,103,106,209,,
894,06/07/2009,44,37,108,105,213,,
932,06/07/2009,52,53,114,125,239,,
1004,06/07/2009,41,33,105,101,206,,
1005,06/07/2009,51,39,113,108,221,,
1066,06/07/2009,17,26,82,93,175,,
1095,06/07/2009,35,19,101,84,185,,
1186,06/07/2009,53,46,114,116,230,,
1346,06/07/2009,61,56,121,130,251,,
1411,06/07/2009,58,55,119,128,247,,
1445,06/07/2009,24,27,91,94,185,,
1480,06/07/2009,71,52,134,124,258,,
1526,06/07/2009,58,63,119,141,260,,
1541,06/07/2009,44,43,108,112,220,,
1542,06/07/2009,72,43,135,112,247,,
1551,06/07/2009,65,49,125,120,245,,
1560,06/07/2009,49,40,111,109,220,,
1754,06/07/2009,49,32,111,100,211,,
1793,06/07/2009,31,33,98,101,199,,
1811,06/07/2009,64,49,124,120,244,,
1836,06/07/2009,22,38,89,106,195,,
1886,06/07/2009,28,35,95,103,198,,
1965,06/07/2009,54,26,115,93,208,,
2016,06/07/2009,35,39,101,108,209,,
2053,06/07/2009,42,39,106,108,214,,
2122,06/07/2009,73,46,137,116,253,,
2130,06/07/2009,73,46,137,116,253,,
2276,06/07/2009,59,43,119,112,231,,
2315,06/07/2009,47,41,110,110,220,,
2396,06/07/2009,60,52,120,124,244,,
2413,06/07/2009,43,38,107,106,213,,
2420,06/07/2009,65,52,125,124,249,,
2531,06/07/2009,40,19,105,84,189,,
2542,06/07/2009,20,33,87,101,188,,
2554,06/07/2009,72,59,135,135,270,,
2587,06/07/2009,64,59,124,135,259,,
2703,06/07/2009,45,37,108,105,213,,
2871,06/07/2009,65,56,125,130,255,,
2876,06/07/2009,74,61,139,138,277,,
3085,06/07/2009,41,32,105,100,205,,
3248,06/07/2009,22,16,89,78,167,,
3250,06/07/2009,64,46,124,116,240,,
3283,06/07/2009,12,22,74,88,162,,
3311,06/07/2009,74,56,139,130,269,,
3327,06/07/2009,19,39,85,108,193,,
3365,06/07/2009,19,24,85,90,175,,
3432,06/07/2009,56,50,117,121,238,,
3676,06/07/2009,56,47,117,117,234,,
3770,06/07/2009,18,27,84,94,178,,
3786,06/07/2009,57,50,118,121,239,,
3880,06/07/2009,47,49,110,120,230,,
3903,06/07/2009,63,34,123,102,225,,
4077,06/07/2009,23,21,90,86,176,,
4139,06/07/2009,26,41,93,110,203,,
4151,06/07/2009,62,43,122,112,234,,
4155,06/07/2009,26,28,93,96,189,,
4202,06/07/2009,45,46,108,116,224,,
4244,06/07/2009,33,30,99,98,197,,
45,29/06/2009,66,30,127,98,225,,
103,29/06/2009,38,42,103,111,214,,
106,29/06/2009,69,54,131,127,258,,
130,29/06/2009,50,51,112,123,235,,
132,29/06/2009,65,35,125,103,228,,
269,29/06/2009,56,39,117,108,225,,
278,29/06/2009,67,44,128,114,242,,
388,29/06/2009,62,50,122,121,243,,
430,29/06/2009,49,50,111,121,232,,
605,29/06/2009,69,61,131,138,269,,
734,29/06/2009,34,42,100,111,211,,
788,29/06/2009,30,32,97,100,197,,
892,29/06/2009,14,57,77,132,209,,
893,29/06/2009,27,31,94,99,193,,
929,29/06/2009,72,55,135,128,263,,
955,29/06/2009,37,35,103,103,206,,
959,29/06/2009,49,50,111,121,232,,
979,29/06/2009,59,45,119,115,234,,
999,29/06/2009,25,28,92,96,188,,
1046,29/06/2009,59,33,119,101,220,,
1133,29/06/2009,48,40,111,109,220,,
1182,29/06/2009,14,20,77,85,162,,
1221,29/06/2009,45,36,108,104,212,,
1229,29/06/2009,24,19,91,84,175,,
1433,29/06/2009,52,49,114,120,234,,
1446,29/06/2009,64,53,124,125,249,,
1519,29/06/2009,75,59,141,135,276,,
1567,29/06/2009,65,49,125,120,245,,
1588,29/06/2009,22,34,89,102,191,,
1592,29/06/2009,51,42,113,111,224,,
1650,29/06/2009,25,19,92,84,176,,
1661,29/06/2009,46,46,109,116,225,,
1676,29/06/2009,42,26,106,93,199,,
1765,29/06/2009,37,37,103,105,208,,
1782,29/06/2009,56,34,117,102,219,,
1788,29/06/2009,77,46,141,116,257,,
1809,29/06/2009,57,55,118,128,246,,
1812,29/06/2009,47,35,110,103,213,,
1870,29/06/2009,37,43,103,112,215,,
1892,29/06/2009,58,45,119,115,234,,
1931,29/06/2009,46,38,109,106,215,,
1974,29/06/2009,50,46,112,116,228,,
2132,29/06/2009,58,22,119,88,207,,
2152,29/06/2009,61,45,121,115,236,,
2314,29/06/2009,69,48,131,119,250,,
2319,29/06/2009,61,45,121,115,236,,
2338,29/06/2009,54,48,115,119,234,,
2342,29/06/2009,62,38,122,106,228,,
2498,29/06/2009,55,28,116,96,212,,
2588,29/06/2009,71,55,134,128,262,,
2621,29/06/2009,62,43,122,112,234,,
2686,29/06/2009,29,30,96,98,194,,
2827,29/06/2009,51,48,113,119,232,,
2856,29/06/2009,37,40,103,109,212,,
3011,29/06/2009,68,42,129,111,240,,
3082,29/06/2009,30,35,97,103,200,,
3123,29/06/2009,68,39,129,108,237,,
3149,29/06/2009,29,29,96,97,193,,
3272,29/06/2009,42,34,106,102,208,,
3367,29/06/2009,27,22,94,88,182,,
3438,29/06/2009,67,69,128,141,269,,
3468,29/06/2009,61,49,121,120,241,,
3527,29/06/2009,40,29,105,97,202,,
3528,29/06/2009,35,27,101,94,195,,
3578,29/06/2009,64,46,124,116,240,,
3630,29/06/2009,23,42,90,111,201,,
3764,29/06/2009,56,58,117,134,251,,
3780,29/06/2009,62,26,122,93,215,,
3790,29/06/2009,58,59,119,135,254,,
3811,29/06/2009,54,62,115,141,256,,
3920,29/06/2009,70,52,132,124,256,,
3932,29/06/2009,12,26,74,93,167,,
4102,29/06/2009,48,37,111,105,216,,
4152,29/06/2009,48,41,111,110,221,,
4175,29/06/2009,30,42,97,111,208,,
4254,29/06/2009,63,47,123,117,240,,
95,22/06/2009,69,65,131,141,272,,
109,22/06/2009,75,51,141,123,264,,
118,22/06/2009,40,32,105,100,205,,
140,22/06/2009,74,57,139,132,271,,
267,22/06/2009,65,43,125,112,237,,
335,22/06/2009,28,24,95,90,185,,
451,22/06/2009,61,50,121,121,242,,
485,22/06/2009,45,59,108,135,243,,
500,22/06/2009,58,58,119,134,253,,
528,22/06/2009,19,33,85,101,186,,
567,22/06/2009,23,28,90,96,186,,
633,22/06/2009,42,44,106,114,220,,
643,22/06/2009,64,43,124,112,236,,
723,22/06/2009,34,47,100,117,217,,
842,22/06/2009,55,42,116,111,227,,
870,22/06/2009,61,40,121,109,230,,
1049,22/06/2009,70,60,132,137,269,,
1099,22/06/2009,54,46,115,116,231,,
1103,22/06/2009,25,34,92,102,194,,
1138,22/06/2009,32,41,99,110,209,,
1209,22/06/2009,45,41,108,110,218,,
1223,22/06/2009,25,43,92,112,204,,
1261,22/06/2009,56,41,117,110,227,,
1391,22/06/2009,28,21,95,86,181,,
1392,22/06/2009,18,10,84,69,153,,
1418,22/06/2009,67,56,128,130,258,,
1497,22/06/2009,57,40,118,109,227,,
1530,22/06/2009,67,41,128,110,238,,
1591,22/06/2009,24,49,91,120,211,,
1771,22/06/2009,37,28,103,96,199,,
1796,22/06/2009,17,24,82,90,172,,
1837,22/06/2009,24,25,91,91,182,,
1880,22/06/2009,41,43,105,112,217,,
1884,22/06/2009,16,27,81,94,175,,
1929,22/06/2009,67,54,128,127,255,,
2004,22/06/2009,0,29,69,97,166,,
2005,22/06/2009,36,44,102,114,216,,
2056,22/06/2009,64,51,124,123,247,,
2081,22/06/2009,70,47,132,117,249,,
2092,22/06/2009,55,39,116,108,224,,
2241,22/06/2009,54,47,115,117,232,,
2273,22/06/2009,54,52,115,124,239,,
2296,22/06/2009,73,52,137,124,261,,
2303,22/06/2009,38,52,103,124,227,,
2370,22/06/2009,64,41,124,110,234,,
2520,22/06/2009,23,40,90,109,199,,
2602,22/06/2009,27,9,94,69,163,,
2651,22/06/2009,60,45,120,115,235,,
2761,22/06/2009,36,37,102,105,207,,
2784,22/06/2009,69,50,131,121,252,,
2954,22/06/2009,52,54,114,127,241,,
2964,22/06/2009,72,58,135,134,269,,
2970,22/06/2009,40,44,105,114,219,,
3009,22/06/2009,73,45,137,115,252,,
3016,22/06/2009,68,55,129,128,257,,
3092,22/06/2009,69,42,131,111,242,,
3094,22/06/2009,26,30,93,98,191,,
3204,22/06/2009,23,39,90,108,198,,
3221,22/06/2009,65,48,125,119,244,,
3350,22/06/2009,45,34,108,102,210,,
3373,22/06/2009,17,10,82,69,151,,
3543,22/06/2009,20,20,87,85,172,,
3657,22/06/2009,23,33,90,101,191,,
3666,22/06/2009,55,39,116,108,224,,
3673,22/06/2009,58,55,119,128,247,,
3728,22/06/2009,69,51,131,123,254,,
3775,22/06/2009,52,55,114,128,242,,
3814,22/06/2009,56,48,117,119,236,,
3905,22/06/2009,35,33,101,101,202,,
3924,22/06/2009,12,18,74,82,156,,
3998,22/06/2009,57,36,118,104,222,,
4034,22/06/2009,41,48,105,119,224,,
4082,22/06/2009,31,50,98,121,219,,
28,15/06/2009,33,25,99,91,190,,
31,15/06/2009,41,39,105,107,212,,
63,15/06/2009,47,51,110,122,232,,
70,15/06/2009,25,36,92,104,196,,
72,15/06/2009,66,48,127,118,245,,
121,15/06/2009,41,38,105,106,211,,
160,15/06/2009,54,38,115,106,221,,
250,15/06/2009,56,41,117,110,227,,
286,15/06/2009,59,46,119,116,235,,
548,15/06/2009,11,17,72,80,152,,
600,15/06/2009,44,49,108,119,227,,
601,15/06/2009,35,34,101,102,203,,
745,15/06/2009,26,32,93,100,193,,
880,15/06/2009,38,43,103,112,215,,
889,15/06/2009,56,50,117,121,238,,
896,15/06/2009,55,43,116,112,228,,
898,15/06/2009,58,50,119,121,240,,
997,15/06/2009,13,14,75,73,148,,
1010,15/06/2009,21,26,88,93,181,,
1125,15/06/2009,69,55,131,128,259,,
1246,15/06/2009,56,44,117,113,230,,
1286,15/06/2009,21,19,88,83,171,,
1305,15/06/2009,66,43,127,112,239,,
1431,15/06/2009,43,47,107,117,224,,
1516,15/06/2009,61,40,121,108,229,,
1644,15/06/2009,54,47,115,117,232,,
1708,15/06/2009,65,55,125,128,253,,
1770,15/06/2009,52,33,114,100,214,,
1890,15/06/2009,32,41,99,110,209,,
1894,15/06/2009,35,45,101,114,215,,
2032,15/06/2009,43,39,107,107,214,,
2120,15/06/2009,53,52,114,124,238,,
2126,15/06/2009,18,17,84,80,164,,
2156,15/06/2009,53,48,114,118,232,,
2165,15/06/2009,62,35,122,103,225,,
2189,15/06/2009,47,44,110,113,223,,
2204,15/06/2009,40,36,105,104,209,,
2226,15/06/2009,65,64,125,141,266,,
2269,15/06/2009,62,50,122,121,243,,
2283,15/06/2009,77,58,141,133,274,,
2473,15/06/2009,47,41,110,110,220,,
2500,15/06/2009,29,40,96,108,204,,
2502,15/06/2009,12,6,74,69,143,,
2546,15/06/2009,62,39,122,107,229,,
2585,15/06/2009,73,58,137,133,270,,
2687,15/06/2009,48,29,111,96,207,,
2730,15/06/2009,68,51,129,122,251,,
2731,15/06/2009,46,46,109,116,225,,
2781,15/06/2009,38,27,103,94,197,,
2782,15/06/2009,60,30,120,97,217,,
2881,15/06/2009,55,54,116,126,242,,
2886,15/06/2009,69,49,131,119,250,,
3001,15/06/2009,47,34,110,102,212,,
3048,15/06/2009,66,53,127,125,252,,
3074,15/06/2009,37,38,103,106,209,,
3386,15/06/2009,44,49,108,119,227,,
3410,15/06/2009,19,30,85,97,182,,
3514,15/06/2009,64,55,124,128,252,,
3704,15/06/2009,55,35,116,103,219,,
3756,15/06/2009,69,58,131,133,264,,
3778,15/06/2009,17,32,82,100,182,,
3779,15/06/2009,33,38,99,106,205,,
3861,15/06/2009,76,54,141,126,267,,
3883,15/06/2009,52,29,114,96,210,,
3908,15/06/2009,63,46,123,116,239,,
3973,15/06/2009,67,50,128,121,249,,
4017,15/06/2009,30,25,97,91,188,,
4029,15/06/2009,69,62,131,140,271,,
4031,15/06/2009,71,63,134,141,275,,
4057,15/06/2009,49,37,111,105,216,,
4156,15/06/2009,30,19,97,83,180,,
4182,15/06/2009,69,60,131,136,267,,
4231,15/06/2009,51,41,113,110,223,,
120,08/06/2009,64,54,124,126,250,,
178,08/06/2009,55,43,116,112,228,,
195,08/06/2009,43,30,107,97,204,,
237,08/06/2009,66,50,126,121,247,,
281,08/06/2009,60,48,120,118,238,,
427,08/06/2009,62,48,122,118,240,,
468,08/06/2009,39,42,104,111,215,,
503,08/06/2009,59,46,119,116,235,,
615,08/06/2009,31,39,97,107,204,,
818,08/06/2009,20,24,87,90,177,,
834,08/06/2009,27,25,94,91,185,,
871,08/06/2009,77,49,141,119,260,,
952,08/06/2009,59,53,119,125,244,,
985,08/06/2009,26,39,93,107,200,,
1071,08/06/2009,38,43,103,112,215,,
1177,08/06/2009,76,63,141,141,282,,
1191,08/06/2009,66,54,127,126,253,,
1265,08/06/2009,65,44,125,113,238,,
1353,08/06/2009,58,42,118,111,229,,
1515,08/06/2009,24,39,91,107,198,,
1678,08/06/2009,42,29,106,96,202,,
1734,08/06/2009,64,32,124,100,224,,
1821,08/06/2009,26,19,93,83,176,,
1872,08/06/2009,70,50,132,121,253,,
1883,08/06/2009,25,23,92,89,181,,
1934,08/06/2009,44,35,107,103,210,,
2000,08/06/2009,48,37,110,105,215,,
2015,08/06/2009,38,32,103,100,203,,
2050,08/06/2009,32,29,98,96,194,,
2099,08/06/2009,38,38,103,106,209,,
2254,08/06/2009,46,49,108,119,227,,
2312,08/06/2009,61,50,121,121,242,,
2400,08/06/2009,60,48,120,118,238,,
2481,08/06/2009,37,41,102,110,212,,
2858,08/06/2009,56,44,116,113,229,,
2878,08/06/2009,67,54,128,126,254,,
2926,08/06/2009,32,25,98,91,189,,
2963,08/06/2009,,47,,117,117,,
3002,08/06/2009,36,45,101,114,215,,
3022,08/06/2009,32,39,98,107,205,,
3063,08/06/2009,60,48,120,118,238,,
3079,08/06/2009,49,50,111,121,232,,
3202,08/06/2009,22,25,89,91,180,,
3325,08/06/2009,22,24,89,90,179,,
3370,08/06/2009,17,15,82,76,158,,
3388,08/06/2009,44,36,107,104,211,,
3419,08/06/2009,48,55,110,128,238,,
3446,08/06/2009,42,35,106,103,209,,
3516,08/06/2009,46,27,108,94,202,,
3569,08/06/2009,19,17,85,80,165,,
3590,08/06/2009,61,42,121,111,232,,
3598,08/06/2009,50,44,112,113,225,,
3599,08/06/2009,,23,,89,89,,
3602,08/06/2009,27,23,94,89,183,,
3698,08/06/2009,66,48,126,118,244,,
3739,08/06/2009,64,48,124,118,242,,
3743,08/06/2009,32,35,98,103,201,,
3863,08/06/2009,51,37,113,105,218,,
3911,08/06/2009,50,40,112,108,220,,
3919,08/06/2009,65,55,125,128,253,,
4005,08/06/2009,68,54,129,126,255,,
4018,08/06/2009,63,54,123,126,249,,
4041,08/06/2009,16,17,80,80,160,,
4043,08/06/2009,30,19,97,83,180,,
4044,08/06/2009,30,25,97,91,188,,
4142,08/06/2009,26,24,93,90,183,,
104,01/06/2009,58,47,118,117,235,,
199,01/06/2009,70,54,132,126,258,,
211,01/06/2009,32,26,98,92,190,,
228,01/06/2009,67,65,128,141,269,,
326,01/06/2009,39,25,104,91,195,,
352,01/06/2009,37,39,102,107,209,,
354,01/06/2009,72,46,135,116,251,,
359,01/06/2009,40,28,104,95,199,,
583,01/06/2009,50,53,112,125,237,,
644,01/06/2009,50,,112,,112,,
650,01/06/2009,21,16,87,78,165,,
668,01/06/2009,35,35,101,103,204,,
681,01/06/2009,26,35,93,103,196,,
756,01/06/2009,67,50,128,121,249,,
762,01/06/2009,53,42,114,111,225,,
772,01/06/2009,32,46,98,116,214,,
781,01/06/2009,62,46,122,116,238,,
857,01/06/2009,17,35,82,103,185,,
864,01/06/2009,35,24,101,90,191,,
918,01/06/2009,46,33,108,100,208,,
919,01/06/2009,50,32,112,100,212,,
938,01/06/2009,23,30,90,97,187,,
1001,01/06/2009,32,55,98,128,226,,
1007,01/06/2009,28,32,95,100,195,,
1083,01/06/2009,50,43,112,112,224,,
1119,01/06/2009,26,17,93,80,173,,
1131,01/06/2009,73,50,137,121,258,,
1201,01/06/2009,53,52,114,124,238,,
1248,01/06/2009,61,60,121,136,257,,
1249,01/06/2009,62,49,122,119,241,,
1252,01/06/2009,72,50,135,121,256,,
1359,01/06/2009,74,54,139,126,265,,
1366,01/06/2009,43,30,107,97,204,,
1438,01/06/2009,54,53,115,125,240,,
1487,01/06/2009,60,33,120,100,220,,
1822,01/06/2009,33,21,99,86,185,,
1856,01/06/2009,29,39,96,107,203,,
1891,01/06/2009,48,46,110,116,226,,
1918,01/06/2009,60,42,120,111,231,,
1957,01/06/2009,64,51,124,122,246,,
1976,01/06/2009,66,57,126,131,257,,
2176,01/06/2009,55,33,116,100,216,,
2231,01/06/2009,52,41,113,110,223,,
2425,01/06/2009,60,50,120,121,241,,
2511,01/06/2009,13,30,75,97,172,,
2543,01/06/2009,24,30,91,97,188,,
2550,01/06/2009,16,17,80,80,160,,
2690,01/06/2009,44,49,107,119,226,,
2759,01/06/2009,52,43,113,112,225,,
2847,01/06/2009,47,29,109,96,205,,
2863,01/06/2009,58,41,118,110,228,,
2867,01/06/2009,53,33,114,100,214,,
2931,01/06/2009,54,41,115,110,225,,
2945,01/06/2009,68,63,129,141,270,,
2991,01/06/2009,28,17,95,80,175,,
3106,01/06/2009,23,23,90,89,179,,
3139,01/06/2009,48,40,110,108,218,,
3212,01/06/2009,26,46,93,116,209,,
3337,01/06/2009,56,40,116,108,224,,
3352,01/06/2009,18,19,84,83,167,,
3357,01/06/2009,66,46,126,116,242,,
3394,01/06/2009,14,11,77,69,146,,
3456,01/06/2009,29,30,96,97,193,,
3512,01/06/2009,36,35,101,103,204,,
3550,01/06/2009,44,35,107,103,210,,
3652,01/06/2009,64,50,124,121,245,,
3715,01/06/2009,37,23,102,89,191,,
3758,01/06/2009,58,44,118,113,231,,
3858,01/06/2009,47,29,109,96,205,,
3859,01/06/2009,44,36,107,104,211,,
3895,01/06/2009,62,41,122,110,232,,
4111,01/06/2009,72,52,135,124,259,,
4121,01/06/2009,26,23,93,89,182,,
4160,01/06/2009,60,46,120,116,236,,
4189,01/06/2009,19,30,85,97,182,,
4250,01/06/2009,22,17,89,80,169,,
16,25/05/2009,32,41,98,110,208,,
94,25/05/2009,50,39,112,107,219,,
154,25/05/2009,67,56,128,129,257,,
155,25/05/2009,71,49,133,119,252,,
194,25/05/2009,56,42,116,111,227,,
273,25/05/2009,55,35,116,103,219,,
336,25/05/2009,66,54,126,126,252,,
362,25/05/2009,61,36,121,104,225,,
384,25/05/2009,44,47,107,117,224,,
408,25/05/2009,49,53,111,125,236,,
517,25/05/2009,64,40,124,108,232,,
574,25/05/2009,62,58,122,133,255,,
589,25/05/2009,30,34,97,102,199,,
694,25/05/2009,29,41,96,110,206,,
701,25/05/2009,64,45,124,114,238,,
705,25/05/2009,38,37,103,105,208,,
718,25/05/2009,56,57,116,131,247,,
759,25/05/2009,66,48,126,118,244,,
831,25/05/2009,49,27,111,94,205,,
895,25/05/2009,18,27,84,94,178,,
933,25/05/2009,39,44,104,113,217,,
968,25/05/2009,43,34,107,102,209,,
990,25/05/2009,25,19,92,83,175,,
1053,25/05/2009,38,39,103,107,210,,
1070,25/05/2009,68,37,129,105,234,,
1098,25/05/2009,48,39,110,107,217,,
1110,25/05/2009,31,28,97,95,192,,
1135,25/05/2009,17,33,82,100,182,,
1142,25/05/2009,47,37,109,105,214,,
1375,25/05/2009,61,56,121,129,250,,
1415,25/05/2009,35,26,101,92,193,,
1532,25/05/2009,66,49,126,119,245,,
1569,25/05/2009,61,46,121,116,237,,
1624,25/05/2009,61,49,121,119,240,,
1745,25/05/2009,47,50,109,121,230,,
1755,25/05/2009,26,22,93,88,181,,
1815,25/05/2009,26,16,93,78,171,,
1947,25/05/2009,56,51,116,122,238,,
1977,25/05/2009,30,21,97,86,183,,
2019,25/05/2009,57,59,117,135,252,,
2093,25/05/2009,40,33,104,100,204,,
2119,25/05/2009,63,37,123,105,228,,
2252,25/05/2009,35,37,101,105,206,,
2266,25/05/2009,69,50,130,121,251,,
2372,25/05/2009,72,52,135,124,259,,
2496,25/05/2009,34,34,100,102,202,,
2595,25/05/2009,70,57,132,131,263,,
2653,25/05/2009,28,45,95,114,209,,
2706,25/05/2009,30,21,97,86,183,,
2966,25/05/2009,38,27,103,94,197,,
3289,25/05/2009,50,40,112,108,220,,
3338,25/05/2009,38,38,103,106,209,,
3393,25/05/2009,15,18,78,81,159,,
3428,25/05/2009,34,42,100,111,211,,
3554,25/05/2009,6,14,69,73,142,,
3639,25/05/2009,50,36,112,104,216,,
3674,25/05/2009,18,33,84,100,184,,
3675,25/05/2009,62,51,122,122,244,,
3678,25/05/2009,72,58,135,133,268,,
3830,25/05/2009,42,24,106,90,196,,
3891,25/05/2009,20,20,87,84,171,,
3926,25/05/2009,54,40,115,108,223,,
3999,25/05/2009,30,24,97,90,187,,
4119,25/05/2009,43,18,107,81,188,,
4127,25/05/2009,66,52,126,124,250,,
4180,25/05/2009,21,23,87,89,176,,
4248,25/05/2009,28,23,95,89,184,,
6,18/05/2009,54,45,115,114,229,,
67,18/05/2009,57,39,117,107,224,,
90,18/05/2009,49,39,111,107,218,,
91,18/05/2009,58,50,118,121,239,,
220,18/05/2009,35,29,101,96,197,,
367,18/05/2009,32,41,98,109,207,,
376,18/05/2009,50,43,112,112,224,,
419,18/05/2009,55,43,116,112,228,,
553,18/05/2009,50,52,112,124,236,,
554,18/05/2009,59,58,119,133,252,,
584,18/05/2009,37,31,102,98,200,,
595,18/05/2009,50,23,112,89,201,,
609,18/05/2009,43,47,107,117,224,,
611,18/05/2009,34,36,100,104,204,,
693,18/05/2009,50,26,112,92,204,,
726,18/05/2009,16,19,80,83,163,,
760,18/05/2009,48,48,110,118,228,,
833,18/05/2009,70,50,132,121,253,,
866,18/05/2009,16,26,80,92,172,,
874,18/05/2009,25,32,92,100,192,,
875,18/05/2009,33,38,99,106,205,,
949,18/05/2009,43,36,107,104,211,,
1088,18/05/2009,51,40,113,108,221,,
1153,18/05/2009,44,32,107,99,206,,
1176,18/05/2009,61,51,121,122,243,,
1192,18/05/2009,36,31,101,98,199,,
1271,18/05/2009,77,51,141,122,263,,
1277,18/05/2009,58,59,118,135,253,,
1338,18/05/2009,65,51,125,122,247,,
1462,18/05/2009,34,33,100,100,200,,
1476,18/05/2009,77,54,141,126,267,,
1482,18/05/2009,47,54,109,126,235,,
1543,18/05/2009,74,59,139,135,274,,
1556,18/05/2009,63,51,123,122,245,,
1564,18/05/2009,52,33,113,100,213,,
1700,18/05/2009,22,32,89,100,189,,
1900,18/05/2009,70,59,132,135,267,,
1967,18/05/2009,61,52,121,124,245,,
1975,18/05/2009,59,44,119,113,232,,
2051,18/05/2009,48,42,110,110,220,,
2109,18/05/2009,59,43,119,112,231,,
2175,18/05/2009,70,60,132,136,268,,
2298,18/05/2009,69,54,130,126,256,,
2487,18/05/2009,36,26,101,92,193,,
2548,18/05/2009,57,44,117,113,230,,
2576,18/05/2009,23,43,90,112,202,,
2606,18/05/2009,54,,115,,115,,
2607,18/05/2009,46,34,108,101,209,,
2612,18/05/2009,29,31,96,98,194,,
2618,18/05/2009,51,41,113,110,223,,
2655,18/05/2009,36,31,101,98,199,,
2681,18/05/2009,47,28,109,95,204,,
2691,18/05/2009,16,30,80,97,177,,
2720,18/05/2009,25,39,92,107,199,,
2770,18/05/2009,69,52,130,124,254,,
2879,18/05/2009,67,46,128,115,243,,
2911,18/05/2009,48,48,110,118,228,,
2999,18/05/2009,26,22,93,87,180,,
3024,18/05/2009,43,29,107,96,203,,
3032,18/05/2009,11,22,71,87,158,,
3116,18/05/2009,12,34,73,101,174,,
3163,18/05/2009,66,52,126,124,250,,
3170,18/05/2009,73,60,137,136,273,,
3180,18/05/2009,62,54,122,126,248,,
3232,18/05/2009,67,51,128,122,250,,
3264,18/05/2009,36,48,101,118,219,,
3316,18/05/2009,42,51,106,122,228,,
3389,18/05/2009,11,16,71,78,149,,
3480,18/05/2009,61,54,121,126,247,,
3499,18/05/2009,13,19,75,83,158,,
3536,18/05/2009,28,28,95,95,190,,
3542,18/05/2009,30,26,97,92,189,,
3553,18/05/2009,66,62,126,140,266,,
3562,18/05/2009,76,58,141,133,274,,
3563,18/05/2009,65,52,125,124,249,,
3594,18/05/2009,75,58,141,133,274,,
3596,18/05/2009,60,39,120,107,227,,
3761,18/05/2009,68,,129,,129,,
3766,18/05/2009,17,21,82,86,168,,
3841,18/05/2009,71,56,133,129,262,,
3854,18/05/2009,64,55,124,128,252,,
3855,18/05/2009,49,23,111,89,200,,
3856,18/05/2009,48,42,110,110,220,,
3953,18/05/2009,75,52,141,124,265,,
3956,18/05/2009,52,38,113,106,219,,
3983,18/05/2009,59,51,119,122,241,,
4028,18/05/2009,40,47,104,117,221,,
4204,18/05/2009,33,22,99,87,186,,
4229,18/05/2009,62,47,122,117,239,,
49,11/05/2009,59,45,119,114,233,,
79,11/05/2009,35,44,100,113,213,,
126,11/05/2009,43,51,107,122,229,,
168,11/05/2009,73,48,137,118,255,,
238,11/05/2009,72,54,135,126,261,,
254,11/05/2009,78,52,141,124,265,,
303,11/05/2009,61,43,121,112,233,,
327,11/05/2009,55,47,116,117,233,,
350,11/05/2009,65,41,125,109,234,,
360,11/05/2009,43,43,107,112,219,,
478,11/05/2009,52,54,113,126,239,,
505,11/05/2009,59,46,119,115,234,,
560,11/05/2009,23,22,90,87,177,,
581,11/05/2009,9,17,69,79,148,,
771,11/05/2009,33,27,99,94,193,,
934,11/05/2009,52,51,113,122,235,,
944,11/05/2009,65,52,125,124,249,,
958,11/05/2009,30,21,97,86,183,,
969,11/05/2009,28,15,95,75,170,,
988,11/05/2009,35,45,101,114,215,,
1037,11/05/2009,20,21,87,86,173,,
1120,11/05/2009,67,59,127,135,262,,
1140,11/05/2009,13,30,75,97,172,,
1205,11/05/2009,24,26,90,92,182,,
1238,11/05/2009,49,46,110,115,225,,
1278,11/05/2009,46,47,108,117,225,,
1280,11/05/2009,38,42,103,110,213,,
1528,11/05/2009,59,40,119,108,227,,
1722,11/05/2009,56,48,116,118,234,,
1807,11/05/2009,36,35,101,102,203,,
1814,11/05/2009,20,12,86,69,155,,
1818,11/05/2009,40,39,104,107,211,,
1835,11/05/2009,58,40,118,108,226,,
2074,11/05/2009,43,54,107,126,233,,
2114,11/05/2009,63,45,122,114,236,,
2146,11/05/2009,54,45,115,114,229,,
2221,11/05/2009,46,44,108,113,221,,
2236,11/05/2009,58,44,118,113,231,,
2286,11/05/2009,70,48,131,118,249,,
2320,11/05/2009,72,54,135,126,261,,
2334,11/05/2009,55,48,115,118,233,,
2354,11/05/2009,38,41,103,109,212,,
2507,11/05/2009,14,16,76,77,153,,
2644,11/05/2009,45,43,108,112,220,,
2684,11/05/2009,17,31,82,98,180,,
2726,11/05/2009,48,44,110,113,223,,
2736,11/05/2009,43,41,106,109,215,,
2751,11/05/2009,55,40,115,108,223,,
2792,11/05/2009,53,47,113,117,230,,
2809,11/05/2009,62,41,122,109,231,,
2875,11/05/2009,33,29,99,96,195,,
2891,11/05/2009,63,36,122,103,225,,
3053,11/05/2009,38,34,103,101,204,,
3055,11/05/2009,31,34,97,101,198,,
3095,11/05/2009,42,37,106,105,211,,
3103,11/05/2009,34,38,99,106,205,,
3164,11/05/2009,70,43,131,112,243,,
3266,11/05/2009,63,59,122,135,257,,
3319,11/05/2009,42,40,106,108,214,,
3333,11/05/2009,20,26,87,92,179,,
3336,11/05/2009,38,21,103,86,189,,
3339,11/05/2009,15,28,78,95,173,,
3382,11/05/2009,25,26,91,92,183,,
3407,11/05/2009,20,28,87,95,182,,
3437,11/05/2009,73,57,137,131,268,,
3442,11/05/2009,40,30,104,97,201,,
3723,11/05/2009,74,51,139,122,261,,
3763,11/05/2009,56,55,116,128,244,,
3833,11/05/2009,24,21,90,86,176,,
3836,11/05/2009,36,27,101,94,195,,
3843,11/05/2009,47,42,109,110,219,,
3849,11/05/2009,68,35,129,102,231,,
4222,11/05/2009,44,39,107,107,214,,
9,04/05/2009,59,48,119,118,237,,
30,04/05/2009,74,52,139,124,263,,
259,04/05/2009,74,59,139,135,274,,
373,04/05/2009,77,59,141,135,276,,
434,04/05/2009,73,58,137,133,270,,
435,04/05/2009,43,31,106,98,204,,
474,04/05/2009,63,45,122,114,236,,
486,04/05/2009,62,47,121,117,238,,
487,04/05/2009,49,37,110,105,215,,
580,04/05/2009,14,19,76,83,159,,
588,04/05/2009,19,32,85,99,184,,
603,04/05/2009,32,24,98,89,187,,
612,04/05/2009,29,30,95,97,192,,
638,04/05/2009,56,50,116,121,237,,
654,04/05/2009,57,48,117,118,235,,
673,04/05/2009,42,36,105,103,208,,
678,04/05/2009,44,47,107,117,224,,
724,04/05/2009,29,47,95,117,212,,
777,04/05/2009,58,40,118,108,226,,
778,04/05/2009,18,24,83,89,172,,
832,04/05/2009,34,21,99,86,185,,
900,04/05/2009,68,42,128,110,238,,
951,04/05/2009,26,23,92,89,181,,
957,04/05/2009,54,50,114,121,235,,
1006,04/05/2009,24,17,90,79,169,,
1058,04/05/2009,47,49,109,119,228,,
1094,04/05/2009,64,55,124,128,252,,
1163,04/05/2009,59,34,119,101,220,,
1298,04/05/2009,18,41,83,109,192,,
1351,04/05/2009,66,51,126,122,248,,
1355,04/05/2009,44,29,107,96,203,,
1361,04/05/2009,32,43,98,112,210,,
1423,04/05/2009,79,50,141,121,262,,
1429,04/05/2009,73,63,137,141,278,,
1548,04/05/2009,50,34,111,101,212,,
1672,04/05/2009,60,44,120,113,233,,
1693,04/05/2009,50,47,111,117,228,,
1732,04/05/2009,64,58,124,133,257,,
1820,04/05/2009,33,22,99,87,186,,
1898,04/05/2009,50,43,111,112,223,,
1915,04/05/2009,65,53,125,125,250,,
1928,04/05/2009,46,52,108,124,232,,
1953,04/05/2009,44,45,107,114,221,,
1961,04/05/2009,64,46,124,115,239,,
1994,04/05/2009,71,43,133,112,245,,
1998,04/05/2009,39,38,103,106,209,,
2003,04/05/2009,22,31,88,98,186,,
2037,04/05/2009,31,30,97,97,194,,
2154,04/05/2009,28,24,94,89,183,,
2190,04/05/2009,39,43,103,112,215,,
2216,04/05/2009,44,35,107,102,209,,
2232,04/05/2009,76,49,141,119,260,,
2280,04/05/2009,48,52,110,124,234,,
2281,04/05/2009,55,52,115,124,239,,
2418,04/05/2009,43,35,106,102,208,,
2446,04/05/2009,43,26,106,92,198,,
2448,04/05/2009,49,46,110,115,225,,
2661,04/05/2009,38,22,103,87,190,,
2768,04/05/2009,71,61,133,138,271,,
2778,04/05/2009,42,26,105,92,197,,
2804,04/05/2009,50,28,111,95,206,,
2843,04/05/2009,68,59,128,135,263,,
2873,04/05/2009,74,,139,,139,,
2895,04/05/2009,35,9,100,69,169,,
2915,04/05/2009,52,54,113,126,239,,
2916,04/05/2009,51,36,112,103,215,,
2933,04/05/2009,67,57,127,131,258,,
2935,04/05/2009,71,57,133,131,264,,
2960,04/05/2009,64,63,124,141,265,,
2979,04/05/2009,58,45,118,114,232,,
3000,04/05/2009,52,57,113,131,244,,
3004,04/05/2009,28,43,94,112,206,,
3005,04/05/2009,38,33,103,100,203,,
3049,04/05/2009,50,43,111,112,223,,
3054,04/05/2009,60,54,120,126,246,,
3060,04/05/2009,58,50,118,121,239,,
3080,04/05/2009,47,36,109,103,212,,
3086,04/05/2009,42,31,105,98,203,,
3110,04/05/2009,34,24,99,89,188,,
3197,04/05/2009,17,18,82,81,163,,
3222,04/05/2009,44,52,107,124,231,,
3415,04/05/2009,20,23,86,89,175,,
3481,04/05/2009,41,38,104,106,210,,
3524,04/05/2009,26,26,92,92,184,,
3604,04/05/2009,71,58,133,133,266,,
3694,04/05/2009,52,43,113,112,225,,
3710,04/05/2009,22,26,88,92,180,,
3711,04/05/2009,27,25,93,90,183,,
3716,04/05/2009,36,48,101,118,219,,
3747,04/05/2009,25,22,91,87,178,,
3748,04/05/2009,62,54,121,126,247,,
3948,04/05/2009,48,36,110,103,213,,
3991,04/05/2009,30,27,96,94,190,,
4012,04/05/2009,38,27,103,94,197,,
4051,04/05/2009,29,28,95,95,190,,
4068,04/05/2009,24,29,90,96,186,,
4097,04/05/2009,26,15,92,75,167,,
4163,04/05/2009,58,63,118,141,259,,
4173,04/05/2009,45,50,108,121,229,,
4186,04/05/2009,30,37,96,105,201,,
4205,04/05/2009,46,42,108,110,218,,
4265,04/05/2009,16,28,80,95,175,,
44,27/04/2009,63,50,122,121,243,,
207,27/04/2009,65,63,125,141,266,,
263,27/04/2009,65,50,125,121,246,,
276,27/04/2009,39,37,103,105,208,,
279,27/04/2009,40,30,104,97,201,,
298,27/04/2009,50,37,111,105,216,,
338,27/04/2009,36,33,101,100,201,,
382,27/04/2009,61,39,120,107,227,,
386,27/04/2009,49,39,110,107,217,,
532,27/04/2009,54,61,114,138,252,,
541,27/04/2009,58,46,118,115,233,,
546,27/04/2009,11,27,71,94,165,,
551,27/04/2009,22,40,88,108,196,,
608,27/04/2009,66,50,126,121,247,,
610,27/04/2009,41,46,104,115,219,,
683,27/04/2009,54,43,114,112,226,,
711,27/04/2009,71,61,133,138,271,,
738,27/04/2009,18,26,83,92,175,,
796,27/04/2009,43,30,106,97,203,,
935,27/04/2009,16,36,80,103,183,,
1024,27/04/2009,53,21,113,86,199,,
1048,27/04/2009,58,38,118,106,224,,
1051,27/04/2009,36,28,101,95,196,,
1062,27/04/2009,52,42,113,110,223,,
1105,27/04/2009,29,35,95,102,197,,
1170,27/04/2009,47,39,109,107,216,,
1310,27/04/2009,67,56,127,129,256,,
1382,27/04/2009,61,53,120,125,245,,
1407,27/04/2009,30,28,96,95,191,,
1454,27/04/2009,35,34,100,101,201,,
1698,27/04/2009,54,28,114,95,209,,
1829,27/04/2009,38,29,103,96,199,,
1838,27/04/2009,30,27,96,94,190,,
2045,27/04/2009,28,35,94,102,196,,
2085,27/04/2009,46,51,108,122,230,,
2150,27/04/2009,36,30,101,97,198,,
2171,27/04/2009,53,36,113,103,216,,
2200,27/04/2009,55,51,115,122,237,,
2235,27/04/2009,74,47,139,117,256,,
2248,27/04/2009,44,37,107,105,212,,
2249,27/04/2009,75,51,141,122,263,,
2357,27/04/2009,75,62,141,140,281,,
2410,27/04/2009,52,56,113,129,242,,
2605,27/04/2009,34,30,99,97,196,,
2632,27/04/2009,60,44,120,113,233,,
2665,27/04/2009,11,9,71,69,140,,
2674,27/04/2009,39,40,103,108,211,,
2695,27/04/2009,20,17,86,79,165,,
2705,27/04/2009,52,50,113,121,234,,
2722,27/04/2009,49,27,110,94,204,,
2729,27/04/2009,67,55,127,128,255,,
2732,27/04/2009,13,21,75,86,161,,
2762,27/04/2009,25,22,91,87,178,,
2851,27/04/2009,62,42,121,110,231,,
2972,27/04/2009,38,34,103,101,204,,
2986,27/04/2009,41,,104,,104,,
3028,27/04/2009,34,31,99,98,197,,
3029,27/04/2009,33,29,99,96,195,,
3111,27/04/2009,51,50,112,121,233,,
3152,27/04/2009,37,38,102,106,208,,
3237,27/04/2009,62,61,121,138,259,,
3249,27/04/2009,27,46,93,115,208,,
3267,27/04/2009,56,27,116,94,210,,
3374,27/04/2009,16,21,80,86,166,,
3459,27/04/2009,34,39,99,107,206,,
3472,27/04/2009,71,58,133,133,266,,
3491,27/04/2009,65,39,125,107,232,,
3565,27/04/2009,36,31,101,98,199,,
3570,27/04/2009,55,35,115,102,217,,
3627,27/04/2009,14,45,76,114,190,,
3651,27/04/2009,26,32,92,99,191,,
3668,27/04/2009,28,39,94,107,201,,
3888,27/04/2009,56,52,116,124,240,,
3910,27/04/2009,54,51,114,122,236,,
3934,27/04/2009,64,40,124,108,232,,
4030,27/04/2009,56,40,116,108,224,,
4083,27/04/2009,25,14,91,73,164,,
4101,27/04/2009,21,35,87,102,189,,
4167,27/04/2009,60,46,120,115,235,,
4198,27/04/2009,63,53,122,125,247,,
4209,27/04/2009,47,35,109,102,211,,
4211,27/04/2009,30,26,96,92,188,,
4236,27/04/2009,38,34,103,101,204,,
4255,27/04/2009,36,28,101,95,196,,
4260,27/04/2009,19,27,85,94,179,,
26,20/04/2009,71,59,133,135,268,,
58,20/04/2009,69,50,130,120,250,,
59,20/04/2009,54,44,114,112,226,,
181,20/04/2009,57,48,117,118,235,,
198,20/04/2009,24,29,90,95,185,,
208,20/04/2009,51,37,112,104,216,,
226,20/04/2009,56,51,116,122,238,,
233,20/04/2009,39,31,103,98,201,,
261,20/04/2009,46,54,108,126,234,,
405,20/04/2009,56,57,116,131,247,,
621,20/04/2009,36,50,101,121,222,,
625,20/04/2009,29,37,95,105,200,,
629,20/04/2009,29,42,95,110,205,,
635,20/04/2009,41,36,104,103,207,,
658,20/04/2009,16,48,80,118,198,,
692,20/04/2009,45,47,108,117,225,,
751,20/04/2009,22,31,88,98,186,,
770,20/04/2009,46,35,108,102,210,,
843,20/04/2009,18,39,83,107,190,,
846,20/04/2009,60,43,120,112,232,,
980,20/04/2009,55,44,115,112,227,,
1060,20/04/2009,56,49,116,119,235,,
1122,20/04/2009,16,26,80,92,172,,
1132,20/04/2009,76,64,141,141,282,,
1335,20/04/2009,77,57,141,131,272,,
1395,20/04/2009,36,28,101,95,196,,
1503,20/04/2009,59,47,119,117,236,,
1509,20/04/2009,42,28,105,94,199,,
1511,20/04/2009,49,43,110,112,222,,
1574,20/04/2009,38,33,103,100,203,,
1590,20/04/2009,14,21,76,86,162,,
1704,20/04/2009,35,28,100,95,195,,
1783,20/04/2009,51,35,112,102,214,,
1833,20/04/2009,37,38,102,106,208,,
2036,20/04/2009,65,59,125,135,260,,
2075,20/04/2009,52,47,113,117,230,,
2177,20/04/2009,65,64,125,141,266,,
2300,20/04/2009,33,33,99,100,199,,
2374,20/04/2009,68,52,128,124,252,,
2380,20/04/2009,71,58,133,133,266,,
2421,20/04/2009,34,54,99,126,225,,
2456,20/04/2009,44,44,107,113,220,,
2476,20/04/2009,63,40,122,108,230,,
2499,20/04/2009,53,43,113,112,225,,
2504,20/04/2009,58,50,118,121,239,,
2634,20/04/2009,32,34,98,101,199,,
2708,20/04/2009,50,27,111,94,205,,
2709,20/04/2009,54,38,114,106,220,,
2710,20/04/2009,66,45,126,114,240,,
2719,20/04/2009,47,29,109,96,205,,
2795,20/04/2009,52,34,113,101,214,,
2805,20/04/2009,54,43,114,112,226,,
2822,20/04/2009,14,38,76,105,181,,
2937,20/04/2009,45,32,108,99,207,,
2941,20/04/2009,56,46,116,115,231,,
2965,20/04/2009,68,,128,,128,,
3003,20/04/2009,25,26,91,92,183,,
3155,20/04/2009,64,51,124,122,246,,
3223,20/04/2009,31,33,97,100,197,,
3270,20/04/2009,63,57,122,131,253,,
3281,20/04/2009,73,56,137,129,266,,
3308,20/04/2009,41,35,104,102,206,,
3368,20/04/2009,26,29,92,96,188,,
3431,20/04/2009,31,34,97,101,198,,
3436,20/04/2009,34,32,99,99,198,,
3539,20/04/2009,22,33,88,100,188,,
3612,20/04/2009,24,18,90,81,171,,
3644,20/04/2009,63,47,122,117,239,,
3731,20/04/2009,39,41,103,109,212,,
3787,20/04/2009,36,43,101,112,213,,
3788,20/04/2009,19,34,85,101,186,,
3962,20/04/2009,20,37,86,105,191,,
3987,20/04/2009,74,47,139,117,256,,
4004,20/04/2009,52,50,113,121,234,,
4020,20/04/2009,44,34,107,101,208,,
4021,20/04/2009,50,40,111,108,219,,
4026,20/04/2009,49,42,110,110,220,,
4049,20/04/2009,22,31,88,98,186,,
4154,20/04/2009,50,38,111,106,217,,
4208,20/04/2009,27,37,93,105,198,,
4245,20/04/2009,41,45,104,114,218,,
113,13/04/2009,43,45,106,114,220,,
324,13/04/2009,56,50,116,120,236,,
325,13/04/2009,64,46,124,115,239,,
399,13/04/2009,57,43,117,111,228,,
400,13/04/2009,44,28,107,94,201,,
445,13/04/2009,35,33,100,100,200,,
455,13/04/2009,50,37,111,104,215,,
490,13/04/2009,49,39,110,106,216,,
499,13/04/2009,15,24,78,89,167,,
509,13/04/2009,68,53,128,124,252,,
516,13/04/2009,47,58,108,133,241,,
570,13/04/2009,56,49,116,119,235,,
632,13/04/2009,48,50,110,120,230,,
651,13/04/2009,50,30,111,97,208,,
878,13/04/2009,63,45,122,114,236,,
886,13/04/2009,45,28,108,94,202,,
910,13/04/2009,60,45,120,114,234,,
1029,13/04/2009,34,29,99,95,194,,
1101,13/04/2009,27,44,93,112,205,,
1146,13/04/2009,62,50,121,120,241,,
1161,13/04/2009,73,47,137,116,253,,
1185,13/04/2009,45,35,108,102,210,,
1334,13/04/2009,59,48,119,118,237,,
1337,13/04/2009,38,27,103,93,196,,
1378,13/04/2009,69,51,130,122,252,,
1448,13/04/2009,64,41,124,109,233,,
1490,13/04/2009,59,58,118,133,251,,
1534,13/04/2009,72,49,135,119,254,,
1557,13/04/2009,25,31,91,98,189,,
1575,13/04/2009,57,52,117,123,240,,
1586,13/04/2009,32,35,97,102,199,,
1846,13/04/2009,41,25,104,90,194,,
1962,13/04/2009,37,38,102,105,207,,
2011,13/04/2009,35,46,100,115,215,,
2014,13/04/2009,54,47,114,116,230,,
2029,13/04/2009,75,66,141,141,282,,
2100,13/04/2009,53,40,113,108,221,,
2186,13/04/2009,71,48,133,118,251,,
2243,13/04/2009,69,59,130,135,265,,
2287,13/04/2009,55,48,115,118,233,,
2290,13/04/2009,76,58,141,133,274,,
2393,13/04/2009,78,59,141,135,276,,
2450,13/04/2009,36,44,101,112,213,,
2512,13/04/2009,28,23,94,88,182,,
2570,13/04/2009,55,43,115,111,226,,
2593,13/04/2009,66,51,126,122,248,,
2654,13/04/2009,74,57,139,131,270,,
2841,13/04/2009,74,54,139,126,265,,
2854,13/04/2009,58,53,118,124,242,,
2899,13/04/2009,25,39,91,106,197,,
2951,13/04/2009,37,40,101,108,209,,
3018,13/04/2009,42,26,105,92,197,,
3131,13/04/2009,69,51,130,122,252,,
3288,13/04/2009,50,48,111,118,229,,
3328,13/04/2009,20,28,86,94,180,,
3363,13/04/2009,61,39,120,106,226,,
3477,13/04/2009,57,50,117,120,237,,
3501,13/04/2009,41,34,104,101,205,,
3559,13/04/2009,60,37,120,104,224,,
3631,13/04/2009,72,56,135,129,264,,
3679,13/04/2009,62,55,121,128,249,,
3689,13/04/2009,51,38,112,105,217,,
3751,13/04/2009,61,47,120,116,236,,
3754,13/04/2009,29,26,95,92,187,,
3776,13/04/2009,70,54,131,126,257,,
3825,13/04/2009,64,56,124,129,253,,
3877,13/04/2009,31,40,97,108,205,,
4085,13/04/2009,41,35,104,102,206,,
4099,13/04/2009,33,23,99,88,187,,
4251,13/04/2009,23,32,89,99,188,,
204,06/04/2009,50,31,111,98,209,,
234,06/04/2009,45,36,107,103,210,,
304,06/04/2009,62,48,121,118,239,,
310,06/04/2009,72,46,135,115,250,,
311,06/04/2009,56,53,116,124,240,,
319,06/04/2009,42,44,105,112,217,,
353,06/04/2009,56,43,116,111,227,,
369,06/04/2009,48,33,109,100,209,,
372,06/04/2009,50,50,111,120,231,,
390,06/04/2009,46,28,108,94,202,,
470,06/04/2009,62,51,121,122,243,,
515,06/04/2009,70,62,131,140,271,,
547,06/04/2009,15,14,78,72,150,,
561,06/04/2009,12,32,73,99,172,,
578,06/04/2009,28,40,94,108,202,,
607,06/04/2009,25,39,91,106,197,,
617,06/04/2009,25,34,91,101,192,,
867,06/04/2009,50,35,111,102,213,,
901,06/04/2009,67,49,127,119,246,,
905,06/04/2009,60,46,119,115,234,,
906,06/04/2009,55,37,115,104,219,,
1147,06/04/2009,28,31,94,98,192,,
1148,06/04/2009,27,21,93,86,179,,
1149,06/04/2009,65,55,124,128,252,,
1160,06/04/2009,71,54,133,126,259,,
1187,06/04/2009,75,57,141,131,272,,
1210,06/04/2009,49,41,110,109,219,,
1258,06/04/2009,64,60,123,136,259,,
1262,06/04/2009,55,56,115,129,244,,
1380,06/04/2009,65,43,124,111,235,,
1473,06/04/2009,56,41,116,109,225,,
1489,06/04/2009,45,31,107,98,205,,
1517,06/04/2009,18,25,83,90,173,,
1600,06/04/2009,30,40,96,108,204,,
1615,06/04/2009,29,24,95,89,184,,
1668,06/04/2009,21,37,87,104,191,,
1746,06/04/2009,54,45,114,114,228,,
1778,06/04/2009,51,38,112,105,217,,
1863,06/04/2009,60,34,119,101,220,,
1956,06/04/2009,65,51,124,122,246,,
1969,06/04/2009,70,52,131,123,254,,
2131,06/04/2009,52,58,112,133,245,,
2148,06/04/2009,69,48,130,118,248,,
2207,06/04/2009,68,61,128,138,266,,
2217,06/04/2009,63,53,122,124,246,,
2230,06/04/2009,73,53,136,124,260,,
2268,06/04/2009,49,41,110,109,219,,
2295,06/04/2009,35,53,100,124,224,,
2402,06/04/2009,54,36,114,103,217,,
2411,06/04/2009,47,47,108,116,224,,
2472,06/04/2009,50,41,111,109,220,,
2495,06/04/2009,12,15,73,75,148,,
2652,06/04/2009,40,42,103,110,213,,
2680,06/04/2009,38,40,102,108,210,,
2698,06/04/2009,15,16,78,77,155,,
2699,06/04/2009,58,54,118,126,244,,
2704,06/04/2009,25,24,91,89,180,,
2877,06/04/2009,47,45,108,114,222,,
2997,06/04/2009,32,24,97,89,186,,
3043,06/04/2009,60,38,119,105,224,,
3189,06/04/2009,79,57,141,131,272,,
3201,06/04/2009,17,34,81,101,182,,
3279,06/04/2009,26,17,92,79,171,,
3309,06/04/2009,36,31,101,98,199,,
3354,06/04/2009,17,23,81,88,169,,
3413,06/04/2009,24,30,90,97,187,,
3515,06/04/2009,66,57,126,131,257,,
3547,06/04/2009,23,29,89,95,184,,
3595,06/04/2009,26,25,92,90,182,,
3597,06/04/2009,63,39,122,106,228,,
3660,06/04/2009,32,44,97,112,209,,
3707,06/04/2009,34,31,99,98,197,,
3713,06/04/2009,37,30,101,97,198,,
3729,06/04/2009,51,42,112,110,222,,
3774,06/04/2009,16,26,80,92,172,,
3822,06/04/2009,72,65,135,141,276,,
3866,06/04/2009,58,38,118,105,223,,
3975,06/04/2009,23,35,89,102,191,,
3981,06/04/2009,65,45,124,114,238,,
4100,06/04/2009,63,52,122,123,245,,
4104,06/04/2009,55,23,115,88,203,,
4107,06/04/2009,27,28,93,94,187,,
4212,06/04/2009,60,50,119,120,239,,
4220,06/04/2009,70,44,131,112,243,,
76,30/03/2009,66,36,126,103,229,,
80,30/03/2009,46,45,108,114,222,,
189,30/03/2009,56,44,116,112,228,,
218,30/03/2009,48,41,109,109,218,,
294,30/03/2009,64,40,123,108,231,,
370,30/03/2009,71,52,133,123,256,,
409,30/03/2009,62,45,121,114,235,,
418,30/03/2009,57,33,117,100,217,,
431,30/03/2009,60,57,119,131,250,,
432,30/03/2009,62,45,121,114,235,,
502,30/03/2009,41,34,104,101,205,,
544,30/03/2009,38,32,102,99,201,,
604,30/03/2009,51,55,112,128,240,,
618,30/03/2009,20,17,86,79,165,,
666,30/03/2009,20,27,86,93,179,,
785,30/03/2009,29,22,95,87,182,,
850,30/03/2009,64,53,123,124,247,,
876,30/03/2009,60,47,119,116,235,,
1084,30/03/2009,73,49,136,119,255,,
1145,30/03/2009,60,44,119,112,231,,
1198,30/03/2009,63,51,122,122,244,,
1296,30/03/2009,67,61,127,138,265,,
1348,30/03/2009,69,57,130,131,261,,
1466,30/03/2009,33,34,98,101,199,,
1470,30/03/2009,62,54,121,126,247,,
1495,30/03/2009,56,51,116,122,238,,
1577,30/03/2009,40,37,103,104,207,,
1655,30/03/2009,64,49,123,119,242,,
1675,30/03/2009,63,51,122,122,244,,
1680,30/03/2009,20,26,86,92,178,,
1713,30/03/2009,67,39,127,106,233,,
1798,30/03/2009,59,50,118,120,238,,
1832,30/03/2009,31,30,97,97,194,,
1861,30/03/2009,63,50,122,120,242,,
1862,30/03/2009,64,50,123,120,243,,
1985,30/03/2009,53,61,113,138,251,,
2026,30/03/2009,64,55,123,128,251,,
2128,30/03/2009,46,35,108,102,210,,
2129,30/03/2009,63,43,122,111,233,,
2288,30/03/2009,74,58,139,133,272,,
2308,30/03/2009,50,50,111,120,231,,
2309,30/03/2009,53,54,113,126,239,,
2331,30/03/2009,42,37,105,104,209,,
2416,30/03/2009,65,60,124,136,260,,
2432,30/03/2009,31,26,97,92,189,,
2465,30/03/2009,57,52,117,123,240,,
2522,30/03/2009,69,64,130,141,271,,
2557,30/03/2009,55,52,115,123,238,,
2586,30/03/2009,64,34,123,101,224,,
2829,30/03/2009,73,54,136,126,262,,
2833,30/03/2009,62,54,121,126,247,,
2897,30/03/2009,63,51,122,122,244,,
2917,30/03/2009,55,34,115,101,216,,
3006,30/03/2009,49,44,110,112,222,,
3020,30/03/2009,18,32,83,99,182,,
3031,30/03/2009,33,39,98,106,204,,
3035,30/03/2009,22,33,88,100,188,,
3050,30/03/2009,41,56,104,129,233,,
3081,30/03/2009,74,57,139,131,270,,
3235,30/03/2009,26,37,92,104,196,,
3236,30/03/2009,15,32,78,99,177,,
3326,30/03/2009,22,20,88,84,172,,
3332,30/03/2009,54,49,114,119,233,,
3418,30/03/2009,26,23,92,88,180,,
3443,30/03/2009,30,32,96,99,195,,
3448,30/03/2009,54,31,114,98,212,,
3478,30/03/2009,63,50,122,120,242,,
3505,30/03/2009,73,53,136,124,260,,
3573,30/03/2009,52,42,112,110,222,,
3623,30/03/2009,33,24,98,89,187,,
3655,30/03/2009,23,24,89,89,178,,
3658,30/03/2009,16,14,80,72,152,,
3734,30/03/2009,33,33,98,100,198,,
3801,30/03/2009,44,36,107,103,210,,
3831,30/03/2009,30,32,96,99,195,,
4125,30/03/2009,47,41,108,109,217,,
4144,30/03/2009,37,37,101,104,205,,
4200,30/03/2009,27,14,93,72,165,,
4206,30/03/2009,12,21,73,86,159,,
4241,30/03/2009,37,31,101,98,199,,
23,23/03/2009,61,54,120,126,246,,
55,23/03/2009,49,37,110,104,214,,
77,23/03/2009,36,27,101,93,194,,
101,23/03/2009,52,41,112,109,221,,
146,23/03/2009,62,45,121,114,235,,
292,23/03/2009,45,55,107,128,235,,
316,23/03/2009,39,50,103,120,223,,
530,23/03/2009,47,48,108,118,226,,
534,23/03/2009,21,33,87,100,187,,
539,23/03/2009,24,29,90,95,185,,
564,23/03/2009,65,40,124,108,232,,
645,23/03/2009,45,42,107,110,217,,
684,23/03/2009,42,51,105,122,227,,
728,23/03/2009,55,47,115,116,231,,
806,23/03/2009,39,43,103,111,214,,
810,23/03/2009,31,33,97,100,197,,
825,23/03/2009,18,19,83,83,166,,
851,23/03/2009,72,53,135,124,259,,
1000,23/03/2009,26,39,92,106,198,,
1085,23/03/2009,66,61,126,138,264,,
1102,23/03/2009,70,45,131,114,245,,
1279,23/03/2009,61,37,120,104,224,,
1289,23/03/2009,29,40,95,108,203,,
1406,23/03/2009,56,50,116,120,236,,
1447,23/03/2009,29,26,95,92,187,,
1605,23/03/2009,40,42,103,110,213,,
1683,23/03/2009,45,38,107,105,212,,
1718,23/03/2009,69,57,130,131,261,,
1752,23/03/2009,49,37,110,104,214,,
1851,23/03/2009,33,22,98,87,185,,
1859,23/03/2009,47,39,108,106,214,,
1901,23/03/2009,63,45,122,114,236,,
1989,23/03/2009,41,39,104,106,210,,
2035,23/03/2009,71,50,133,120,253,,
2134,23/03/2009,62,47,121,116,237,,
2173,23/03/2009,67,43,127,111,238,,
2182,23/03/2009,20,26,86,92,178,,
2292,23/03/2009,78,63,141,141,282,,
2307,23/03/2009,64,50,123,120,243,,
2395,23/03/2009,71,60,133,136,269,,
2516,23/03/2009,48,44,109,112,221,,
2517,23/03/2009,51,48,112,118,230,,
2617,23/03/2009,43,34,106,101,207,,
2646,23/03/2009,41,31,104,98,202,,
2735,23/03/2009,33,34,98,101,199,,
2773,23/03/2009,67,47,127,116,243,,
2812,23/03/2009,35,44,100,112,212,,
2844,23/03/2009,73,60,136,136,272,,
2888,23/03/2009,62,44,121,112,233,,
3096,23/03/2009,29,30,95,97,192,,
3133,23/03/2009,62,51,121,122,243,,
3208,23/03/2009,27,26,93,92,185,,
3256,23/03/2009,34,33,99,100,199,,
3260,23/03/2009,67,54,127,126,253,,
3277,23/03/2009,43,17,106,79,185,,
3420,23/03/2009,34,45,99,114,213,,
3473,23/03/2009,45,40,107,108,215,,
3485,23/03/2009,21,23,87,88,175,,
3557,23/03/2009,36,56,101,129,230,,
3576,23/03/2009,29,20,95,84,179,,
3607,23/03/2009,62,49,121,119,240,,
3638,23/03/2009,48,21,109,86,195,,
3646,23/03/2009,40,44,103,112,215,,
3771,23/03/2009,69,50,130,120,250,,
3844,23/03/2009,47,47,108,116,224,,
3951,23/03/2009,51,52,112,123,235,,
3959,23/03/2009,58,52,118,123,241,,
4060,23/03/2009,16,30,80,97,177,,
4130,23/03/2009,21,24,87,89,176,,
4252,23/03/2009,18,42,83,110,193,,
4263,23/03/2009,42,46,105,115,220,,
17,16/03/2009,62,54,121,126,247,,
22,16/03/2009,47,44,108,112,220,,
57,16/03/2009,47,31,108,98,206,,
84,16/03/2009,51,40,112,108,220,,
186,16/03/2009,67,52,127,123,250,,
246,16/03/2009,40,29,103,95,198,,
463,16/03/2009,63,36,122,103,225,,
464,16/03/2009,51,44,112,112,224,,
596,16/03/2009,19,21,84,85,169,,
748,16/03/2009,17,16,81,77,158,,
750,16/03/2009,13,35,74,102,176,,
763,16/03/2009,34,44,99,112,211,,
826,16/03/2009,31,37,97,104,201,,
930,16/03/2009,58,47,118,116,234,,
953,16/03/2009,26,12,92,69,161,,
974,16/03/2009,20,21,86,85,171,,
1117,16/03/2009,10,17,69,79,148,,
1165,16/03/2009,68,64,128,141,269,,
1316,16/03/2009,72,48,135,118,253,,
1324,16/03/2009,75,62,141,140,281,,
1365,16/03/2009,61,50,120,120,240,,
1409,16/03/2009,58,43,118,111,229,,
1477,16/03/2009,72,47,135,116,251,,
1479,16/03/2009,52,44,112,112,224,,
1630,16/03/2009,45,42,107,109,216,,
1659,16/03/2009,29,24,95,89,184,,
1763,16/03/2009,55,37,115,104,219,,
1779,16/03/2009,40,40,103,108,211,,
1804,16/03/2009,28,21,94,85,179,,
1909,16/03/2009,37,44,101,112,213,,
1944,16/03/2009,44,43,107,111,218,,
2023,16/03/2009,62,51,121,121,242,,
2071,16/03/2009,64,38,123,105,228,,
2113,16/03/2009,77,60,141,136,277,,
2118,16/03/2009,68,50,128,120,248,,
2201,16/03/2009,75,51,141,121,262,,
2218,16/03/2009,49,41,110,108,218,,
2233,16/03/2009,20,18,86,81,167,,
2238,16/03/2009,60,31,119,98,217,,
2262,16/03/2009,64,49,123,118,241,,
2285,16/03/2009,60,51,119,121,240,,
2333,16/03/2009,70,48,131,118,249,,
2360,16/03/2009,48,52,109,123,232,,
2375,16/03/2009,54,35,114,102,216,,
2397,16/03/2009,71,57,133,131,264,,
2534,16/03/2009,26,33,92,99,191,,
2603,16/03/2009,55,30,115,96,211,,
2742,16/03/2009,26,30,92,96,188,,
2836,16/03/2009,55,50,115,120,235,,
2957,16/03/2009,52,38,112,105,217,,
2958,16/03/2009,41,45,104,113,217,,
2994,16/03/2009,58,54,118,126,244,,
3052,16/03/2009,28,32,94,98,192,,
3168,16/03/2009,69,48,130,117,247,,
3211,16/03/2009,48,28,109,94,203,,
3257,16/03/2009,48,35,109,102,211,,
3395,16/03/2009,40,43,103,111,214,,
3399,16/03/2009,35,26,100,92,192,,
3453,16/03/2009,32,18,97,81,178,,
3487,16/03/2009,63,51,122,121,243,,
3507,16/03/2009,29,47,95,116,211,,
3523,16/03/2009,33,30,98,97,195,,
3800,16/03/2009,47,39,108,106,214,,
3898,16/03/2009,61,41,120,108,228,,
3900,16/03/2009,52,31,112,97,209,,
3982,16/03/2009,49,35,110,102,212,,
4058,16/03/2009,36,22,101,87,188,,
4066,16/03/2009,23,26,89,91,180,,
4149,16/03/2009,54,59,114,135,249,,
4203,16/03/2009,52,48,112,117,229,,
4243,16/03/2009,30,41,96,108,204,,
32,09/03/2009,43,45,106,113,219,,
54,09/03/2009,60,40,119,107,226,,
65,09/03/2009,47,46,108,115,223,,
74,09/03/2009,19,27,84,93,177,,
108,09/03/2009,50,50,110,120,230,,
139,09/03/2009,55,44,114,112,226,,
164,09/03/2009,46,29,107,95,202,,
264,09/03/2009,76,59,141,134,275,,
290,09/03/2009,63,55,121,127,248,,
305,09/03/2009,67,47,127,116,243,,
344,09/03/2009,48,38,109,105,214,,
473,09/03/2009,33,17,98,79,177,,
540,09/03/2009,57,49,116,118,234,,
558,09/03/2009,22,41,87,108,195,,
690,09/03/2009,74,51,138,121,259,,
733,09/03/2009,54,25,113,90,203,,
740,09/03/2009,32,38,97,105,202,,
786,09/03/2009,45,36,107,103,210,,
937,09/03/2009,37,27,101,93,194,,
972,09/03/2009,29,27,94,93,187,,
975,09/03/2009,38,36,102,103,205,,
991,09/03/2009,33,40,98,107,205,,
992,09/03/2009,38,33,102,99,201,,
1042,09/03/2009,29,32,94,98,192,,
1203,09/03/2009,47,54,108,126,234,,
1315,09/03/2009,32,30,97,96,193,,
1339,09/03/2009,44,35,106,102,208,,
1386,09/03/2009,68,60,128,136,264,,
1420,09/03/2009,73,48,136,117,253,,
1486,09/03/2009,49,45,110,113,223,,
1549,09/03/2009,56,37,115,104,219,,
1552,09/03/2009,40,43,103,111,214,,
1628,09/03/2009,45,29,107,95,202,,
1662,09/03/2009,66,43,125,111,236,,
1665,09/03/2009,45,31,107,97,204,,
1666,09/03/2009,44,32,106,98,204,,
1697,09/03/2009,52,47,112,116,228,,
1717,09/03/2009,31,38,96,105,201,,
1756,09/03/2009,38,36,102,103,205,,
1767,09/03/2009,68,47,128,116,244,,
1816,09/03/2009,60,48,119,117,236,,
1817,09/03/2009,39,27,102,93,195,,
1864,09/03/2009,15,28,78,94,172,,
1911,09/03/2009,62,51,121,121,242,,
2021,09/03/2009,47,39,108,106,214,,
2116,09/03/2009,56,39,115,106,221,,
2143,09/03/2009,40,35,103,102,205,,
2157,09/03/2009,35,40,100,107,207,,
2161,09/03/2009,56,57,115,131,246,,
2162,09/03/2009,77,55,141,127,268,,
2164,09/03/2009,60,61,119,138,257,,
2209,09/03/2009,72,52,134,123,257,,
2225,09/03/2009,66,51,125,121,246,,
2297,09/03/2009,43,51,105,121,226,,
2340,09/03/2009,46,54,107,126,233,,
2368,09/03/2009,63,63,121,141,262,,
2470,09/03/2009,60,37,119,104,223,,
2553,09/03/2009,66,47,125,116,241,,
2639,09/03/2009,72,62,135,140,275,,
2643,09/03/2009,44,44,106,112,218,,
2663,09/03/2009,36,32,100,98,198,,
2664,09/03/2009,47,47,108,116,224,,
2848,09/03/2009,63,32,121,98,219,,
2850,09/03/2009,42,45,104,113,217,,
3037,09/03/2009,23,23,89,88,177,,
3115,09/03/2009,66,46,125,115,240,,
3126,09/03/2009,69,50,129,120,249,,
3150,09/03/2009,34,40,99,107,206,,
3171,09/03/2009,61,52,120,123,243,,
3293,09/03/2009,59,60,118,136,254,,
3299,09/03/2009,30,33,96,99,195,,
3401,09/03/2009,56,45,115,113,228,,
3493,09/03/2009,62,54,121,126,247,,
3500,09/03/2009,56,41,115,108,223,,
3548,09/03/2009,54,62,113,140,253,,
3558,09/03/2009,46,48,107,117,224,,
3634,09/03/2009,54,45,113,113,226,,
3661,09/03/2009,34,44,99,112,211,,
3703,09/03/2009,38,29,102,95,197,,
3808,09/03/2009,40,,103,,103,,
3840,09/03/2009,13,22,74,87,161,,
3845,09/03/2009,46,47,107,116,223,,
3906,09/03/2009,53,39,112,106,218,,
3985,09/03/2009,36,26,100,91,191,,
3993,09/03/2009,34,18,99,81,180,,
4048,09/03/2009,27,34,93,100,193,,
4075,09/03/2009,52,41,112,108,220,,
4078,09/03/2009,16,43,80,111,191,,
4095,09/03/2009,32,34,97,100,197,,
4183,09/03/2009,27,30,93,96,189,,
4190,09/03/2009,12,21,73,85,158,,
2,02/03/2009,69,54,129,126,255,,
8,02/03/2009,61,58,120,133,253,,
60,02/03/2009,69,54,129,126,255,,
128,02/03/2009,60,36,119,103,222,,
149,02/03/2009,48,28,109,94,203,,
153,02/03/2009,63,59,121,134,255,,
214,02/03/2009,49,38,110,105,215,,
215,02/03/2009,77,48,141,117,258,,
252,02/03/2009,68,53,128,124,252,,
277,02/03/2009,61,43,120,111,231,,
282,02/03/2009,62,51,121,121,242,,
287,02/03/2009,68,63,128,141,269,,
299,02/03/2009,49,28,110,94,204,,
404,02/03/2009,52,58,112,133,245,,
438,02/03/2009,56,40,115,107,222,,
441,02/03/2009,39,53,102,124,226,,
491,02/03/2009,55,42,114,109,223,,
555,02/03/2009,37,43,101,111,212,,
598,02/03/2009,46,49,107,118,225,,
661,02/03/2009,10,18,69,81,150,,
882,02/03/2009,47,43,108,111,219,,
1013,02/03/2009,20,29,86,95,181,,
1124,02/03/2009,57,48,116,117,233,,
1130,02/03/2009,27,30,93,96,189,,
1195,02/03/2009,61,45,120,113,233,,
1292,02/03/2009,57,50,116,120,236,,
1326,02/03/2009,60,50,119,120,239,,
1385,02/03/2009,65,49,124,118,242,,
1396,02/03/2009,43,28,105,94,199,,
1463,02/03/2009,56,46,115,115,230,,
1488,02/03/2009,60,48,119,117,236,,
1501,02/03/2009,74,48,138,117,255,,
1514,02/03/2009,40,27,103,93,196,,
1518,02/03/2009,28,30,94,96,190,,
1524,02/03/2009,43,22,105,87,192,,
1640,02/03/2009,60,52,119,123,242,,
1658,02/03/2009,40,43,103,111,214,,
1696,02/03/2009,55,39,114,106,220,,
1781,02/03/2009,49,54,110,126,236,,
1844,02/03/2009,67,58,127,133,260,,
1932,02/03/2009,69,58,129,133,262,,
2076,02/03/2009,79,60,141,136,277,,
2077,02/03/2009,76,48,141,117,258,,
2166,02/03/2009,60,32,119,98,217,,
2202,02/03/2009,42,42,104,109,213,,
2223,02/03/2009,42,33,104,99,203,,
2301,02/03/2009,64,37,123,104,227,,
2326,02/03/2009,57,34,116,100,216,,
2445,02/03/2009,47,52,108,123,231,,
2575,02/03/2009,74,59,138,134,272,,
2610,02/03/2009,56,40,115,107,222,,
2733,02/03/2009,36,33,100,99,199,,
2772,02/03/2009,56,43,115,111,226,,
2820,02/03/2009,62,51,121,121,242,,
2825,02/03/2009,47,43,108,111,219,,
2872,02/03/2009,51,40,111,107,218,,
2928,02/03/2009,27,28,93,94,187,,
2974,02/03/2009,14,23,76,88,164,,
3026,02/03/2009,35,29,99,95,194,,
3090,02/03/2009,30,43,95,111,206,,
3137,02/03/2009,72,55,134,127,261,,
3138,02/03/2009,26,42,92,109,201,,
3167,02/03/2009,62,50,121,120,241,,
3181,02/03/2009,75,53,140,124,264,,
3190,02/03/2009,78,53,141,124,265,,
3242,02/03/2009,36,38,100,105,205,,
3310,02/03/2009,42,47,104,116,220,,
3314,02/03/2009,25,21,90,85,175,,
3330,02/03/2009,44,41,106,108,214,,
3408,02/03/2009,56,49,115,118,233,,
3439,02/03/2009,33,29,98,95,193,,
3441,02/03/2009,30,33,95,99,194,,
3454,02/03/2009,39,37,102,104,206,,
3465,02/03/2009,44,51,106,121,227,,
3490,02/03/2009,62,56,121,129,250,,
3611,02/03/2009,33,27,98,93,191,,
3692,02/03/2009,51,48,111,117,228,,
3695,02/03/2009,74,55,138,127,265,,
3744,02/03/2009,29,29,94,95,189,,
3750,02/03/2009,42,39,104,106,210,,
3753,02/03/2009,41,46,104,115,219,,
3762,02/03/2009,45,35,107,102,209,,
3785,02/03/2009,69,49,129,118,247,,
3804,02/03/2009,36,35,100,102,202,,
3868,02/03/2009,29,38,94,105,199,,
3879,02/03/2009,42,38,104,105,209,,
3886,02/03/2009,47,42,108,109,217,,
3927,02/03/2009,53,36,112,103,215,,
3940,02/03/2009,29,32,94,98,192,,
4032,02/03/2009,25,15,90,75,165,,
4063,02/03/2009,48,48,109,117,226,,
4126,02/03/2009,64,57,123,131,254,,
4187,02/03/2009,46,32,107,98,205,,
98,23/02/2009,62,52,121,123,244,,
107,23/02/2009,33,45,98,113,211,,
111,23/02/2009,52,38,112,105,217,,
162,23/02/2009,75,59,140,134,274,,
200,23/02/2009,39,43,102,111,213,,
219,23/02/2009,56,43,115,111,226,,
307,23/02/2009,48,31,109,97,206,,
357,23/02/2009,28,38,94,105,199,,
442,23/02/2009,63,55,121,127,248,,
458,23/02/2009,69,53,129,124,253,,
519,23/02/2009,20,30,86,96,182,,
653,23/02/2009,59,51,118,121,239,,
672,23/02/2009,33,19,98,83,181,,
722,23/02/2009,43,65,105,141,246,,
747,23/02/2009,43,45,105,113,218,,
838,23/02/2009,37,34,101,100,201,,
841,23/02/2009,44,32,106,98,204,,
853,23/02/2009,51,38,111,105,216,,
947,23/02/2009,33,43,98,111,209,,
1027,23/02/2009,41,25,104,90,194,,
1081,23/02/2009,60,51,119,121,240,,
1139,23/02/2009,36,42,100,109,209,,
1184,23/02/2009,54,33,113,99,212,,
1194,23/02/2009,33,34,98,100,198,,
1206,23/02/2009,38,38,102,105,207,,
1430,23/02/2009,75,55,140,127,267,,
1465,23/02/2009,68,61,128,138,266,,
1472,23/02/2009,47,45,108,113,221,,
1520,23/02/2009,57,42,116,109,225,,
1589,23/02/2009,27,27,93,93,186,,
1639,23/02/2009,75,62,140,140,280,,
1689,23/02/2009,53,41,112,108,220,,
1794,23/02/2009,30,23,95,88,183,,
1858,23/02/2009,40,28,103,94,197,,
1869,23/02/2009,53,30,112,96,208,,
1889,23/02/2009,60,56,119,129,248,,
1995,23/02/2009,61,52,120,123,243,,
2121,23/02/2009,59,58,118,133,251,,
2199,23/02/2009,67,49,127,118,245,,
2222,23/02/2009,23,30,88,96,184,,
2339,23/02/2009,53,60,112,136,248,,
2492,23/02/2009,41,30,104,96,200,,
2556,23/02/2009,28,54,94,126,220,,
2668,23/02/2009,60,42,119,109,228,,
2740,23/02/2009,32,42,97,109,206,,
2864,23/02/2009,25,37,90,104,194,,
2898,23/02/2009,76,55,141,127,268,,
2923,23/02/2009,65,46,124,115,239,,
2967,23/02/2009,50,40,110,107,217,,
3008,23/02/2009,25,31,90,97,187,,
3047,23/02/2009,39,43,102,111,213,,
3067,23/02/2009,43,55,105,127,232,,
3117,23/02/2009,60,58,119,133,252,,
3130,23/02/2009,50,37,110,104,214,,
3162,23/02/2009,73,62,136,140,276,,
3172,23/02/2009,51,48,111,117,228,,
3398,23/02/2009,59,45,118,113,231,,
3422,23/02/2009,30,24,95,89,184,,
3484,23/02/2009,33,22,98,87,185,,
3503,23/02/2009,45,38,107,105,212,,
3519,23/02/2009,57,63,116,141,257,,
3580,23/02/2009,50,38,110,105,215,,
3581,23/02/2009,64,57,123,131,254,,
3584,23/02/2009,25,23,90,88,178,,
3624,23/02/2009,61,46,120,115,235,,
3642,23/02/2009,69,63,129,141,270,,
3691,23/02/2009,41,51,104,121,225,,
3760,23/02/2009,34,34,99,100,199,,
3889,23/02/2009,63,56,121,129,250,,
3949,23/02/2009,52,48,112,117,229,,
4025,23/02/2009,54,55,113,127,240,,
4124,23/02/2009,44,35,106,102,208,,
4179,23/02/2009,68,47,128,116,244,,
4199,23/02/2009,49,41,110,108,218,,
4210,23/02/2009,50,36,110,103,213,,
4266,23/02/2009,17,32,81,98,179,,
134,16/02/2009,14,33,76,99,175,,
156,16/02/2009,77,43,141,110,251,,
172,16/02/2009,65,60,124,135,259,,
176,16/02/2009,59,51,118,121,239,,
351,16/02/2009,63,41,121,108,229,,
393,16/02/2009,24,24,89,89,178,,
428,16/02/2009,70,61,131,137,268,,
460,16/02/2009,61,49,120,118,238,,
529,16/02/2009,58,43,117,110,227,,
656,16/02/2009,55,35,114,101,215,,
670,16/02/2009,51,46,111,114,225,,
675,16/02/2009,24,39,89,106,195,,
710,16/02/2009,78,53,141,124,265,,
775,16/02/2009,31,46,96,115,211,,
792,16/02/2009,50,40,110,107,217,,
1276,16/02/2009,59,40,118,107,225,,
1308,16/02/2009,69,59,129,134,263,,
1371,16/02/2009,69,46,129,114,243,,
1419,16/02/2009,67,51,127,121,248,,
1599,16/02/2009,29,29,94,95,189,,
1616,16/02/2009,61,49,120,118,238,,
1625,16/02/2009,53,41,112,108,220,,
1633,16/02/2009,41,36,104,102,206,,
1707,16/02/2009,27,32,93,98,191,,
1772,16/02/2009,58,63,117,141,258,,
1795,16/02/2009,74,50,138,120,258,,
1828,16/02/2009,57,47,116,116,232,,
1868,16/02/2009,57,40,116,107,223,,
1887,16/02/2009,68,49,128,118,246,,
1943,16/02/2009,56,52,115,123,238,,
2063,16/02/2009,51,41,111,108,219,,
2106,16/02/2009,76,58,141,132,273,,
2270,16/02/2009,67,40,127,107,234,,
2291,16/02/2009,42,36,104,102,206,,
2330,16/02/2009,43,41,105,108,213,,
2341,16/02/2009,52,55,112,127,239,,
2371,16/02/2009,58,57,117,131,248,,
2424,16/02/2009,49,45,110,113,223,,
2744,16/02/2009,48,43,109,110,219,,
2813,16/02/2009,66,54,125,125,250,,
2853,16/02/2009,51,35,111,101,212,,
2952,16/02/2009,65,,124,,124,,
2975,16/02/2009,43,32,105,98,203,,
3132,16/02/2009,75,64,140,141,281,,
3145,16/02/2009,67,54,127,125,252,,
3151,16/02/2009,62,41,121,108,229,,
3154,16/02/2009,71,51,132,121,253,,
3228,16/02/2009,33,39,98,106,204,,
3340,16/02/2009,39,25,102,89,191,,
3498,16/02/2009,15,32,78,98,176,,
3732,16/02/2009,40,47,103,116,219,,
3798,16/02/2009,69,45,129,113,242,,
3821,16/02/2009,50,45,110,113,223,,
3923,16/02/2009,17,25,81,90,171,,
3967,16/02/2009,48,26,109,91,200,,
4009,16/02/2009,53,47,112,116,228,,
4148,16/02/2009,25,29,90,95,185,,
4194,16/02/2009,38,41,102,108,210,,
4214,16/02/2009,76,53,141,124,265,,
123,09/02/2009,46,49,107,118,225,,
150,09/02/2009,72,44,134,112,246,,
188,09/02/2009,73,55,136,127,263,,
255,09/02/2009,60,51,118,121,239,,
257,09/02/2009,57,57,116,130,246,,
396,09/02/2009,78,62,141,140,281,,
425,09/02/2009,68,53,127,124,251,,
443,09/02/2009,58,54,117,125,242,,
494,09/02/2009,70,52,130,123,253,,
557,09/02/2009,49,32,110,98,208,,
585,09/02/2009,18,18,82,80,162,,
602,09/02/2009,30,14,95,72,167,,
640,09/02/2009,52,51,111,121,232,,
695,09/02/2009,27,22,92,86,178,,
742,09/02/2009,44,26,106,91,197,,
758,09/02/2009,32,48,96,117,213,,
803,09/02/2009,31,27,96,92,188,,
804,09/02/2009,26,24,92,89,181,,
923,09/02/2009,77,63,141,141,282,,
1174,09/02/2009,11,29,70,95,165,,
1180,09/02/2009,33,31,97,97,194,,
1232,09/02/2009,42,48,104,117,221,,
1240,09/02/2009,46,42,107,109,216,,
1273,09/02/2009,67,45,126,113,239,,
1332,09/02/2009,44,33,106,99,205,,
1381,09/02/2009,67,35,126,101,227,,
1410,09/02/2009,68,57,127,130,257,,
1450,09/02/2009,63,50,121,120,241,,
1572,09/02/2009,58,41,117,108,225,,
1593,09/02/2009,51,42,111,109,220,,
1608,09/02/2009,34,46,98,114,212,,
1619,09/02/2009,44,33,106,99,205,,
1632,09/02/2009,40,27,102,92,194,,
1677,09/02/2009,58,47,117,116,233,,
1775,09/02/2009,24,33,89,99,188,,
1823,09/02/2009,50,46,110,114,224,,
1875,09/02/2009,38,33,101,99,200,,
1899,09/02/2009,57,48,116,117,233,,
1908,09/02/2009,47,43,107,110,217,,
1922,09/02/2009,34,38,98,104,202,,
2010,09/02/2009,58,54,117,125,242,,
2062,09/02/2009,74,44,138,112,250,,
2102,09/02/2009,44,41,106,108,214,,
2197,09/02/2009,80,65,141,141,282,,
2313,09/02/2009,65,60,123,135,258,,
2358,09/02/2009,71,58,132,132,264,,
2468,09/02/2009,60,47,118,116,234,,
2539,09/02/2009,35,55,99,127,226,,
2580,09/02/2009,31,27,96,92,188,,
2667,09/02/2009,64,61,122,137,259,,
2673,09/02/2009,62,48,121,117,238,,
2711,09/02/2009,54,35,113,101,214,,
2756,09/02/2009,24,27,89,92,181,,
2764,09/02/2009,54,49,113,118,231,,
2862,09/02/2009,67,35,126,101,227,,
2936,09/02/2009,66,48,125,117,242,,
2990,09/02/2009,46,50,107,120,227,,
3107,09/02/2009,59,30,118,96,214,,
3114,09/02/2009,45,49,106,118,224,,
3263,09/02/2009,37,47,101,116,217,,
3286,09/02/2009,20,21,85,85,170,,
3335,09/02/2009,65,41,124,108,232,,
3342,09/02/2009,21,35,86,101,187,,
3380,09/02/2009,18,21,82,85,167,,
3381,09/02/2009,14,19,76,82,158,,
3427,09/02/2009,62,44,120,112,232,,
3452,09/02/2009,16,27,79,92,171,,
3497,09/02/2009,57,56,116,128,244,,
3502,09/02/2009,34,34,98,100,198,,
3530,09/02/2009,42,31,104,97,201,,
3575,09/02/2009,47,39,107,106,213,,
3601,09/02/2009,36,29,100,95,195,,
3645,09/02/2009,19,34,84,100,184,,
3782,09/02/2009,67,43,126,110,236,,
3783,09/02/2009,23,36,88,102,190,,
3815,09/02/2009,52,52,111,123,234,,
3865,09/02/2009,53,41,112,108,220,,
3899,09/02/2009,60,56,119,128,247,,
3915,09/02/2009,63,49,121,118,239,,
3992,09/02/2009,71,49,132,118,250,,
4054,09/02/2009,34,40,98,107,205,,
4221,09/02/2009,70,43,130,110,240,,
4235,09/02/2009,36,38,100,104,204,,
4258,09/02/2009,43,40,105,107,212,,
41,02/02/2009,58,41,117,108,225,,
61,02/02/2009,50,38,110,104,214,,
112,02/02/2009,58,45,117,113,230,,
142,02/02/2009,72,57,134,130,264,,
196,02/02/2009,50,41,110,108,218,,
202,02/02/2009,69,51,129,121,250,,
242,02/02/2009,54,45,113,113,226,,
245,02/02/2009,69,52,129,123,252,,
247,02/02/2009,70,54,130,125,255,,
330,02/02/2009,79,64,141,141,282,,
379,02/02/2009,55,38,114,104,218,,
391,02/02/2009,35,21,99,85,184,,
549,02/02/2009,38,33,101,99,200,,
569,02/02/2009,39,41,102,108,210,,
591,02/02/2009,44,41,106,108,214,,
676,02/02/2009,34,25,98,89,187,,
702,02/02/2009,25,21,90,85,175,,
811,02/02/2009,48,48,108,117,225,,
847,02/02/2009,54,51,113,121,234,,
862,02/02/2009,58,45,117,113,230,,
869,02/02/2009,64,50,122,120,242,,
967,02/02/2009,21,22,86,86,172,,
1036,02/02/2009,22,36,87,102,189,,
1055,02/02/2009,31,22,96,86,182,,
1144,02/02/2009,72,62,134,140,274,,
1151,02/02/2009,54,44,113,112,225,,
1212,02/02/2009,38,44,101,112,213,,
1228,02/02/2009,11,19,70,82,152,,
1377,02/02/2009,48,42,108,109,217,,
1467,02/02/2009,41,22,103,86,189,,
1468,02/02/2009,58,50,117,120,237,,
1478,02/02/2009,72,66,134,141,275,,
1504,02/02/2009,67,49,126,118,244,,
1522,02/02/2009,53,52,112,123,235,,
1597,02/02/2009,71,51,132,121,253,,
1609,02/02/2009,13,32,74,98,172,,
1674,02/02/2009,47,51,107,121,228,,
1740,02/02/2009,51,58,111,132,243,,
1753,02/02/2009,16,28,79,94,173,,
2006,02/02/2009,41,44,103,112,215,,
2024,02/02/2009,62,51,120,121,241,,
2059,02/02/2009,40,33,102,99,201,,
2078,02/02/2009,54,42,113,109,222,,
2084,02/02/2009,47,52,107,123,230,,
2124,02/02/2009,71,52,132,123,255,,
2169,02/02/2009,66,48,125,117,242,,
2181,02/02/2009,36,22,100,86,186,,
2206,02/02/2009,55,31,114,97,211,,
2255,02/02/2009,53,41,112,108,220,,
2274,02/02/2009,53,35,112,101,213,,
2282,02/02/2009,50,46,110,114,224,,
2377,02/02/2009,71,38,132,104,236,,
2378,02/02/2009,62,48,120,117,237,,
2384,02/02/2009,56,51,115,121,236,,
2471,02/02/2009,54,42,113,109,222,,
2484,02/02/2009,37,34,100,100,200,,
2508,02/02/2009,26,19,91,82,173,,
2619,02/02/2009,58,45,117,113,230,,
2626,02/02/2009,49,55,109,127,236,,
2797,02/02/2009,50,38,110,104,214,,
2806,02/02/2009,67,55,126,127,253,,
2815,02/02/2009,57,43,116,110,226,,
2823,02/02/2009,61,39,119,106,225,,
2893,02/02/2009,45,43,106,110,216,,
2922,02/02/2009,51,42,111,109,220,,
3091,02/02/2009,41,32,103,98,201,,
3169,02/02/2009,68,57,127,130,257,,
3192,02/02/2009,63,57,121,130,251,,
3198,02/02/2009,69,51,129,121,250,,
3203,02/02/2009,26,25,91,89,180,,
3292,02/02/2009,58,45,117,113,230,,
3334,02/02/2009,24,19,89,82,171,,
3358,02/02/2009,44,23,106,88,194,,
3434,02/02/2009,23,33,88,99,187,,
3665,02/02/2009,,43,,110,110,,
3705,02/02/2009,67,48,126,117,243,,
3960,02/02/2009,67,50,126,120,246,,
3978,02/02/2009,71,53,132,124,256,,
4002,02/02/2009,58,47,117,116,233,,
4113,02/02/2009,69,56,129,128,257,,
4114,02/02/2009,61,43,119,110,229,,
131,26/01/2009,51,60,111,135,246,,
180,26/01/2009,53,33,112,99,211,,
231,26/01/2009,59,61,117,137,254,,
329,26/01/2009,57,34,116,100,216,,
366,26/01/2009,50,52,110,123,233,,
394,26/01/2009,13,14,74,72,146,,
457,26/01/2009,38,35,101,101,202,,
477,26/01/2009,39,32,102,98,200,,
480,26/01/2009,51,21,111,85,196,,
579,26/01/2009,32,41,96,108,204,,
708,26/01/2009,24,31,89,97,186,,
709,26/01/2009,44,34,106,100,206,,
717,26/01/2009,56,44,115,112,227,,
793,26/01/2009,53,34,112,100,212,,
926,26/01/2009,40,43,102,110,212,,
928,26/01/2009,65,55,123,127,250,,
1003,26/01/2009,43,32,105,98,203,,
1015,26/01/2009,27,32,92,98,190,,
1023,26/01/2009,24,22,89,86,175,,
1079,26/01/2009,48,45,108,113,221,,
1167,26/01/2009,39,45,102,113,215,,
1220,26/01/2009,22,26,87,91,178,,
1241,26/01/2009,52,42,111,109,220,,
1285,26/01/2009,59,59,117,134,251,,
1288,26/01/2009,57,42,116,109,225,,
1301,26/01/2009,58,35,117,101,218,,
1437,26/01/2009,43,26,105,91,196,,
1502,26/01/2009,43,37,105,103,208,,
1533,26/01/2009,51,43,111,110,221,,
1538,26/01/2009,28,16,93,77,170,,
1553,26/01/2009,72,59,134,134,268,,
1584,26/01/2009,23,30,88,96,184,,
1611,26/01/2009,56,44,115,112,227,,
1613,26/01/2009,65,54,123,125,248,,
1660,26/01/2009,71,53,132,124,256,,
1738,26/01/2009,71,46,132,114,246,,
1741,26/01/2009,74,59,138,134,272,,
1852,26/01/2009,31,33,96,99,195,,
1927,26/01/2009,74,49,138,118,256,,
1946,26/01/2009,58,38,117,104,221,,
1970,26/01/2009,69,53,129,124,253,,
2068,26/01/2009,43,48,105,117,222,,
2264,26/01/2009,51,42,111,109,220,,
2265,26/01/2009,43,47,105,116,221,,
2321,26/01/2009,44,51,106,121,227,,
2376,26/01/2009,65,45,123,113,236,,
2594,26/01/2009,48,37,108,103,211,,
2688,26/01/2009,44,52,106,123,229,,
2697,26/01/2009,64,52,122,123,245,,
2739,26/01/2009,30,42,95,109,204,,
2796,26/01/2009,54,46,113,114,227,,
2840,26/01/2009,66,,125,,125,,
2927,26/01/2009,54,43,113,110,223,,
2946,26/01/2009,77,,141,,141,,
3040,26/01/2009,18,26,82,91,173,,
3119,26/01/2009,62,49,120,118,238,,
3140,26/01/2009,53,48,112,117,229,,
3226,26/01/2009,70,55,130,127,257,,
3246,26/01/2009,65,37,123,103,226,,
3255,26/01/2009,58,49,117,118,235,,
3269,26/01/2009,58,45,117,113,230,,
3302,26/01/2009,27,23,92,88,180,,
3315,26/01/2009,53,32,112,98,210,,
3353,26/01/2009,34,39,98,106,204,,
3508,26/01/2009,62,50,120,120,240,,
3566,26/01/2009,51,41,111,108,219,,
3567,26/01/2009,50,41,110,108,218,,
3653,26/01/2009,44,45,106,113,219,,
3768,26/01/2009,50,52,110,123,233,,
3793,26/01/2009,37,43,100,110,210,,
3802,26/01/2009,40,36,102,102,204,,
4073,26/01/2009,44,35,106,101,207,,
4192,26/01/2009,18,27,82,92,174,,
36,19/01/2009,46,39,107,105,212,,
75,19/01/2009,63,45,121,113,234,,
100,19/01/2009,43,31,105,97,202,,
102,19/01/2009,61,49,119,118,237,,
122,19/01/2009,60,40,118,106,224,,
318,19/01/2009,40,56,102,128,230,,
355,19/01/2009,60,42,118,109,227,,
389,19/01/2009,26,22,91,86,177,,
437,19/01/2009,30,27,95,92,187,,
472,19/01/2009,42,22,104,86,190,,
754,19/01/2009,19,26,84,91,175,,
784,19/01/2009,53,45,112,113,225,,
873,19/01/2009,31,27,96,92,188,,
1009,19/01/2009,24,15,89,75,164,,
1026,19/01/2009,37,30,100,96,196,,
1097,19/01/2009,31,20,96,83,179,,
1178,19/01/2009,37,32,100,98,198,,
1234,19/01/2009,73,53,136,124,260,,
1270,19/01/2009,52,48,111,116,227,,
1274,19/01/2009,67,58,126,132,258,,
1342,19/01/2009,68,44,127,111,238,,
1370,19/01/2009,55,46,114,114,228,,
1398,19/01/2009,50,48,110,117,227,,
1432,19/01/2009,55,43,114,110,224,,
1436,19/01/2009,64,51,122,121,243,,
1464,19/01/2009,54,53,113,124,237,,
1521,19/01/2009,64,37,122,103,225,,
1635,19/01/2009,31,31,96,97,193,,
1645,19/01/2009,66,48,125,117,242,,
1710,19/01/2009,68,60,127,135,262,,
1721,19/01/2009,59,47,117,116,233,,
1737,19/01/2009,54,39,113,106,219,,
1742,19/01/2009,63,39,121,106,227,,
1747,19/01/2009,71,40,132,107,239,,
1780,19/01/2009,45,33,106,99,205,,
1839,19/01/2009,48,28,108,93,201,,
1860,19/01/2009,29,24,94,89,183,,
1921,19/01/2009,38,32,101,98,199,,
1948,19/01/2009,55,43,114,110,224,,
2034,19/01/2009,44,36,106,102,208,,
2064,19/01/2009,77,48,141,117,258,,
2088,19/01/2009,67,46,126,114,240,,
2198,19/01/2009,54,43,113,110,223,,
2224,19/01/2009,64,54,122,125,247,,
2229,19/01/2009,61,24,119,89,208,,
2261,19/01/2009,57,55,116,127,243,,
2275,19/01/2009,75,59,140,134,274,,
2351,19/01/2009,73,53,136,124,260,,
2578,19/01/2009,40,40,102,107,209,,
2583,19/01/2009,71,47,132,116,248,,
2628,19/01/2009,35,45,99,113,212,,
2635,19/01/2009,25,29,90,94,184,,
2636,19/01/2009,19,20,84,83,167,,
2700,19/01/2009,37,26,100,91,191,,
2828,19/01/2009,60,50,118,119,237,,
2918,19/01/2009,66,61,125,137,262,,
2973,19/01/2009,54,47,113,115,228,,
3036,19/01/2009,60,48,118,117,235,,
3070,19/01/2009,16,11,79,69,148,,
3159,19/01/2009,61,54,119,125,244,,
3182,19/01/2009,32,38,96,104,200,,
3227,19/01/2009,67,58,126,132,258,,
3274,19/01/2009,60,53,118,124,242,,
3296,19/01/2009,54,55,113,127,240,,
3387,19/01/2009,54,43,113,110,223,,
3417,19/01/2009,48,47,108,116,224,,
3425,19/01/2009,42,37,104,103,207,,
3506,19/01/2009,38,32,101,98,199,,
3544,19/01/2009,68,48,127,117,244,,
3615,19/01/2009,64,38,122,104,226,,
3681,19/01/2009,52,52,111,123,234,,
3688,19/01/2009,51,45,111,113,224,,
3752,19/01/2009,32,26,96,91,187,,
3791,19/01/2009,55,44,114,112,226,,
3862,19/01/2009,52,47,111,116,227,,
3904,19/01/2009,30,28,95,94,189,,
3925,19/01/2009,18,10,82,69,151,,
3931,19/01/2009,56,37,115,103,218,,
3938,19/01/2009,65,48,123,116,239,,
3946,19/01/2009,55,47,114,116,230,,
3971,19/01/2009,20,26,85,91,176,,
3972,19/01/2009,28,22,93,86,179,,
3979,19/01/2009,39,32,102,98,200,,
4013,19/01/2009,30,31,95,97,192,,
4015,19/01/2009,64,54,122,125,247,,
4105,19/01/2009,67,58,126,132,258,,
4131,19/01/2009,28,34,93,100,193,,
4188,19/01/2009,35,35,99,101,200,,
4230,19/01/2009,45,45,106,113,219,,
12,12/01/2009,54,48,113,116,229,,
88,12/01/2009,13,21,74,85,159,,
92,12/01/2009,61,44,119,111,230,,
116,12/01/2009,31,33,96,99,195,,
137,12/01/2009,61,47,119,115,234,,
144,12/01/2009,77,63,141,141,282,,
225,12/01/2009,66,42,124,109,233,,
337,12/01/2009,47,35,107,101,208,,
345,12/01/2009,73,48,136,116,252,,
433,12/01/2009,31,38,96,104,200,,
552,12/01/2009,55,33,114,99,213,,
641,12/01/2009,59,44,117,111,228,,
687,12/01/2009,43,46,104,114,218,,
691,12/01/2009,28,28,93,93,186,,
813,12/01/2009,57,38,115,104,219,,
821,12/01/2009,52,48,111,116,227,,
965,12/01/2009,34,33,98,99,197,,
976,12/01/2009,26,36,91,102,193,,
1075,12/01/2009,57,44,115,111,226,,
1115,12/01/2009,61,47,119,115,234,,
1190,12/01/2009,40,33,102,99,201,,
1207,12/01/2009,53,34,111,100,211,,
1318,12/01/2009,50,45,109,113,222,,
1345,12/01/2009,65,55,123,127,250,,
1457,12/01/2009,62,42,120,109,229,,
1506,12/01/2009,74,63,138,141,279,,
1603,12/01/2009,75,58,140,132,272,,
1614,12/01/2009,60,44,118,111,229,,
1623,12/01/2009,72,43,134,110,244,,
1684,12/01/2009,59,28,117,93,210,,
1834,12/01/2009,17,16,81,76,157,,
1843,12/01/2009,44,23,106,87,193,,
1951,12/01/2009,71,45,132,113,245,,
1973,12/01/2009,51,41,111,108,219,,
2123,12/01/2009,47,45,107,113,220,,
2138,12/01/2009,69,57,129,130,259,,
2160,12/01/2009,61,49,119,118,237,,
2187,12/01/2009,65,59,123,134,257,,
2188,12/01/2009,64,59,122,134,256,,
2253,12/01/2009,66,64,125,141,266,,
2317,12/01/2009,75,60,140,135,275,,
2478,12/01/2009,56,34,115,100,215,,
2549,12/01/2009,57,34,116,100,216,,
2566,12/01/2009,73,68,135,141,276,,
2590,12/01/2009,26,23,91,87,178,,
2641,12/01/2009,24,19,89,82,171,,
2679,12/01/2009,41,30,103,96,199,,
2753,12/01/2009,16,13,79,69,148,,
2883,12/01/2009,48,26,108,91,199,,
2919,12/01/2009,62,40,120,106,226,,
2953,12/01/2009,41,32,103,98,201,,
3141,12/01/2009,47,37,107,103,210,,
3284,12/01/2009,44,32,105,98,203,,
3290,12/01/2009,47,26,107,91,198,,
3321,12/01/2009,30,34,95,100,195,,
3411,12/01/2009,25,23,90,87,177,,
3585,12/01/2009,48,52,108,122,230,,
3605,12/01/2009,67,55,126,127,253,,
3727,12/01/2009,41,30,103,96,199,,
3872,12/01/2009,15,36,77,102,179,,
4006,12/01/2009,62,51,120,121,241,,
4010,12/01/2009,53,38,112,104,216,,
4023,12/01/2009,56,43,115,110,225,,
4116,12/01/2009,56,28,115,93,208,,
4159,12/01/2009,42,26,104,91,195,,
4217,12/01/2009,30,18,95,80,175,,
4226,12/01/2009,29,37,94,103,197,,
4227,12/01/2009,40,29,102,94,196,,
1,05/01/2009,67,46,126,114,240,,
43,05/01/2009,71,54,132,125,257,,
192,05/01/2009,55,40,113,106,219,,
201,05/01/2009,61,36,119,102,221,,
377,05/01/2009,64,61,122,137,259,,
395,05/01/2009,30,19,94,82,176,,
524,05/01/2009,20,16,85,76,161,,
545,05/01/2009,41,43,103,110,213,,
614,05/01/2009,20,26,85,91,176,,
649,05/01/2009,66,57,124,130,254,,
727,05/01/2009,31,21,95,85,180,,
970,05/01/2009,57,56,115,128,243,,
1016,05/01/2009,34,29,98,94,192,,
1040,05/01/2009,24,28,89,93,182,,
1064,05/01/2009,77,66,141,141,282,,
1143,05/01/2009,55,48,113,116,229,,
1188,05/01/2009,30,33,94,99,193,,
1217,05/01/2009,33,28,97,93,190,,
1231,05/01/2009,60,54,118,125,243,,
1283,05/01/2009,58,43,116,110,226,,
1311,05/01/2009,50,41,109,108,217,,
1352,05/01/2009,62,40,120,106,226,,
1388,05/01/2009,67,41,126,108,234,,
1405,05/01/2009,42,40,103,106,209,,
1434,05/01/2009,78,54,141,125,266,,
1441,05/01/2009,57,44,115,111,226,,
1474,05/01/2009,42,46,103,114,217,,
1483,05/01/2009,43,43,104,110,214,,
1484,05/01/2009,75,56,140,128,268,,
1571,05/01/2009,44,41,105,108,213,,
1725,05/01/2009,73,59,135,134,269,,
1729,05/01/2009,54,40,112,106,218,,
1743,05/01/2009,57,46,115,114,229,,
1913,05/01/2009,53,50,111,119,230,,
2020,05/01/2009,64,54,122,125,247,,
2031,05/01/2009,69,57,129,130,259,,
2060,05/01/2009,56,46,114,114,228,,
2125,05/01/2009,51,35,110,101,211,,
2139,05/01/2009,55,52,113,122,235,,
2158,05/01/2009,65,33,123,99,222,,
2457,05/01/2009,28,31,93,97,190,,
2462,05/01/2009,40,39,102,105,207,,
2485,05/01/2009,54,42,112,109,221,,
2591,05/01/2009,55,48,113,116,229,,
2728,05/01/2009,44,42,105,109,214,,
2745,05/01/2009,68,45,127,113,240,,
2834,05/01/2009,67,47,126,115,241,,
2846,05/01/2009,64,47,122,115,237,,
3093,05/01/2009,47,39,107,105,212,,
3165,05/01/2009,75,61,140,137,277,,
3193,05/01/2009,73,57,135,130,265,,
3271,05/01/2009,47,50,107,119,226,,
3301,05/01/2009,49,30,109,96,205,,
3356,05/01/2009,23,20,88,83,171,,
3458,05/01/2009,29,42,94,109,203,,
3463,05/01/2009,36,27,99,92,191,,
3684,05/01/2009,38,42,101,109,210,,
3741,05/01/2009,67,63,126,141,267,,
3797,05/01/2009,67,58,126,132,258,,
3799,05/01/2009,65,52,123,122,245,,
3860,05/01/2009,67,62,126,139,265,,
3912,05/01/2009,68,56,127,128,255,,
3933,05/01/2009,70,60,130,135,265,,
3976,05/01/2009,59,43,117,110,227,,
4027,05/01/2009,57,42,115,109,224,,
4035,05/01/2009,37,30,100,96,196,,
4047,05/01/2009,32,28,96,93,189,,
4053,05/01/2009,40,39,102,105,207,,
4129,05/01/2009,50,45,109,113,222,,
4197,05/01/2009,49,56,109,128,237,,
11,29/12/2008,57,42,115,109,224,,
47,29/12/2008,42,44,103,111,214,,
110,29/12/2008,52,43,111,110,221,,
173,29/12/2008,40,30,102,96,198,,
249,29/12/2008,56,62,114,139,253,,
266,29/12/2008,61,55,119,127,246,,
484,29/12/2008,66,59,124,134,258,,
488,29/12/2008,51,37,110,103,213,,
512,29/12/2008,,33,,99,99,,
535,29/12/2008,52,43,111,110,221,,
594,29/12/2008,18,34,82,100,182,,
628,29/12/2008,44,36,105,102,207,,
646,29/12/2008,57,41,115,108,223,,
655,29/12/2008,62,42,120,109,229,,
662,29/12/2008,34,30,98,96,194,,
663,29/12/2008,40,44,102,111,213,,
729,29/12/2008,62,48,120,116,236,,
730,29/12/2008,66,49,124,118,242,,
752,29/12/2008,30,,94,,94,,
765,29/12/2008,44,40,105,106,211,,
769,29/12/2008,61,39,119,105,224,,
794,29/12/2008,55,36,113,102,215,,
839,29/12/2008,56,53,114,124,238,,
881,29/12/2008,60,34,118,100,218,,
981,29/12/2008,57,49,115,118,233,,
983,29/12/2008,48,36,108,102,210,,
1030,29/12/2008,13,24,73,88,161,,
1041,29/12/2008,68,57,127,130,257,,
1077,29/12/2008,37,40,100,106,206,,
1162,29/12/2008,66,46,124,114,238,,
1181,29/12/2008,70,59,130,134,264,,
1255,29/12/2008,58,47,116,115,231,,
1321,29/12/2008,71,49,132,118,250,,
1341,29/12/2008,62,40,120,106,226,,
1374,29/12/2008,74,61,138,137,275,,
1444,29/12/2008,49,39,109,105,214,,
1539,29/12/2008,32,55,96,127,223,,
1559,29/12/2008,34,35,98,101,199,,
1617,29/12/2008,63,46,121,114,235,,
1673,29/12/2008,76,55,141,127,268,,
1682,29/12/2008,47,48,107,116,223,,
1714,29/12/2008,61,39,119,105,224,,
1720,29/12/2008,45,33,106,99,205,,
1768,29/12/2008,55,40,113,106,219,,
1847,29/12/2008,53,36,111,102,213,,
1930,29/12/2008,70,50,130,119,249,,
1997,29/12/2008,61,61,119,137,256,,
2058,29/12/2008,64,46,122,114,236,,
2105,29/12/2008,27,29,92,94,186,,
2168,29/12/2008,47,32,107,98,205,,
2191,29/12/2008,75,50,140,119,259,,
2194,29/12/2008,45,30,106,96,202,,
2196,29/12/2008,33,25,97,89,186,,
2234,29/12/2008,49,36,109,102,211,,
2349,29/12/2008,47,45,107,113,220,,
2417,29/12/2008,54,56,112,128,240,,
2482,29/12/2008,39,37,101,103,204,,
2631,29/12/2008,55,35,113,101,214,,
2657,29/12/2008,61,44,119,111,230,,
2670,29/12/2008,44,35,105,101,206,,
2677,29/12/2008,55,50,113,119,232,,
2787,29/12/2008,77,64,141,141,282,,
2810,29/12/2008,62,56,120,128,248,,
2904,29/12/2008,44,38,105,104,209,,
2992,29/12/2008,,43,,110,110,,
3173,29/12/2008,61,22,119,86,205,,
3184,29/12/2008,70,56,130,128,258,,
3196,29/12/2008,55,49,113,118,231,,
3205,29/12/2008,27,35,92,101,193,,
3206,29/12/2008,27,35,92,101,193,,
3369,29/12/2008,18,35,82,101,183,,
3384,29/12/2008,48,46,108,114,222,,
3385,29/12/2008,29,38,94,104,198,,
3433,29/12/2008,60,65,118,141,259,,
3613,29/12/2008,61,54,119,125,244,,
3650,29/12/2008,76,66,141,141,282,,
3671,29/12/2008,47,55,107,127,234,,
3693,29/12/2008,35,,99,,99,,
3718,29/12/2008,39,40,101,106,207,,
3792,29/12/2008,37,38,100,104,204,,
3885,29/12/2008,56,46,114,114,228,,
3887,29/12/2008,47,45,107,113,220,,
3941,29/12/2008,48,29,108,94,202,,
4016,29/12/2008,29,37,94,103,197,,
4064,29/12/2008,31,39,95,105,200,,
4112,29/12/2008,62,34,120,100,220,,
68,22/12/2008,54,49,112,118,230,,
158,22/12/2008,42,30,103,96,199,,
167,22/12/2008,68,51,127,121,248,,
171,22/12/2008,53,32,111,98,209,,
262,22/12/2008,78,67,141,141,282,,
293,22/12/2008,57,33,115,99,214,,
334,22/12/2008,59,38,117,104,221,,
375,22/12/2008,70,51,130,121,251,,
415,22/12/2008,54,32,112,98,210,,
436,22/12/2008,28,19,93,82,175,,
454,22/12/2008,63,28,121,93,214,,
475,22/12/2008,59,36,117,102,219,,
483,22/12/2008,36,44,99,111,210,,
631,22/12/2008,28,34,93,100,193,,
669,22/12/2008,45,31,106,97,203,,
674,22/12/2008,48,58,108,132,240,,
697,22/12/2008,48,41,108,108,216,,
761,22/12/2008,44,52,105,122,227,,
836,22/12/2008,41,30,103,96,199,,
877,22/12/2008,61,46,119,114,233,,
887,22/12/2008,56,46,114,114,228,,
1020,22/12/2008,42,44,103,111,214,,
1054,22/12/2008,64,45,122,113,235,,
1156,22/12/2008,32,22,96,86,182,,
1173,22/12/2008,51,54,110,125,235,,
1183,22/12/2008,32,39,96,105,201,,
1214,22/12/2008,49,42,109,109,218,,
1216,22/12/2008,33,32,97,98,195,,
1242,22/12/2008,61,51,119,121,240,,
1275,22/12/2008,65,53,123,124,247,,
1325,22/12/2008,60,50,118,119,237,,
1453,22/12/2008,63,39,121,105,226,,
1471,22/12/2008,69,56,129,128,257,,
1554,22/12/2008,67,41,126,108,234,,
1585,22/12/2008,56,48,114,116,230,,
1656,22/12/2008,51,40,110,106,216,,
1657,22/12/2008,70,54,130,125,255,,
1789,22/12/2008,68,58,127,132,259,,
1904,22/12/2008,63,62,121,139,260,,
1954,22/12/2008,64,53,122,124,246,,
2052,22/12/2008,64,43,122,110,232,,
2087,22/12/2008,58,49,116,118,234,,
2096,22/12/2008,66,57,124,130,254,,
2159,22/12/2008,59,48,117,116,233,,
2244,22/12/2008,67,44,126,111,237,,
2247,22/12/2008,37,38,100,104,204,,
2284,22/12/2008,48,38,108,104,212,,
2316,22/12/2008,67,43,126,110,236,,
2355,22/12/2008,73,59,135,134,269,,
2406,22/12/2008,69,49,129,118,247,,
2426,22/12/2008,65,58,123,132,255,,
2437,22/12/2008,60,61,118,137,255,,
2530,22/12/2008,46,38,106,104,210,,
2613,22/12/2008,68,48,127,116,243,,
2746,22/12/2008,67,62,126,139,265,,
2845,22/12/2008,56,36,114,102,216,,
2906,22/12/2008,58,52,116,122,238,,
2924,22/12/2008,61,41,119,108,227,,
2925,22/12/2008,66,50,124,119,243,,
2959,22/12/2008,36,29,99,94,193,,
2969,22/12/2008,30,22,94,86,180,,
3010,22/12/2008,51,38,110,104,214,,
3017,22/12/2008,46,40,106,106,212,,
3025,22/12/2008,33,28,97,93,190,,
3051,22/12/2008,35,30,99,96,195,,
3219,22/12/2008,69,61,129,137,266,,
3341,22/12/2008,27,31,92,97,189,,
3361,22/12/2008,14,17,75,78,153,,
3404,22/12/2008,55,37,113,103,216,,
3603,22/12/2008,38,36,101,102,203,,
3682,22/12/2008,48,38,108,104,212,,
3871,22/12/2008,43,30,104,96,200,,
3990,22/12/2008,40,41,102,108,210,,
4169,22/12/2008,35,42,99,109,208,,
4247,22/12/2008,34,38,98,104,202,,
13,15/12/2008,41,28,103,93,196,,
99,15/12/2008,27,27,92,92,184,,
182,15/12/2008,71,51,132,120,252,,
270,15/12/2008,41,40,103,106,209,,
283,15/12/2008,34,22,98,86,184,,
315,15/12/2008,55,41,113,107,220,,
323,15/12/2008,34,17,98,78,176,,
341,15/12/2008,70,48,130,116,246,,
417,15/12/2008,49,45,109,112,221,,
536,15/12/2008,39,43,101,110,211,,
559,15/12/2008,41,52,103,122,225,,
597,15/12/2008,31,26,95,90,185,,
639,15/12/2008,74,61,138,137,275,,
664,15/12/2008,26,25,91,89,180,,
704,15/12/2008,55,43,113,110,223,,
757,15/12/2008,35,45,99,112,211,,
766,15/12/2008,35,38,99,104,203,,
790,15/12/2008,50,42,109,108,217,,
791,15/12/2008,65,47,123,115,238,,
848,15/12/2008,64,55,122,126,248,,
852,15/12/2008,62,40,120,106,226,,
911,15/12/2008,38,52,101,122,223,,
956,15/12/2008,55,49,113,117,230,,
963,15/12/2008,26,27,91,92,183,,
977,15/12/2008,37,42,100,108,208,,
987,15/12/2008,37,32,100,97,197,,
1025,15/12/2008,29,23,94,87,181,,
1063,15/12/2008,42,32,103,97,200,,
1215,15/12/2008,17,26,81,90,171,,
1222,15/12/2008,55,44,113,111,224,,
1225,15/12/2008,25,17,90,78,168,,
1257,15/12/2008,68,42,127,108,235,,
1300,15/12/2008,77,64,141,141,282,,
1399,15/12/2008,43,27,104,92,196,,
1412,15/12/2008,58,44,116,111,227,,
1492,15/12/2008,55,46,113,114,227,,
1620,15/12/2008,44,39,105,105,210,,
1685,15/12/2008,68,48,127,116,243,,
1705,15/12/2008,40,37,102,103,205,,
1813,15/12/2008,17,23,81,87,168,,
1885,15/12/2008,70,36,130,102,232,,
2009,15/12/2008,76,56,141,128,269,,
2027,15/12/2008,69,50,129,119,248,,
2065,15/12/2008,18,27,82,92,174,,
2183,15/12/2008,34,27,98,92,190,,
2256,15/12/2008,63,43,121,110,231,,
2272,15/12/2008,64,49,122,117,239,,
2382,15/12/2008,35,38,99,104,203,,
2401,15/12/2008,48,39,108,105,213,,
2403,15/12/2008,50,59,109,134,243,,
2419,15/12/2008,52,40,111,106,217,,
2515,15/12/2008,43,47,104,115,219,,
2518,15/12/2008,16,26,79,90,169,,
2577,15/12/2008,31,25,95,89,184,,
2598,15/12/2008,70,43,130,110,240,,
2702,15/12/2008,34,31,98,96,194,,
2716,15/12/2008,32,28,96,93,189,,
2755,15/12/2008,35,26,99,90,189,,
2817,15/12/2008,35,37,99,103,202,,
2912,15/12/2008,63,47,121,115,236,,
2995,15/12/2008,53,59,111,134,245,,
3058,15/12/2008,32,20,96,83,179,,
3160,15/12/2008,17,16,81,76,157,,
3329,15/12/2008,68,49,127,117,244,,
3450,15/12/2008,33,35,97,100,197,,
3526,15/12/2008,12,30,72,95,167,,
3617,15/12/2008,53,44,111,111,222,,
3664,15/12/2008,64,47,122,115,237,,
3819,15/12/2008,61,50,119,119,238,,
3864,15/12/2008,58,49,116,117,233,,
3876,15/12/2008,25,25,90,89,179,,
3884,15/12/2008,41,32,103,97,200,,
4076,15/12/2008,32,38,96,104,200,,
4092,15/12/2008,29,30,94,95,189,,
4181,15/12/2008,58,46,116,114,230,,
4257,15/12/2008,36,36,99,102,201,,
5,08/12/2008,58,45,116,112,228,,
35,08/12/2008,67,57,125,130,255,,
39,08/12/2008,35,40,98,106,204,,
52,08/12/2008,46,42,106,108,214,,
73,08/12/2008,43,42,104,108,212,,
166,08/12/2008,63,53,120,123,243,,
253,08/12/2008,69,48,128,116,244,,
260,08/12/2008,71,45,131,112,243,,
322,08/12/2008,69,57,128,130,258,,
358,08/12/2008,68,49,126,117,243,,
410,08/12/2008,54,29,112,94,206,,
556,08/12/2008,35,41,98,107,205,,
572,08/12/2008,17,15,80,74,154,,
619,08/12/2008,42,43,103,110,213,,
699,08/12/2008,54,54,112,125,237,,
731,08/12/2008,54,32,112,97,209,,
732,08/12/2008,42,40,103,106,209,,
755,08/12/2008,25,18,89,80,169,,
768,08/12/2008,50,48,109,116,225,,
774,08/12/2008,47,47,107,115,222,,
844,08/12/2008,39,47,101,115,216,,
996,08/12/2008,31,35,95,100,195,,
1022,08/12/2008,39,41,101,107,208,,
1052,08/12/2008,38,35,100,100,200,,
1072,08/12/2008,58,53,116,123,239,,
1159,08/12/2008,31,34,95,99,194,,
1172,08/12/2008,33,47,96,115,211,,
1202,08/12/2008,31,33,95,98,193,,
1239,08/12/2008,33,38,96,104,200,,
1269,08/12/2008,62,56,119,128,247,,
1343,08/12/2008,76,50,141,119,260,,
1424,08/12/2008,49,34,108,99,207,,
1451,08/12/2008,69,54,128,125,253,,
1455,08/12/2008,35,37,98,103,201,,
1558,08/12/2008,57,45,115,112,227,,
1595,08/12/2008,51,39,110,105,215,,
1610,08/12/2008,46,49,106,117,223,,
1629,08/12/2008,59,41,116,107,223,,
1631,08/12/2008,66,53,124,123,247,,
1646,08/12/2008,66,50,124,119,243,,
1681,08/12/2008,41,41,102,107,209,,
1703,08/12/2008,25,36,89,102,191,,
1715,08/12/2008,60,48,117,116,233,,
1744,08/12/2008,70,59,130,134,264,,
1776,08/12/2008,47,41,107,107,214,,
1866,08/12/2008,73,46,135,114,249,,
1888,08/12/2008,64,55,122,126,248,,
1895,08/12/2008,65,59,123,134,257,,
1963,08/12/2008,58,37,116,103,219,,
1979,08/12/2008,49,33,108,98,206,,
1992,08/12/2008,77,59,141,134,275,,
2008,08/12/2008,28,34,92,99,191,,
2066,08/12/2008,40,28,102,93,195,,
2155,08/12/2008,52,43,111,110,221,,
2311,08/12/2008,51,61,110,137,247,,
2346,08/12/2008,70,55,130,126,256,,
2366,08/12/2008,74,47,137,115,252,,
2388,08/12/2008,57,45,115,112,227,,
2451,08/12/2008,29,26,93,90,183,,
2491,08/12/2008,65,52,123,122,245,,
2510,08/12/2008,35,39,98,105,203,,
2533,08/12/2008,22,22,86,86,172,,
2564,08/12/2008,55,42,113,108,221,,
2565,08/12/2008,18,34,82,99,181,,
2584,08/12/2008,73,60,135,135,270,,
2592,08/12/2008,32,19,96,82,178,,
2648,08/12/2008,50,36,109,102,211,,
2659,08/12/2008,61,35,118,100,218,,
2671,08/12/2008,41,36,102,102,204,,
2713,08/12/2008,39,43,101,110,211,,
2763,08/12/2008,31,36,95,102,197,,
2789,08/12/2008,67,69,125,141,266,,
2855,08/12/2008,45,41,105,107,212,,
2955,08/12/2008,62,45,119,112,231,,
3076,08/12/2008,29,41,93,107,200,,
3143,08/12/2008,53,47,111,115,226,,
3207,08/12/2008,43,41,104,107,211,,
3217,08/12/2008,37,46,100,114,214,,
3231,08/12/2008,65,62,123,139,262,,
3291,08/12/2008,65,36,123,102,225,,
3351,08/12/2008,37,33,100,98,198,,
3402,08/12/2008,50,32,109,97,206,,
3621,08/12/2008,51,39,110,105,215,,
3629,08/12/2008,51,39,110,105,215,,
3656,08/12/2008,48,57,107,130,237,,
3683,08/12/2008,31,26,95,90,185,,
3714,08/12/2008,59,51,116,120,236,,
3812,08/12/2008,40,40,102,106,208,,
3817,08/12/2008,5,,69,,69,,
3820,08/12/2008,70,58,130,132,262,,
3828,08/12/2008,,23,,87,87,,
3881,08/12/2008,51,46,110,114,224,,
3893,08/12/2008,37,27,100,92,192,,
3914,08/12/2008,70,52,130,122,252,,
3970,08/12/2008,55,44,113,111,224,,
3986,08/12/2008,39,37,101,103,204,,
4080,08/12/2008,20,35,84,100,184,,
4103,08/12/2008,65,50,123,119,242,,
4108,08/12/2008,70,50,130,119,249,,
4246,08/12/2008,40,30,102,95,197,,
10,01/12/2008,55,41,113,107,220,,
18,01/12/2008,48,41,107,107,214,,
20,01/12/2008,49,47,108,115,223,,
48,01/12/2008,63,42,120,108,228,,
183,01/12/2008,59,55,116,126,242,,
185,01/12/2008,62,43,119,110,229,,
240,01/12/2008,49,51,108,120,228,,
291,01/12/2008,74,52,137,122,259,,
347,01/12/2008,64,56,122,128,250,,
398,01/12/2008,19,21,83,84,167,,
439,01/12/2008,57,34,115,99,214,,
450,01/12/2008,70,45,130,112,242,,
511,01/12/2008,61,56,118,128,246,,
563,01/12/2008,52,37,111,103,214,,
657,01/12/2008,20,19,84,82,166,,
665,01/12/2008,47,41,107,107,214,,
993,01/12/2008,40,23,102,87,189,,
1031,01/12/2008,40,35,102,100,202,,
1068,01/12/2008,70,58,130,132,262,,
1208,01/12/2008,36,35,99,100,199,,
1236,01/12/2008,43,42,104,108,212,,
1272,01/12/2008,69,56,128,128,256,,
1282,01/12/2008,41,40,102,106,208,,
1291,01/12/2008,42,27,103,92,195,,
1422,01/12/2008,72,46,133,114,247,,
1494,01/12/2008,44,43,105,110,215,,
1510,01/12/2008,40,29,102,94,196,,
1535,01/12/2008,53,51,111,120,231,,
1550,01/12/2008,75,63,139,141,280,,
1612,01/12/2008,54,51,112,120,232,,
1647,01/12/2008,66,53,124,123,247,,
1652,01/12/2008,30,31,94,96,190,,
1653,01/12/2008,49,47,108,115,223,,
1654,01/12/2008,56,54,114,125,239,,
1777,01/12/2008,39,39,101,105,206,,
1786,01/12/2008,27,23,91,87,178,,
1791,01/12/2008,41,36,102,102,204,,
1810,01/12/2008,48,33,107,98,205,,
1848,01/12/2008,58,35,116,100,216,,
1850,01/12/2008,60,36,117,102,219,,
1914,01/12/2008,37,30,100,95,195,,
2017,01/12/2008,65,60,123,135,258,,
2041,01/12/2008,14,15,75,74,149,,
2108,01/12/2008,59,41,116,107,223,,
2163,01/12/2008,61,49,118,117,235,,
2167,01/12/2008,77,58,141,132,273,,
2178,01/12/2008,60,52,117,122,239,,
2245,01/12/2008,31,35,95,100,195,,
2310,01/12/2008,78,61,141,137,278,,
2343,01/12/2008,67,43,125,110,235,,
2356,01/12/2008,66,57,124,130,254,,
2381,01/12/2008,51,36,110,102,212,,
2394,01/12/2008,53,46,111,114,225,,
2436,01/12/2008,42,56,103,128,231,,
2442,01/12/2008,42,45,103,112,215,,
2452,01/12/2008,32,40,96,106,202,,
2521,01/12/2008,59,51,116,120,236,,
2561,01/12/2008,71,53,131,123,254,,
2750,01/12/2008,38,38,100,104,204,,
2803,01/12/2008,59,58,116,132,248,,
2814,01/12/2008,46,39,106,105,211,,
2832,01/12/2008,72,43,133,110,243,,
2942,01/12/2008,55,35,113,100,213,,
2978,01/12/2008,74,53,137,123,260,,
2982,01/12/2008,33,45,96,112,208,,
3087,01/12/2008,43,41,104,107,211,,
3187,01/12/2008,56,57,114,130,244,,
3298,01/12/2008,43,34,104,99,203,,
3416,01/12/2008,55,44,113,111,224,,
3457,01/12/2008,25,27,89,92,181,,
3462,01/12/2008,19,21,83,84,167,,
3482,01/12/2008,16,15,79,74,153,,
3556,01/12/2008,65,43,123,110,233,,
3663,01/12/2008,61,55,118,126,244,,
3677,01/12/2008,,47,,115,115,,
3740,01/12/2008,32,41,96,107,203,,
3875,01/12/2008,58,48,116,116,232,,
3964,01/12/2008,55,41,113,107,220,,
4001,01/12/2008,37,42,100,108,208,,
4003,01/12/2008,63,49,120,117,237,,
4087,01/12/2008,57,47,115,115,230,,
4090,01/12/2008,54,49,112,117,229,,
4133,01/12/2008,26,20,90,83,173,,
4134,01/12/2008,15,26,77,90,167,,
4170,01/12/2008,26,29,90,94,184,,
4207,01/12/2008,68,51,126,120,246,,
127,24/11/2008,63,53,120,123,243,,
135,24/11/2008,68,48,126,116,242,,
239,24/11/2008,58,44,116,111,227,,
272,24/11/2008,66,53,124,123,247,,
289,24/11/2008,57,43,115,110,225,,
297,24/11/2008,43,46,104,114,218,,
348,24/11/2008,62,56,119,128,247,,
416,24/11/2008,63,54,120,125,245,,
506,24/11/2008,54,39,112,105,217,,
513,24/11/2008,74,58,137,132,269,,
514,24/11/2008,53,48,111,116,227,,
606,24/11/2008,50,40,109,106,215,,
660,24/11/2008,19,46,83,114,197,,
700,24/11/2008,42,41,103,107,210,,
856,24/11/2008,47,51,107,120,227,,
885,24/11/2008,34,35,97,100,197,,
921,24/11/2008,54,46,112,114,226,,
945,24/11/2008,55,51,113,120,233,,
1069,24/11/2008,47,37,107,103,210,,
1204,24/11/2008,54,42,112,108,220,,
1263,24/11/2008,65,55,123,126,249,,
1267,24/11/2008,72,44,133,111,244,,
1281,24/11/2008,27,42,91,108,199,,
1294,24/11/2008,42,37,103,103,206,,
1358,24/11/2008,68,51,126,120,246,,
1583,24/11/2008,37,44,100,111,211,,
1602,24/11/2008,64,48,122,116,238,,
1649,24/11/2008,46,39,106,105,211,,
1663,24/11/2008,46,39,106,105,211,,
1711,24/11/2008,63,54,120,125,245,,
1733,24/11/2008,65,46,123,114,237,,
1735,24/11/2008,67,50,125,119,244,,
1761,24/11/2008,71,53,131,123,254,,
1774,24/11/2008,22,22,86,86,172,,
1840,24/11/2008,71,55,131,126,257,,
1941,24/11/2008,42,50,103,119,222,,
1942,24/11/2008,46,50,106,119,225,,
1991,24/11/2008,54,46,112,114,226,,
2054,24/11/2008,47,36,107,102,209,,
2104,24/11/2008,74,45,137,112,249,,
2136,24/11/2008,67,41,125,107,232,,
2240,24/11/2008,45,34,105,99,204,,
2257,24/11/2008,49,51,108,120,228,,
2327,24/11/2008,74,51,137,120,257,,
2389,24/11/2008,32,36,96,102,198,,
2399,24/11/2008,67,49,125,117,242,,
2449,24/11/2008,43,39,104,105,209,,
2523,24/11/2008,62,52,119,122,241,,
2562,24/11/2008,35,41,98,107,205,,
2567,24/11/2008,64,44,122,111,233,,
2649,24/11/2008,35,33,98,98,196,,
2650,24/11/2008,49,37,108,103,211,,
2683,24/11/2008,11,14,70,71,141,,
2685,24/11/2008,40,49,102,117,219,,
2890,24/11/2008,68,46,126,114,240,,
2932,24/11/2008,58,44,116,111,227,,
2934,24/11/2008,63,58,120,132,252,,
3120,24/11/2008,66,40,124,106,230,,
3148,24/11/2008,38,29,100,94,194,,
3239,24/11/2008,58,49,116,117,233,,
3297,24/11/2008,20,21,84,84,168,,
3345,24/11/2008,45,56,105,128,233,,
3378,24/11/2008,28,27,92,92,184,,
3396,24/11/2008,33,39,96,105,201,,
3474,24/11/2008,32,38,96,104,200,,
3495,24/11/2008,31,40,95,106,201,,
3620,24/11/2008,34,30,97,95,192,,
3662,24/11/2008,32,59,96,134,230,,
3686,24/11/2008,56,58,114,132,246,,
3733,24/11/2008,25,31,89,96,185,,
3803,24/11/2008,66,62,124,139,263,,
3835,24/11/2008,60,48,117,116,233,,
3873,24/11/2008,15,46,77,114,191,,
3930,24/11/2008,23,21,87,84,171,,
3977,24/11/2008,52,39,111,105,216,,
4036,24/11/2008,52,63,111,141,252,,
4055,24/11/2008,39,43,101,110,211,,
4094,24/11/2008,33,24,96,88,184,,
4096,24/11/2008,36,32,99,97,196,,
4115,24/11/2008,28,35,92,100,192,,
4118,24/11/2008,71,64,131,141,272,,
4132,24/11/2008,43,39,104,105,209,,
4184,24/11/2008,58,49,116,117,233,,
4193,24/11/2008,30,31,94,96,190,,
4249,24/11/2008,64,52,122,122,244,,
14,17/11/2008,74,49,137,117,254,,
19,17/11/2008,64,40,122,106,228,,
21,17/11/2008,58,51,116,120,236,,
133,17/11/2008,73,55,135,126,261,,
145,17/11/2008,33,31,96,96,192,,
157,17/11/2008,51,35,110,100,210,,
331,17/11/2008,62,51,119,120,239,,
383,17/11/2008,66,32,124,97,221,,
497,17/11/2008,42,38,103,103,206,,
634,17/11/2008,68,47,126,115,241,,
767,17/11/2008,44,34,105,99,204,,
816,17/11/2008,72,53,133,123,256,,
845,17/11/2008,20,44,84,111,195,,
883,17/11/2008,46,28,106,93,199,,
891,17/11/2008,34,58,97,132,229,,
954,17/11/2008,51,49,110,117,227,,
1045,17/11/2008,41,35,102,100,202,,
1126,17/11/2008,39,41,101,107,208,,
1312,17/11/2008,76,63,141,141,282,,
1313,17/11/2008,55,44,113,111,224,,
1344,17/11/2008,64,57,122,129,251,,
1360,17/11/2008,31,41,95,107,202,,
1417,17/11/2008,62,57,119,129,248,,
1428,17/11/2008,35,16,98,76,174,,
1458,17/11/2008,54,34,112,99,211,,
1460,17/11/2008,35,34,98,99,197,,
1529,17/11/2008,73,55,135,126,261,,
1555,17/11/2008,62,40,119,106,225,,
1598,17/11/2008,60,51,117,120,237,,
1607,17/11/2008,56,50,114,119,233,,
1642,17/11/2008,38,39,100,104,204,,
1643,17/11/2008,61,44,118,111,229,,
1670,17/11/2008,50,47,109,115,224,,
1687,17/11/2008,39,30,101,95,196,,
1692,17/11/2008,53,28,111,93,204,,
1739,17/11/2008,66,50,124,119,243,,
1759,17/11/2008,76,60,141,135,276,,
1873,17/11/2008,62,33,119,98,217,,
1919,17/11/2008,55,55,113,126,239,,
1936,17/11/2008,67,54,125,124,249,,
1939,17/11/2008,56,54,114,124,238,,
1996,17/11/2008,50,52,109,122,231,,
2001,17/11/2008,33,32,96,97,193,,
2044,17/11/2008,52,31,111,96,207,,
2095,17/11/2008,63,59,120,133,253,,
2097,17/11/2008,51,41,110,107,217,,
2098,17/11/2008,61,38,118,104,222,,
2151,17/11/2008,63,51,120,120,240,,
2213,17/11/2008,64,59,122,133,255,,
2278,17/11/2008,53,50,111,119,230,,
2294,17/11/2008,59,36,116,101,217,,
2480,17/11/2008,52,46,111,113,224,,
2544,17/11/2008,63,56,120,128,248,,
2693,17/11/2008,60,53,117,123,240,,
2696,17/11/2008,24,46,88,113,201,,
2717,17/11/2008,35,18,98,79,177,,
2799,17/11/2008,71,48,131,116,247,,
2838,17/11/2008,62,32,119,97,216,,
2889,17/11/2008,72,43,133,110,243,,
2905,17/11/2008,66,50,124,119,243,,
2949,17/11/2008,75,59,139,133,272,,
2980,17/11/2008,51,36,110,102,212,,
2989,17/11/2008,51,39,110,104,214,,
3109,17/11/2008,38,45,100,112,212,,
3125,17/11/2008,62,43,119,109,228,,
3136,17/11/2008,55,39,113,105,218,,
3213,17/11/2008,37,36,100,101,201,,
3220,17/11/2008,25,18,89,79,168,,
3241,17/11/2008,60,45,117,112,229,,
3259,17/11/2008,67,58,125,132,257,,
3268,17/11/2008,72,56,133,127,260,,
3282,17/11/2008,73,57,135,129,264,,
3444,17/11/2008,8,26,69,90,159,,
3479,17/11/2008,23,20,87,83,170,,
3520,17/11/2008,65,52,123,122,245,,
3647,17/11/2008,17,,80,,80,,
3720,17/11/2008,60,42,117,108,225,,
3765,17/11/2008,56,42,114,108,222,,
3784,17/11/2008,28,43,92,110,202,,
3846,17/11/2008,42,25,103,89,192,,
3847,17/11/2008,64,49,122,117,239,,
3929,17/11/2008,48,32,107,97,204,,
3943,17/11/2008,67,57,125,129,254,,
3944,17/11/2008,50,34,109,99,208,,
4014,17/11/2008,59,46,116,113,229,,
4019,17/11/2008,61,34,118,99,217,,
4074,17/11/2008,36,53,99,123,222,,
4093,17/11/2008,49,38,108,103,211,,
4120,17/11/2008,18,19,82,81,163,,
4122,17/11/2008,61,57,118,130,248,,
4123,17/11/2008,56,29,114,94,208,,
4137,17/11/2008,62,29,119,94,213,,
4158,17/11/2008,70,55,130,126,256,,
4201,17/11/2008,39,38,101,103,204,,
4218,17/11/2008,18,16,82,76,158,,
4233,17/11/2008,72,67,133,141,274,,
4256,17/11/2008,25,35,89,100,189,,
83,10/11/2008,31,27,94,91,185,,
119,10/11/2008,66,51,124,120,244,,
136,10/11/2008,60,54,117,124,241,,
143,10/11/2008,58,43,115,109,224,,
206,10/11/2008,59,38,116,103,219,,
221,10/11/2008,64,45,121,112,233,,
236,10/11/2008,72,54,133,124,257,,
332,10/11/2008,75,62,139,139,278,,
361,10/11/2008,43,37,103,102,205,,
401,10/11/2008,40,57,102,129,231,,
452,10/11/2008,50,44,109,111,220,,
467,10/11/2008,38,46,100,113,213,,
481,10/11/2008,52,50,110,119,229,,
626,10/11/2008,35,46,98,113,211,,
721,10/11/2008,71,55,131,126,257,,
735,10/11/2008,57,52,114,122,236,,
741,10/11/2008,14,31,75,96,171,,
805,10/11/2008,20,36,84,101,185,,
854,10/11/2008,30,41,94,107,201,,
943,10/11/2008,58,52,116,122,238,,
962,10/11/2008,46,43,106,109,215,,
1033,10/11/2008,38,43,100,109,209,,
1112,10/11/2008,68,44,126,111,237,,
1171,10/11/2008,47,36,106,101,207,,
1295,10/11/2008,16,25,78,89,167,,
1306,10/11/2008,52,49,110,117,227,,
1309,10/11/2008,71,41,131,107,238,,
1357,10/11/2008,42,28,103,93,196,,
1426,10/11/2008,49,52,108,122,230,,
1459,10/11/2008,71,53,131,123,254,,
1505,10/11/2008,47,46,107,113,220,,
1525,10/11/2008,41,46,102,113,215,,
1568,10/11/2008,28,25,92,89,181,,
1594,10/11/2008,34,26,97,90,187,,
1716,10/11/2008,60,60,117,135,252,,
1723,10/11/2008,54,42,111,108,219,,
1757,10/11/2008,63,52,120,122,242,,
1825,10/11/2008,42,31,103,96,199,,
1916,10/11/2008,31,36,94,101,195,,
1926,10/11/2008,60,49,117,117,234,,
1949,10/11/2008,49,53,108,123,231,,
1978,10/11/2008,35,29,98,94,192,,
1984,10/11/2008,62,44,119,111,230,,
2048,10/11/2008,57,43,114,109,223,,
2082,10/11/2008,33,26,96,90,186,,
2101,10/11/2008,71,52,131,122,253,,
2179,10/11/2008,58,55,115,126,241,,
2208,10/11/2008,44,53,104,123,227,,
2306,10/11/2008,66,54,124,124,248,,
2324,10/11/2008,43,37,103,102,205,,
2353,10/11/2008,62,46,119,113,232,,
2391,10/11/2008,59,57,116,129,245,,
2407,10/11/2008,58,53,116,123,239,,
2453,10/11/2008,57,32,114,97,211,,
2455,10/11/2008,62,39,119,104,223,,
2460,10/11/2008,23,32,87,97,184,,
2525,10/11/2008,33,16,96,76,172,,
2608,10/11/2008,76,64,141,141,282,,
2637,10/11/2008,35,39,98,104,202,,
2672,10/11/2008,47,43,106,109,215,,
2675,10/11/2008,14,26,75,90,165,,
2748,10/11/2008,63,40,120,106,226,,
2790,10/11/2008,26,36,90,101,191,,
2866,10/11/2008,66,44,124,111,235,,
2900,10/11/2008,64,61,121,137,258,,
2920,10/11/2008,49,40,108,106,214,,
2943,10/11/2008,63,41,120,107,227,,
2944,10/11/2008,60,49,117,117,234,,
2961,10/11/2008,44,42,104,108,212,,
2985,10/11/2008,44,43,104,109,213,,
3033,10/11/2008,27,29,91,94,185,,
3034,10/11/2008,33,27,96,91,187,,
3078,10/11/2008,54,48,111,116,227,,
3146,10/11/2008,49,40,108,106,214,,
3224,10/11/2008,50,57,109,129,238,,
3244,10/11/2008,54,28,111,93,204,,
3397,10/11/2008,26,45,90,112,202,,
3412,10/11/2008,62,56,119,127,246,,
3423,10/11/2008,26,32,90,97,187,,
3511,10/11/2008,61,43,118,109,227,,
3513,10/11/2008,28,33,92,98,190,,
3614,10/11/2008,48,32,107,97,204,,
3687,10/11/2008,53,55,111,126,237,,
3700,10/11/2008,23,40,87,106,193,,
3746,10/11/2008,73,51,135,120,255,,
3839,10/11/2008,30,31,94,96,190,,
3869,10/11/2008,31,28,94,93,187,,
3995,10/11/2008,69,49,128,117,245,,
4072,10/11/2008,15,20,76,82,158,,
4117,10/11/2008,38,33,100,98,198,,
4168,10/11/2008,22,22,86,85,171,,
4178,10/11/2008,56,46,114,113,227,,
4228,10/11/2008,22,27,86,91,177,,
4237,10/11/2008,23,31,87,96,183,,
4238,10/11/2008,44,38,104,103,207,,
40,03/11/2008,59,47,116,115,231,,
175,03/11/2008,63,46,120,113,233,,
274,03/11/2008,58,57,115,129,244,,
317,03/11/2008,61,44,118,111,229,,
328,03/11/2008,58,45,115,112,227,,
387,03/11/2008,30,43,94,109,203,,
465,03/11/2008,57,47,114,115,229,,
648,03/11/2008,64,34,121,99,220,,
696,03/11/2008,43,35,103,100,203,,
720,03/11/2008,45,40,105,106,211,,
782,03/11/2008,35,31,98,96,194,,
802,03/11/2008,28,45,92,112,204,,
820,03/11/2008,49,38,108,103,211,,
908,03/11/2008,45,37,105,102,207,,
916,03/11/2008,57,40,114,106,220,,
989,03/11/2008,43,38,103,103,206,,
1008,03/11/2008,49,47,108,115,223,,
1050,03/11/2008,48,35,107,100,207,,
1093,03/11/2008,42,40,103,106,209,,
1168,03/11/2008,64,52,121,122,243,,
1284,03/11/2008,23,25,87,89,176,,
1297,03/11/2008,38,28,100,93,193,,
1330,03/11/2008,65,60,122,135,257,,
1356,03/11/2008,46,39,105,104,209,,
1390,03/11/2008,29,31,93,96,189,,
1452,03/11/2008,54,48,111,116,227,,
1485,03/11/2008,69,51,128,120,248,,
1764,03/11/2008,72,57,133,129,262,,
2022,03/11/2008,22,23,86,87,173,,
2049,03/11/2008,44,33,104,98,202,,
2067,03/11/2008,76,60,141,135,276,,
2073,03/11/2008,34,22,97,85,182,,
2079,03/11/2008,58,41,115,107,222,,
2094,03/11/2008,71,52,131,122,253,,
2192,03/11/2008,57,62,114,139,253,,
2263,03/11/2008,53,38,111,103,214,,
2344,03/11/2008,66,54,124,124,248,,
2348,03/11/2008,45,25,105,89,194,,
2361,03/11/2008,60,53,117,123,240,,
2385,03/11/2008,60,45,117,112,229,,
2415,03/11/2008,39,34,100,99,199,,
2524,03/11/2008,56,41,113,107,220,,
2526,03/11/2008,73,32,135,97,232,,
2547,03/11/2008,51,39,109,104,213,,
2582,03/11/2008,66,42,124,108,232,,
2611,03/11/2008,48,32,107,97,204,,
2647,03/11/2008,44,37,104,102,206,,
2678,03/11/2008,61,58,118,132,250,,
2701,03/11/2008,,26,,90,90,,
2794,03/11/2008,62,43,119,109,228,,
2800,03/11/2008,78,59,141,133,274,,
2837,03/11/2008,58,36,115,101,216,,
2865,03/11/2008,52,44,110,111,221,,
2903,03/11/2008,41,36,102,101,203,,
2909,03/11/2008,56,53,113,123,236,,
2987,03/11/2008,50,41,109,107,216,,
2988,03/11/2008,61,52,118,122,240,,
3030,03/11/2008,50,47,109,115,224,,
3065,03/11/2008,35,28,98,93,191,,
3068,03/11/2008,51,42,109,108,217,,
3185,03/11/2008,62,56,119,127,246,,
3200,03/11/2008,37,43,99,109,208,,
3214,03/11/2008,37,34,99,99,198,,
3218,03/11/2008,52,37,110,102,212,,
3233,03/11/2008,48,40,107,106,213,,
3278,03/11/2008,22,12,86,69,155,,
3371,03/11/2008,45,32,105,97,202,,
3445,03/11/2008,47,44,106,111,217,,
3461,03/11/2008,35,41,98,107,205,,
3532,03/11/2008,61,60,118,135,253,,
3537,03/11/2008,24,26,88,90,178,,
3600,03/11/2008,18,12,81,69,150,,
3622,03/11/2008,41,35,102,100,202,,
3641,03/11/2008,57,48,114,116,230,,
3659,03/11/2008,25,32,89,97,186,,
3680,03/11/2008,69,56,128,127,255,,
3712,03/11/2008,57,40,114,106,220,,
3749,03/11/2008,66,56,124,127,251,,
3759,03/11/2008,27,31,91,96,187,,
3794,03/11/2008,42,31,103,96,199,,
3805,03/11/2008,47,30,106,95,201,,
3838,03/11/2008,37,39,99,104,203,,
3848,03/11/2008,62,48,119,116,235,,
3878,03/11/2008,56,38,113,103,216,,
3954,03/11/2008,52,35,110,100,210,,
3961,03/11/2008,59,53,116,123,239,,
4007,03/11/2008,40,31,101,96,197,,
4161,03/11/2008,62,50,119,119,238,,
4162,03/11/2008,62,44,119,111,230,,
4234,03/11/2008,57,36,114,101,215,,
4262,03/11/2008,37,49,99,117,216,,
7,27/10/2008,64,59,121,133,254,,
24,27/10/2008,38,46,100,113,213,,
129,27/10/2008,36,50,98,119,217,,
232,27/10/2008,30,28,94,93,187,,
308,27/10/2008,62,46,119,113,232,,
321,27/10/2008,68,56,126,127,253,,
429,27/10/2008,59,46,116,113,229,,
575,27/10/2008,45,46,105,113,218,,
599,27/10/2008,32,36,95,101,196,,
680,27/10/2008,11,19,69,81,150,,
749,27/10/2008,29,36,93,101,194,,
800,27/10/2008,25,17,89,78,167,,
840,27/10/2008,64,45,121,112,233,,
860,27/10/2008,40,48,101,116,217,,
884,27/10/2008,49,41,108,107,215,,
899,27/10/2008,55,53,113,123,236,,
922,27/10/2008,74,59,137,133,270,,
1018,27/10/2008,41,44,102,111,213,,
1109,27/10/2008,18,27,81,91,172,,
1196,27/10/2008,75,61,139,137,276,,
1254,27/10/2008,60,51,117,120,237,,
1384,27/10/2008,62,54,119,124,243,,
1461,27/10/2008,52,48,110,116,226,,
1513,27/10/2008,45,19,105,81,186,,
1565,27/10/2008,49,42,108,108,216,,
1582,27/10/2008,61,54,118,124,242,,
1604,27/10/2008,27,46,91,113,204,,
1634,27/10/2008,49,35,108,100,208,,
1669,27/10/2008,35,42,98,108,206,,
1679,27/10/2008,19,29,83,94,177,,
1694,27/10/2008,55,44,113,111,224,,
1699,27/10/2008,79,50,141,119,260,,
1749,27/10/2008,44,45,104,112,216,,
1803,27/10/2008,47,47,106,115,221,,
1920,27/10/2008,68,59,126,133,259,,
1955,27/10/2008,30,15,94,74,168,,
1960,27/10/2008,62,52,119,122,241,,
1971,27/10/2008,70,55,129,126,255,,
1982,27/10/2008,57,40,114,106,220,,
2038,27/10/2008,27,31,91,96,187,,
2110,27/10/2008,59,29,116,94,210,,
2140,27/10/2008,70,46,129,113,242,,
2149,27/10/2008,54,44,111,111,222,,
2239,27/10/2008,66,43,124,109,233,,
2271,27/10/2008,41,27,102,91,193,,
2322,27/10/2008,62,45,119,112,231,,
2323,27/10/2008,76,63,141,141,282,,
2365,27/10/2008,57,50,114,119,233,,
2444,27/10/2008,17,14,80,71,151,,
2458,27/10/2008,31,42,94,108,202,,
2552,27/10/2008,56,48,113,116,229,,
2574,27/10/2008,74,57,137,129,266,,
2589,27/10/2008,51,43,109,109,218,,
2627,27/10/2008,55,44,113,111,224,,
2630,27/10/2008,52,52,110,122,232,,
2642,27/10/2008,34,35,97,100,197,,
2662,27/10/2008,30,20,94,82,176,,
2669,27/10/2008,69,53,128,123,251,,
2727,27/10/2008,77,,141,,141,,
3072,27/10/2008,20,26,84,90,174,,
3073,27/10/2008,37,38,99,103,202,,
3083,27/10/2008,56,35,113,100,213,,
3088,27/10/2008,68,53,126,123,249,,
3097,27/10/2008,63,56,120,127,247,,
3108,27/10/2008,29,37,93,102,195,,
3174,27/10/2008,25,16,89,76,165,,
3176,27/10/2008,58,58,115,132,247,,
3183,27/10/2008,64,56,121,127,248,,
3186,27/10/2008,71,58,131,132,263,,
3240,27/10/2008,64,49,121,117,238,,
3609,27/10/2008,65,44,122,111,233,,
3823,27/10/2008,69,43,128,109,237,,
3901,27/10/2008,67,55,125,126,251,,
3913,27/10/2008,69,43,128,109,237,,
3928,27/10/2008,31,37,94,102,196,,
3968,27/10/2008,36,37,98,102,200,,
4065,27/10/2008,19,39,83,104,187,,
4239,27/10/2008,48,45,107,112,219,,
37,20/10/2008,46,43,105,109,214,,
64,20/10/2008,71,50,131,119,250,,
85,20/10/2008,62,49,119,117,236,,
96,20/10/2008,30,37,94,102,196,,
97,20/10/2008,60,54,117,124,241,,
368,20/10/2008,72,63,133,141,274,,
371,20/10/2008,58,42,115,108,223,,
380,20/10/2008,73,68,135,141,276,,
421,20/10/2008,54,42,111,108,219,,
424,20/10/2008,63,41,120,107,227,,
440,20/10/2008,47,46,106,113,219,,
495,20/10/2008,68,41,126,107,233,,
501,20/10/2008,46,36,105,101,206,,
526,20/10/2008,52,55,110,126,236,,
698,20/10/2008,51,46,109,113,222,,
714,20/10/2008,55,45,113,112,225,,
739,20/10/2008,22,43,86,109,195,,
868,20/10/2008,57,37,114,102,216,,
1056,20/10/2008,23,17,87,78,165,,
1061,20/10/2008,59,48,116,116,232,,
1113,20/10/2008,12,37,71,102,173,,
1136,20/10/2008,45,19,105,81,186,,
1166,20/10/2008,54,41,111,107,218,,
1260,20/10/2008,75,58,139,132,271,,
1336,20/10/2008,66,50,124,119,243,,
1349,20/10/2008,50,50,109,119,228,,
1364,20/10/2008,71,58,131,132,263,,
1400,20/10/2008,63,49,120,117,237,,
1449,20/10/2008,69,47,128,115,243,,
1491,20/10/2008,43,30,103,95,198,,
1547,20/10/2008,62,43,119,109,228,,
1621,20/10/2008,35,38,98,103,201,,
1641,20/10/2008,60,38,117,103,220,,
1648,20/10/2008,63,46,120,113,233,,
1706,20/10/2008,24,19,88,81,169,,
1736,20/10/2008,65,59,122,133,255,,
1748,20/10/2008,79,66,141,141,282,,
1785,20/10/2008,69,56,128,127,255,,
1878,20/10/2008,61,41,118,107,225,,
1879,20/10/2008,68,54,126,124,250,,
1897,20/10/2008,48,34,107,99,206,,
1907,20/10/2008,53,38,111,103,214,,
1935,20/10/2008,70,57,129,129,258,,
1940,20/10/2008,66,45,124,112,236,,
2002,20/10/2008,22,21,86,84,170,,
2018,20/10/2008,68,52,126,122,248,,
2228,20/10/2008,68,58,126,132,258,,
2259,20/10/2008,54,48,111,115,226,,
2267,20/10/2008,66,58,124,132,256,,
2289,20/10/2008,33,11,96,69,165,,
2329,20/10/2008,64,52,121,122,243,,
2337,20/10/2008,70,49,129,117,246,,
2363,20/10/2008,68,58,126,132,258,,
2364,20/10/2008,72,56,133,127,260,,
2405,20/10/2008,80,62,141,139,280,,
2493,20/10/2008,58,52,115,122,237,,
2494,20/10/2008,30,30,94,95,189,,
2505,20/10/2008,22,37,86,102,188,,
2537,20/10/2008,35,23,98,87,185,,
2551,20/10/2008,64,44,121,111,232,,
2625,20/10/2008,74,55,137,126,263,,
2725,20/10/2008,76,65,141,141,282,,
2734,20/10/2008,65,46,122,113,235,,
2880,20/10/2008,35,24,98,88,186,,
2993,20/10/2008,,49,,117,117,,
2996,20/10/2008,27,34,91,99,190,,
3104,20/10/2008,34,37,97,102,199,,
3210,20/10/2008,42,31,103,95,198,,
3275,20/10/2008,47,47,106,115,221,,
3304,20/10/2008,28,28,92,93,185,,
3355,20/10/2008,,38,,103,103,,
3435,20/10/2008,22,33,86,98,184,,
3564,20/10/2008,54,,111,,111,,
3579,20/10/2008,71,58,131,132,263,,
3690,20/10/2008,54,41,111,107,218,,
3745,20/10/2008,26,19,90,81,171,,
3767,20/10/2008,10,16,69,76,145,,
3832,20/10/2008,19,21,83,84,167,,
3935,20/10/2008,73,56,135,127,262,,
3945,20/10/2008,28,39,92,104,196,,
3989,20/10/2008,63,45,120,112,232,,
4000,20/10/2008,20,15,84,74,158,,
4050,20/10/2008,67,60,125,135,260,,
4091,20/10/2008,64,42,121,108,229,,
4136,20/10/2008,37,27,99,91,190,,
4157,20/10/2008,49,47,108,115,223,,
191,13/10/2008,43,45,103,111,214,,
193,13/10/2008,26,20,90,82,172,,
203,13/10/2008,33,26,96,90,186,,
447,13/10/2008,45,41,105,107,212,,
466,13/10/2008,21,28,85,92,177,,
492,13/10/2008,64,51,121,120,241,,
507,13/10/2008,43,43,103,109,212,,
706,13/10/2008,70,47,129,114,243,,
783,13/10/2008,65,52,122,121,243,,
797,13/10/2008,69,56,127,127,254,,
855,13/10/2008,37,43,99,109,208,,
861,13/10/2008,55,40,113,105,218,,
897,13/10/2008,68,47,126,114,240,,
925,13/10/2008,64,54,121,124,245,,
1019,13/10/2008,34,36,97,101,198,,
1076,13/10/2008,57,40,114,105,219,,
1090,13/10/2008,28,40,92,105,197,,
1107,13/10/2008,48,48,107,115,222,,
1111,13/10/2008,48,30,107,95,202,,
1154,13/10/2008,66,55,124,126,250,,
1155,13/10/2008,72,64,133,141,274,,
1189,13/10/2008,24,24,88,87,175,,
1197,13/10/2008,56,46,113,113,226,,
1235,13/10/2008,60,40,117,105,222,,
1244,13/10/2008,21,35,85,100,185,,
1266,13/10/2008,63,62,120,139,259,,
1268,13/10/2008,50,32,108,97,205,,
1304,13/10/2008,55,46,113,113,226,,
1320,13/10/2008,33,25,96,88,184,,
1379,13/10/2008,67,37,125,102,227,,
1394,13/10/2008,47,47,106,114,220,,
1402,13/10/2008,41,38,102,103,205,,
1440,13/10/2008,67,57,125,129,254,,
1475,13/10/2008,58,45,115,111,226,,
1576,13/10/2008,51,38,109,103,212,,
1730,13/10/2008,43,31,103,95,198,,
1766,13/10/2008,73,52,135,121,256,,
1792,13/10/2008,33,24,96,87,183,,
1797,13/10/2008,55,47,113,114,227,,
1826,13/10/2008,65,57,122,129,251,,
1959,13/10/2008,57,39,114,104,218,,
1966,13/10/2008,25,37,89,102,191,,
2107,13/10/2008,69,62,128,139,267,,
2227,13/10/2008,52,60,110,134,244,,
2293,13/10/2008,39,38,100,103,203,,
2328,13/10/2008,48,46,106,113,219,,
2350,13/10/2008,55,54,112,124,236,,
2359,13/10/2008,57,46,114,113,227,,
2392,13/10/2008,58,46,115,113,228,,
2404,13/10/2008,55,60,113,134,247,,
2438,13/10/2008,32,33,95,98,193,,
2447,13/10/2008,70,57,129,129,258,,
2622,13/10/2008,33,19,96,81,177,,
2765,13/10/2008,64,51,121,120,241,,
2938,13/10/2008,78,62,141,139,280,,
3012,13/10/2008,32,36,95,101,196,,
3038,13/10/2008,39,34,100,99,199,,
3064,13/10/2008,23,29,87,93,180,,
3121,13/10/2008,52,56,110,127,237,,
3390,13/10/2008,63,61,120,136,256,,
3391,13/10/2008,26,25,90,88,178,,
3440,13/10/2008,39,44,100,110,210,,
3488,13/10/2008,34,32,97,97,194,,
3625,13/10/2008,64,63,121,141,262,,
3628,13/10/2008,57,50,114,118,232,,
3643,13/10/2008,38,34,99,99,198,,
3726,13/10/2008,61,50,118,118,236,,
3850,13/10/2008,52,42,110,108,218,,
3853,13/10/2008,71,56,131,127,258,,
3917,13/10/2008,48,52,107,121,228,,
3988,13/10/2008,34,20,96,82,178,,
4024,13/10/2008,67,66,125,141,266,,
4069,13/10/2008,66,50,124,118,242,,
4171,13/10/2008,47,32,106,97,203,,
4172,13/10/2008,58,41,115,107,222,,
27,06/10/2008,49,37,107,102,209,,
29,06/10/2008,55,47,112,114,226,,
34,06/10/2008,39,38,100,103,203,,
46,06/10/2008,72,53,133,123,256,,
53,06/10/2008,28,32,92,97,189,,
62,06/10/2008,47,43,106,109,215,,
71,06/10/2008,64,51,121,120,241,,
148,06/10/2008,54,46,111,113,224,,
161,06/10/2008,76,60,141,134,275,,
227,06/10/2008,60,44,117,110,227,,
284,06/10/2008,54,31,111,95,206,,
314,06/10/2008,71,58,131,131,262,,
403,06/10/2008,49,60,107,134,241,,
411,06/10/2008,50,45,108,111,219,,
498,06/10/2008,27,17,91,77,168,,
525,06/10/2008,40,43,101,109,210,,
537,06/10/2008,43,44,103,110,213,,
679,06/10/2008,38,45,99,111,210,,
715,06/10/2008,58,30,115,95,210,,
787,06/10/2008,52,34,110,99,209,,
920,06/10/2008,75,59,139,133,272,,
995,06/10/2008,20,38,84,103,187,,
1038,06/10/2008,26,30,90,95,185,,
1096,06/10/2008,18,15,81,74,155,,
1104,06/10/2008,48,50,106,118,224,,
1108,06/10/2008,26,39,90,104,194,,
1253,06/10/2008,63,47,119,114,233,,
1363,06/10/2008,48,45,106,111,217,,
1389,06/10/2008,67,51,125,120,245,,
1414,06/10/2008,64,51,121,120,241,,
1561,06/10/2008,77,62,141,139,280,,
1579,06/10/2008,56,45,113,111,224,,
1601,06/10/2008,58,48,115,115,230,,
1626,06/10/2008,72,57,133,129,262,,
1627,06/10/2008,73,57,135,129,264,,
1787,06/10/2008,51,53,109,123,232,,
1800,06/10/2008,29,26,92,90,182,,
1802,06/10/2008,55,48,112,115,227,,
1849,06/10/2008,33,51,96,120,216,,
1905,06/10/2008,50,36,108,101,209,,
1906,06/10/2008,36,48,98,115,213,,
1981,06/10/2008,72,44,133,110,243,,
1983,06/10/2008,62,49,119,117,236,,
1999,06/10/2008,68,44,126,110,236,,
2089,06/10/2008,33,38,96,103,199,,
2170,06/10/2008,28,22,92,85,177,,
2210,06/10/2008,69,60,127,134,261,,
2219,06/10/2008,40,41,101,107,208,,
2279,06/10/2008,51,41,109,107,216,,
2352,06/10/2008,74,52,137,121,258,,
2362,06/10/2008,72,50,133,118,251,,
2409,06/10/2008,45,40,104,105,209,,
2422,06/10/2008,18,27,81,91,172,,
2428,06/10/2008,23,19,87,81,168,,
2461,06/10/2008,50,40,108,105,213,,
2474,06/10/2008,52,27,110,91,201,,
2479,06/10/2008,50,38,108,103,211,,
2509,06/10/2008,27,39,91,104,195,,
2519,06/10/2008,44,46,104,113,217,,
2527,06/10/2008,50,46,108,113,221,,
2528,06/10/2008,55,46,112,113,225,,
2532,06/10/2008,51,46,109,113,222,,
2568,06/10/2008,44,26,104,90,194,,
2596,06/10/2008,63,47,119,114,233,,
2689,06/10/2008,18,22,81,85,166,,
2769,06/10/2008,67,48,125,115,240,,
2808,06/10/2008,55,41,112,107,219,,
2818,06/10/2008,74,60,137,134,271,,
2857,06/10/2008,75,38,139,103,242,,
2956,06/10/2008,63,43,119,109,228,,
2971,06/10/2008,54,41,111,107,218,,
2983,06/10/2008,67,53,125,123,248,,
3044,06/10/2008,52,39,110,104,214,,
3166,06/10/2008,70,58,129,131,260,,
3199,06/10/2008,44,34,104,99,203,,
3225,06/10/2008,64,50,121,118,239,,
3234,06/10/2008,57,58,114,131,245,,
3262,06/10/2008,21,30,85,95,180,,
3346,06/10/2008,15,7,76,69,145,,
3403,06/10/2008,36,37,98,102,200,,
3405,06/10/2008,30,30,93,95,188,,
3469,06/10/2008,37,32,99,97,196,,
3489,06/10/2008,31,39,94,104,198,,
3525,06/10/2008,49,46,107,113,220,,
3633,06/10/2008,65,51,122,120,242,,
3670,06/10/2008,36,53,98,123,221,,
3699,06/10/2008,24,35,88,100,188,,
3725,06/10/2008,56,38,113,103,216,,
3816,06/10/2008,58,47,115,114,229,,
3842,06/10/2008,68,54,126,124,250,,
3937,06/10/2008,43,49,103,117,220,,
3939,06/10/2008,54,39,111,104,215,,
3965,06/10/2008,27,31,91,95,186,,
4052,06/10/2008,28,21,92,84,176,,
4081,06/10/2008,23,28,87,92,179,,
4128,06/10/2008,35,33,97,98,195,,
4145,06/10/2008,37,47,99,114,213,,
4166,06/10/2008,36,40,98,105,203,,
4225,06/10/2008,22,27,86,91,177,,
38,29/09/2008,63,50,119,118,237,,
115,29/09/2008,54,35,111,100,211,,
124,29/09/2008,67,55,125,126,251,,
209,29/09/2008,64,44,121,110,231,,
312,29/09/2008,62,52,119,121,240,,
349,29/09/2008,67,59,125,133,258,,
374,29/09/2008,68,51,126,120,246,,
453,29/09/2008,40,34,101,99,200,,
476,29/09/2008,25,35,89,100,189,,
482,29/09/2008,36,37,98,102,200,,
527,29/09/2008,32,32,95,97,192,,
562,29/09/2008,27,35,91,100,191,,
576,29/09/2008,44,25,104,88,192,,
642,29/09/2008,55,49,112,117,229,,
667,29/09/2008,55,55,112,126,238,,
736,29/09/2008,54,26,111,90,201,,
773,29/09/2008,52,30,110,95,205,,
798,29/09/2008,40,30,101,95,196,,
858,29/09/2008,31,25,94,88,182,,
903,29/09/2008,52,39,110,104,214,,
941,29/09/2008,41,42,101,108,209,,
950,29/09/2008,52,44,110,110,220,,
971,29/09/2008,12,26,71,90,161,,
1032,29/09/2008,30,18,93,79,172,,
1106,29/09/2008,65,39,122,104,226,,
1116,29/09/2008,23,36,87,101,188,,
1150,29/09/2008,55,62,112,139,251,,
1230,29/09/2008,35,21,97,84,181,,
1393,29/09/2008,61,54,117,124,241,,
1397,29/09/2008,67,53,125,123,248,,
1439,29/09/2008,36,38,98,103,201,,
1442,29/09/2008,38,44,99,110,209,,
1493,29/09/2008,59,43,116,109,225,,
1500,29/09/2008,60,40,117,105,222,,
1545,29/09/2008,46,27,105,91,196,,
1580,29/09/2008,48,44,106,110,216,,
1581,29/09/2008,51,47,109,114,223,,
1751,29/09/2008,61,49,117,117,234,,
1758,29/09/2008,52,54,110,124,234,,
1773,29/09/2008,20,25,84,88,172,,
1806,29/09/2008,26,25,90,88,178,,
1827,29/09/2008,70,47,129,114,243,,
1845,29/09/2008,51,41,109,107,216,,
1857,29/09/2008,42,31,102,95,197,,
1881,29/09/2008,30,44,93,110,203,,
1912,29/09/2008,57,47,114,114,228,,
2030,29/09/2008,64,58,121,131,252,,
2180,29/09/2008,16,33,78,98,176,,
2185,29/09/2008,71,53,131,123,254,,
2237,29/09/2008,69,62,127,139,266,,
2242,29/09/2008,73,58,135,131,266,,
2304,29/09/2008,65,53,122,123,245,,
2558,29/09/2008,68,41,126,107,233,,
2560,29/09/2008,57,56,114,127,241,,
2599,29/09/2008,33,33,96,98,194,,
2600,29/09/2008,52,45,110,111,221,,
2616,29/09/2008,69,51,127,120,247,,
2640,29/09/2008,34,22,96,85,181,,
2718,29/09/2008,38,42,99,108,207,,
2723,29/09/2008,70,44,129,110,239,,
2767,29/09/2008,38,46,99,113,212,,
2801,29/09/2008,32,30,95,95,190,,
2816,29/09/2008,67,61,125,136,261,,
2821,29/09/2008,62,48,119,115,234,,
2824,29/09/2008,61,39,117,104,221,,
2870,29/09/2008,64,52,121,121,242,,
2874,29/09/2008,71,62,131,139,270,,
2998,29/09/2008,48,45,106,111,217,,
3023,29/09/2008,70,53,129,123,252,,
3156,29/09/2008,61,51,117,120,237,,
3179,29/09/2008,51,38,109,103,212,,
3215,29/09/2008,68,54,126,124,250,,
3247,29/09/2008,76,58,141,131,272,,
3320,29/09/2008,62,63,119,141,260,,
3324,29/09/2008,20,30,84,95,179,,
3375,29/09/2008,35,41,97,107,204,,
3460,29/09/2008,16,15,78,74,152,,
3492,29/09/2008,34,47,96,114,210,,
3496,29/09/2008,47,56,106,127,233,,
3521,29/09/2008,77,66,141,141,282,,
3672,29/09/2008,,29,,93,93,,
3867,29/09/2008,74,57,137,129,266,,
3969,29/09/2008,65,36,122,101,223,,
3996,29/09/2008,68,42,126,108,234,,
4037,29/09/2008,28,28,92,92,184,,
4039,29/09/2008,49,40,107,105,212,,
4088,29/09/2008,24,11,88,69,157,,
4164,29/09/2008,48,50,106,118,224,,
4213,29/09/2008,66,54,123,124,247,,
33,22/09/2008,67,60,125,134,259,,
190,22/09/2008,54,46,111,113,224,,
213,22/09/2008,58,41,115,107,222,,
216,22/09/2008,70,54,129,124,253,,
222,22/09/2008,22,36,86,101,187,,
364,22/09/2008,56,46,113,113,226,,
378,22/09/2008,49,44,107,110,217,,
381,22/09/2008,49,49,107,117,224,,
518,22/09/2008,23,22,87,85,172,,
568,22/09/2008,36,50,98,118,216,,
703,22/09/2008,21,23,85,86,171,,
712,22/09/2008,33,55,96,126,222,,
808,22/09/2008,43,35,103,100,203,,
824,22/09/2008,51,41,109,107,216,,
982,22/09/2008,32,29,95,93,188,,
1035,22/09/2008,54,49,111,117,228,,
1059,22/09/2008,23,32,87,97,184,,
1123,22/09/2008,55,56,112,127,239,,
1134,22/09/2008,67,61,125,136,261,,
1175,22/09/2008,39,34,100,99,199,,
1179,22/09/2008,58,44,115,110,225,,
1213,22/09/2008,36,42,98,108,206,,
1250,22/09/2008,64,53,121,123,244,,
1290,22/09/2008,52,55,110,126,236,,
1307,22/09/2008,14,18,74,79,153,,
1331,22/09/2008,55,45,112,111,223,,
1340,22/09/2008,43,35,103,100,203,,
1387,22/09/2008,65,50,122,118,240,,
1425,22/09/2008,76,59,141,133,274,,
1507,22/09/2008,69,57,127,129,256,,
1606,22/09/2008,63,50,119,118,237,,
1618,22/09/2008,21,17,85,77,162,,
1636,22/09/2008,20,10,84,69,153,,
1671,22/09/2008,37,37,99,102,201,,
1690,22/09/2008,56,42,113,108,221,,
1769,22/09/2008,35,24,97,87,184,,
1784,22/09/2008,49,30,107,95,202,,
1853,22/09/2008,20,27,84,91,175,,
1917,22/09/2008,45,45,104,111,215,,
1945,22/09/2008,69,52,127,121,248,,
1972,22/09/2008,40,41,101,107,208,,
1980,22/09/2008,28,26,92,90,182,,
1988,22/09/2008,64,66,121,141,262,,
2042,22/09/2008,70,48,129,115,244,,
2043,22/09/2008,69,43,127,109,236,,
2090,22/09/2008,64,55,121,126,247,,
2137,22/09/2008,64,50,121,118,239,,
2145,22/09/2008,68,46,126,113,239,,
2214,22/09/2008,53,42,110,108,218,,
2246,22/09/2008,35,19,97,81,178,,
2260,22/09/2008,27,37,91,102,193,,
2379,22/09/2008,78,61,141,136,277,,
2387,22/09/2008,66,56,123,127,250,,
2390,22/09/2008,46,50,105,118,223,,
2503,22/09/2008,20,16,84,76,160,,
2514,22/09/2008,43,35,103,100,203,,
2545,22/09/2008,41,36,101,101,202,,
2581,22/09/2008,60,42,117,108,225,,
2597,22/09/2008,61,40,117,105,222,,
2601,22/09/2008,51,28,109,92,201,,
2638,22/09/2008,49,43,107,109,216,,
2861,22/09/2008,61,50,117,118,235,,
2896,22/09/2008,75,62,139,139,278,,
2902,22/09/2008,62,46,119,113,232,,
2939,22/09/2008,65,50,122,118,240,,
2962,22/09/2008,66,54,123,124,247,,
3045,22/09/2008,25,43,89,109,198,,
3089,22/09/2008,42,49,102,117,219,,
3175,22/09/2008,21,35,85,100,185,,
3229,22/09/2008,30,27,93,91,184,,
3254,22/09/2008,40,27,101,91,192,,
3313,22/09/2008,48,31,106,95,201,,
3348,22/09/2008,52,39,110,104,214,,
3400,22/09/2008,42,37,102,102,204,,
3517,22/09/2008,65,55,122,126,248,,
3522,22/09/2008,24,27,88,91,179,,
3549,22/09/2008,67,63,125,141,266,,
3626,22/09/2008,72,49,133,117,250,,
3635,22/09/2008,16,18,78,79,157,,
3685,22/09/2008,50,40,108,105,213,,
3717,22/09/2008,31,36,94,101,195,,
3736,22/09/2008,43,24,103,87,190,,
3737,22/09/2008,35,25,97,88,185,,
3742,22/09/2008,44,56,104,127,231,,
3807,22/09/2008,57,58,114,131,245,,
3813,22/09/2008,64,62,121,139,260,,
3827,22/09/2008,24,27,88,91,179,,
3834,22/09/2008,53,46,110,113,223,,
3857,22/09/2008,71,39,131,104,235,,
3894,22/09/2008,41,38,101,103,204,,
3963,22/09/2008,37,27,99,91,190,,
4040,22/09/2008,43,32,103,97,200,,
4059,22/09/2008,21,14,85,71,156,,
4062,22/09/2008,21,29,85,93,178,,
4109,22/09/2008,29,28,92,92,184,,
4153,22/09/2008,65,55,122,126,248,,
4165,22/09/2008,55,47,112,114,226,,
4191,22/09/2008,41,39,101,104,205,,
4195,22/09/2008,56,45,113,111,224,,
4215,22/09/2008,18,22,81,85,166,,
4253,22/09/2008,47,39,106,104,210,,
25,15/09/2008,72,54,133,124,257,,
50,15/09/2008,62,46,119,113,232,,
69,15/09/2008,43,52,103,121,224,,
81,15/09/2008,42,30,102,94,196,,
82,15/09/2008,37,28,99,92,191,,
152,15/09/2008,43,38,103,102,205,,
159,15/09/2008,44,31,104,95,199,,
165,15/09/2008,57,35,114,99,213,,
217,15/09/2008,69,54,127,124,251,,
229,15/09/2008,74,55,137,125,262,,
333,15/09/2008,59,30,116,94,210,,
339,15/09/2008,50,44,108,110,218,,
402,15/09/2008,62,54,119,124,243,,
412,15/09/2008,57,46,114,112,226,,
414,15/09/2008,65,60,122,134,256,,
462,15/09/2008,59,51,116,119,235,,
469,15/09/2008,44,49,104,116,220,,
489,15/09/2008,61,49,117,116,233,,
566,15/09/2008,39,46,100,113,213,,
573,15/09/2008,44,23,104,86,190,,
587,15/09/2008,44,37,104,101,205,,
613,15/09/2008,15,38,76,102,178,,
627,15/09/2008,48,47,106,114,220,,
637,15/09/2008,57,50,114,118,232,,
815,15/09/2008,66,62,123,138,261,,
828,15/09/2008,38,24,99,87,186,,
865,15/09/2008,58,51,115,119,234,,
879,15/09/2008,41,44,101,110,211,,
915,15/09/2008,76,56,141,127,268,,
939,15/09/2008,57,48,114,115,229,,
961,15/09/2008,19,25,82,88,170,,
998,15/09/2008,24,38,88,102,190,,
1011,15/09/2008,48,39,106,104,210,,
1057,15/09/2008,48,43,106,109,215,,
1082,15/09/2008,57,51,114,119,233,,
1127,15/09/2008,41,33,101,97,198,,
1158,15/09/2008,62,44,119,110,229,,
1287,15/09/2008,50,21,108,83,191,,
1368,15/09/2008,59,42,116,107,223,,
1369,15/09/2008,66,53,123,122,245,,
1372,15/09/2008,53,38,110,102,212,,
1376,15/09/2008,51,33,109,97,206,,
1427,15/09/2008,75,55,139,125,264,,
1443,15/09/2008,54,37,111,101,212,,
1469,15/09/2008,36,18,98,79,177,,
1499,15/09/2008,35,23,97,86,183,,
1544,15/09/2008,76,51,141,119,260,,
1546,15/09/2008,46,45,105,111,216,,
1667,15/09/2008,35,23,97,86,183,,
1724,15/09/2008,50,49,108,116,224,,
1841,15/09/2008,44,47,104,114,218,,
1865,15/09/2008,52,41,110,106,216,,
1871,15/09/2008,49,39,107,104,211,,
1923,15/09/2008,43,35,103,99,202,,
2039,15/09/2008,68,50,126,118,244,,
2127,15/09/2008,72,40,133,105,238,,
2135,15/09/2008,32,19,95,81,176,,
2174,15/09/2008,62,45,119,111,230,,
2220,15/09/2008,74,42,137,107,244,,
2325,15/09/2008,48,37,106,101,207,,
2398,15/09/2008,74,66,137,141,278,,
2427,15/09/2008,68,51,126,119,245,,
2434,15/09/2008,64,61,121,136,257,,
2435,15/09/2008,61,50,117,118,235,,
2469,15/09/2008,44,43,104,109,213,,
2483,15/09/2008,49,32,107,97,204,,
2712,15/09/2008,37,28,99,92,191,,
2714,15/09/2008,43,31,103,95,198,,
2780,15/09/2008,61,59,117,133,250,,
2788,15/09/2008,48,23,106,86,192,,
2811,15/09/2008,39,40,100,105,205,,
2921,15/09/2008,60,44,117,110,227,,
3046,15/09/2008,48,32,106,96,202,,
3134,15/09/2008,24,29,88,93,181,,
3135,15/09/2008,19,40,82,105,187,,
3158,15/09/2008,73,51,135,119,254,,
3161,15/09/2008,24,21,88,83,171,,
3177,15/09/2008,57,56,114,127,241,,
3178,15/09/2008,72,49,133,116,249,,
3188,15/09/2008,66,56,123,127,250,,
3194,15/09/2008,76,57,141,129,270,,
3265,15/09/2008,76,59,141,133,274,,
3280,15/09/2008,44,32,104,97,201,,
3300,15/09/2008,22,29,86,93,179,,
3307,15/09/2008,38,23,99,86,185,,
3366,15/09/2008,37,29,99,93,192,,
3424,15/09/2008,20,21,84,84,168,,
3529,15/09/2008,39,48,100,115,215,,
3533,15/09/2008,26,33,90,97,187,,
3545,15/09/2008,57,47,114,114,228,,
3546,15/09/2008,52,,110,,110,,
3589,15/09/2008,64,47,121,114,235,,
3616,15/09/2008,76,57,141,129,270,,
3637,15/09/2008,68,48,126,115,241,,
3648,15/09/2008,40,50,101,118,219,,
3796,15/09/2008,57,52,114,121,235,,
3809,15/09/2008,33,,96,,96,,
3810,15/09/2008,10,,69,,69,,
3818,15/09/2008,39,55,100,125,225,,
3826,15/09/2008,53,41,110,106,216,,
3958,15/09/2008,42,51,102,119,221,,
4008,15/09/2008,33,31,96,95,191,,
4084,15/09/2008,15,22,76,85,161,,
4135,15/09/2008,32,34,95,98,193,,
4143,15/09/2008,66,54,123,124,247,,
4150,15/09/2008,63,56,119,127,246,,
4224,15/09/2008,54,44,111,110,221,,
163,08/09/2008,33,41,95,106,201,,
170,08/09/2008,50,40,108,105,213,,
177,08/09/2008,79,68,141,141,282,,
230,08/09/2008,69,51,127,119,246,,
251,08/09/2008,37,23,98,86,184,,
271,08/09/2008,59,48,115,115,230,,
280,08/09/2008,53,53,110,122,232,,
320,08/09/2008,41,31,101,95,196,,
356,08/09/2008,69,50,127,118,245,,
413,08/09/2008,69,52,127,121,248,,
423,08/09/2008,49,46,107,112,219,,
446,08/09/2008,27,36,90,100,190,,
531,08/09/2008,31,35,94,99,193,,
582,08/09/2008,36,27,97,91,188,,
636,08/09/2008,26,33,90,97,187,,
647,08/09/2008,73,49,134,116,250,,
652,08/09/2008,60,51,116,119,235,,
707,08/09/2008,72,63,132,141,273,,
737,08/09/2008,45,40,104,105,209,,
799,08/09/2008,27,19,90,81,171,,
888,08/09/2008,48,49,106,116,222,,
909,08/09/2008,59,47,116,114,230,,
917,08/09/2008,53,49,110,116,226,,
1039,08/09/2008,20,21,83,83,166,,
1047,08/09/2008,70,58,129,131,260,,
1067,08/09/2008,31,38,94,102,196,,
1114,08/09/2008,28,33,91,97,188,,
1141,08/09/2008,47,30,105,94,199,,
1243,08/09/2008,62,55,118,125,243,,
1317,08/09/2008,68,58,125,131,256,,
1328,08/09/2008,71,59,130,133,263,,
1354,08/09/2008,66,40,123,105,228,,
1435,08/09/2008,32,36,94,100,194,,
1456,08/09/2008,69,48,127,115,242,,
1562,08/09/2008,57,53,113,122,235,,
1688,08/09/2008,52,46,110,112,222,,
1799,08/09/2008,54,50,111,118,229,,
1808,08/09/2008,49,26,107,89,196,,
1842,08/09/2008,27,26,90,89,179,,
1876,08/09/2008,41,44,101,110,211,,
1902,08/09/2008,48,48,106,115,221,,
1933,08/09/2008,45,47,104,114,218,,
1952,08/09/2008,51,45,108,111,219,,
1964,08/09/2008,69,34,127,98,225,,
2025,08/09/2008,43,39,102,104,206,,
2193,08/09/2008,74,60,136,134,270,,
2211,08/09/2008,66,49,123,116,239,,
2318,08/09/2008,67,55,124,125,249,,
2335,08/09/2008,73,61,134,136,270,,
2369,08/09/2008,70,55,129,125,254,,
2373,08/09/2008,46,39,104,104,208,,
2466,08/09/2008,35,31,97,95,192,,
2540,08/09/2008,21,31,84,95,179,,
2579,08/09/2008,27,43,90,109,199,,
2656,08/09/2008,45,48,104,115,219,,
2666,08/09/2008,9,30,69,94,163,,
2707,08/09/2008,34,15,96,74,170,,
2741,08/09/2008,33,31,95,95,190,,
2747,08/09/2008,31,40,94,105,199,,
2754,08/09/2008,31,21,94,83,177,,
2776,08/09/2008,76,63,141,141,282,,
2786,08/09/2008,52,33,109,97,206,,
2791,08/09/2008,67,56,124,127,251,,
2826,08/09/2008,66,46,123,112,235,,
2831,08/09/2008,64,58,120,131,251,,
2852,08/09/2008,64,46,120,112,232,,
2869,08/09/2008,61,54,117,124,241,,
2885,08/09/2008,67,53,124,122,246,,
2892,08/09/2008,55,50,112,118,230,,
2907,08/09/2008,68,60,125,134,259,,
2908,08/09/2008,70,61,129,136,265,,
2913,08/09/2008,68,52,125,121,246,,
2929,08/09/2008,69,57,127,129,256,,
2930,08/09/2008,51,,108,,108,,
2950,08/09/2008,24,25,87,88,175,,
3015,08/09/2008,63,49,119,116,235,,
3056,08/09/2008,58,44,115,110,225,,
3062,08/09/2008,76,52,141,121,262,,
3113,08/09/2008,41,34,101,98,199,,
3118,08/09/2008,29,53,92,122,214,,
3128,08/09/2008,59,45,115,111,226,,
3191,08/09/2008,59,49,115,116,231,,
3243,08/09/2008,67,46,124,112,236,,
3285,08/09/2008,23,18,87,79,166,,
3287,08/09/2008,30,23,93,86,179,,
3323,08/09/2008,26,35,90,99,189,,
3372,08/09/2008,18,33,81,97,178,,
3409,08/09/2008,27,26,90,89,179,,
3449,08/09/2008,34,36,96,100,196,,
3551,08/09/2008,36,36,97,100,197,,
3571,08/09/2008,57,48,113,115,228,,
3588,08/09/2008,62,52,118,121,239,,
3592,08/09/2008,67,46,124,112,236,,
3593,08/09/2008,49,56,107,127,234,,
3709,08/09/2008,27,,90,,90,,
3755,08/09/2008,49,47,107,114,221,,
3757,08/09/2008,44,46,103,112,215,,
3806,08/09/2008,42,35,102,99,201,,
3829,08/09/2008,43,36,102,100,202,,
3902,08/09/2008,48,36,106,100,206,,
3936,08/09/2008,62,49,118,116,234,,
3966,08/09/2008,68,55,125,125,250,,
4022,08/09/2008,69,52,127,121,248,,
4056,08/09/2008,11,21,69,83,152,,
4079,08/09/2008,38,27,99,91,190,,
4110,08/09/2008,23,24,86,87,173,,
4232,08/09/2008,60,51,116,119,235,,
4,01/09/2008,58,46,115,112,227,,
42,01/09/2008,22,27,85,91,176,,
56,01/09/2008,60,63,116,141,257,,
89,01/09/2008,50,41,108,106,214,,
114,01/09/2008,46,47,104,114,218,,
184,01/09/2008,65,52,121,121,242,,
210,01/09/2008,56,47,113,114,227,,
235,01/09/2008,75,61,139,136,275,,
309,01/09/2008,55,51,112,119,231,,
420,01/09/2008,59,60,115,134,249,,
508,01/09/2008,35,30,97,94,191,,
521,01/09/2008,66,58,123,131,254,,
592,01/09/2008,27,37,90,101,191,,
659,01/09/2008,21,15,84,74,158,,
685,01/09/2008,31,24,94,87,181,,
744,01/09/2008,17,30,79,94,173,,
764,01/09/2008,44,41,103,106,209,,
776,01/09/2008,50,28,108,92,200,,
779,01/09/2008,21,17,84,77,161,,
823,01/09/2008,48,45,106,111,217,,
827,01/09/2008,55,33,112,97,209,,
835,01/09/2008,37,28,98,92,190,,
936,01/09/2008,54,22,111,85,196,,
964,01/09/2008,27,15,90,74,164,,
966,01/09/2008,54,45,111,111,222,,
984,01/09/2008,70,46,129,112,241,,
986,01/09/2008,27,35,90,99,189,,
1002,01/09/2008,37,26,98,89,187,,
1014,01/09/2008,29,26,92,89,181,,
1065,01/09/2008,34,43,96,109,205,,
1100,01/09/2008,31,51,94,119,213,,
1247,01/09/2008,54,59,111,133,244,,
1327,01/09/2008,47,42,105,107,212,,
1362,01/09/2008,60,44,116,110,226,,
1508,01/09/2008,55,43,112,109,221,,
1750,01/09/2008,60,49,116,116,232,,
1790,01/09/2008,45,43,104,109,213,,
1854,01/09/2008,59,43,115,109,224,,
1893,01/09/2008,49,38,107,102,209,,
2012,01/09/2008,28,18,91,79,170,,
2047,01/09/2008,60,44,116,110,226,,
2057,01/09/2008,46,30,104,94,198,,
2072,01/09/2008,69,54,127,124,251,,
2142,01/09/2008,69,45,127,111,238,,
2144,01/09/2008,58,45,115,111,226,,
2258,01/09/2008,69,55,127,125,252,,
2412,01/09/2008,48,53,106,122,228,,
2454,01/09/2008,36,21,97,83,180,,
2475,01/09/2008,50,48,108,115,223,,
2573,01/09/2008,70,60,129,134,263,,
2620,01/09/2008,71,54,130,124,254,,
2624,01/09/2008,55,45,112,111,223,,
2692,01/09/2008,51,51,108,119,227,,
2775,01/09/2008,65,61,121,136,257,,
2793,01/09/2008,67,45,124,111,235,,
2868,01/09/2008,37,35,98,99,197,,
2882,01/09/2008,64,55,120,125,245,,
2894,01/09/2008,72,57,132,129,261,,
2910,01/09/2008,72,54,132,124,256,,
2914,01/09/2008,59,54,115,124,239,,
2947,01/09/2008,53,46,110,112,222,,
2968,01/09/2008,22,35,85,99,184,,
2976,01/09/2008,60,61,116,136,252,,
3013,01/09/2008,56,42,113,107,220,,
3021,01/09/2008,49,42,107,107,214,,
3075,01/09/2008,46,46,104,112,216,,
3112,01/09/2008,21,44,84,110,194,,
3127,01/09/2008,28,39,91,104,195,,
3216,01/09/2008,50,33,108,97,205,,
3238,01/09/2008,70,53,129,122,251,,
3251,01/09/2008,58,54,115,124,239,,
3273,01/09/2008,57,57,113,129,242,,
3392,01/09/2008,32,45,94,111,205,,
3414,01/09/2008,24,23,87,86,173,,
3494,01/09/2008,28,20,91,82,173,,
3504,01/09/2008,16,18,78,79,157,,
3560,01/09/2008,35,44,97,110,207,,
3636,01/09/2008,42,38,102,102,204,,
3640,01/09/2008,19,12,82,69,151,,
3697,01/09/2008,70,52,129,121,250,,
3708,01/09/2008,19,32,82,96,178,,
3724,01/09/2008,62,53,118,122,240,,
3824,01/09/2008,8,26,69,89,158,,
3851,01/09/2008,66,43,123,109,232,,
3974,01/09/2008,55,53,112,122,234,,
4033,01/09/2008,69,46,127,112,239,,
4067,01/09/2008,58,46,115,112,227,,
4196,01/09/2008,39,31,99,95,194,,
